12132,608340,ITALY - ODYSSEY TRAVEL,Expired,ITALY - ODYSSEY TRAVEL,2024-09-02,2024-09-02,2024-05-29,2024-09-02,GRP-EU-WH,C,8,Y,N,AA,Y,N,,,,,,,,EU-608340,0,Y,"L:5|7AA-0AA/0A,7.5|9.5AA-0AA/0A,10|12AA-1AA/0A,12.5|14.5AA-1AA/0A,15|17AA-2AA/0A,17.5|19.5AA-2AA/0A,20|22AA-2AA/0A,22.5|24AA-2AA/0A,48X;A:5|7AA-0AA/0A,7.5|9.5AA-0AA/0A,10|12AA-0AA/0A,12.5|14.5AA-0AA/0A,15|17AA-0AA/0A,17.5|19.5AA-0AA/0A,20|22AA-0AA/0A,22.5|24AA-0AA/0A,48X",0,,<CarOver24Hrs>N</CarOver24Hrs><FlexPKGProfile>N</FlexPKGProfile>,N,1900-01-01,Hager_W,2024-05-29 00:00:00.000,Hager_W,2024-12-10 17:44:31.283,2024-05-29 00:00:00.000,9999-12-31 00:00:00.000,2025-04-08 08:40:08.187,1
12133,608347,ITALY - DIVINCENZO FAMILY,Expired,ITALY - DIVINCENZO FAMILY,2025-10-12,2025-10-12,2024-05-29,2025-10-12,GRP-EU-WH,C,8,Y,N,AA,Y,N,,,,,,,,EU-608347,0,Y,"L:5|7AA-0AA/0A,7.5|9.5AA-0AA/0A,10|12AA-1AA/0A,12.5|14.5AA-1AA/0A,15|17AA-2AA/0A,17.5|19.5AA-2AA/0A,20|22AA-2AA/0A,22.5|24AA-2AA/0A,48X;A:5|7AA-0AA/0A,7.5|9.5AA-0AA/0A,10|12AA-0AA/0A,12.5|14.5AA-0AA/0A,15|17AA-0AA/0A,17.5|19.5AA-0AA/0A,20|22AA-0AA/0A,22.5|24AA-0AA/0A,48X",20,,<CarOver24Hrs>N</CarOver24Hrs><FlexPKGProfile>N</FlexPKGProfile>,N,1900-01-01,Hager_W,2024-05-29 00:00:00.000,Hager_W,2024-06-07 15:06:18.040,2024-05-29 00:00:00.000,9999-12-31 00:00:00.000,2025-04-08 08:40:08.187,1
12862,617372,"2025 Taste of Scotland & Ireland- 10 Days/9 Nights- Making Travel Memories- October 12, 2025",Active,"2025 Taste of Scotland & Ireland- 10 Days/9 Nights- Making Travel Memories- October 12, 2025",2025-10-12,2025-10-12,2010-01-01,2025-12-31,SCH-GB-SCA,C,10,Y,N,AA/AAA,Y,N,,<Main><AirOffset>1</AirOffset><FromCity>NYC</FromCity><ToCity>EDI</ToCity><ReturnFromCity>SNN</ReturnFromCity><ReturnToCity>NYC</ReturnToCity><AirReturnOffset></AirReturnOffset></Main><AIWhoStamp>Biggins_Tr</AIWhoStamp><AIDateStamp>2022-09-06 17:00:31.000</AIDateStamp>,,,<Pre><Service><ProductCode>UKPRENIGHTS</ProductCode><SupplierID>GB-GLA-GTH</SupplierID><ServiceID>STD-SBB</ServiceID></Service></Pre>,<Post><Last>Y</Last></Post>,,SCA25,0,N,,16,,"<CarOver24Hrs>N</CarOver24Hrs><PrefCommMethod></PrefCommMethod><Destination>GLA,NAI,EDI,KER,DUB,LIM</Destination><FlexPKGProfile>N</FlexPKGProfile>",Y,1900-01-01,Markle_M,2024-10-08 00:00:00.000,Lyons_S,2025-01-09 11:49:18.943,2024-10-08 00:00:00.000,2025-08-05 05:24:08.580,2025-04-08 08:40:08.187,0
15690,617506,"2026 Taste of Italy with Sorrento - 10 Days/9 Nights - Travelsmiths - June 28, 2026",Pending,"2026 Taste of Italy with Sorrento - 10 Days/9 Nights - Travelsmiths - June 28, 2026",2026-06-28,2026-06-28,2010-01-01,2026-12-31,SCH-IT-ITT,C,10,Y,N,AA/AAA,Y,N,,<Main><AirOffset>1</AirOffset><FromCity>NYC</FromCity><ToCity>VCE</ToCity><ReturnFromCity>NAP</ReturnFromCity><ReturnToCity>NYC</ReturnToCity><AirReturnOffset></AirReturnOffset></Main><AIWhoStamp>McInerney_M</AIWhoStamp><AIDateStamp>2019-06-21 09:20:08.000</AIDateStamp>,,,<Pre><First>Y</First></Pre>,<Post><Last>Y</Last></Post>,,ITT26,0,N,,30,,"<CarOver24Hrs>N</CarOver24Hrs><PrefCommMethod></PrefCommMethod><Destination>ROM,RRO,VCE,FLR</Destination><FlexPKGProfile>N</FlexPKGProfile>",Y,1900-01-01,doig_l,2024-10-10 00:00:00.000,edwards_ki,2025-04-28 10:43:23.593,2025-04-28 19:00:19.260,2025-06-04 07:10:59.440,2025-04-28 19:00:19.260,0
16493,617506,"2026 Taste of Italy with Sorrento - 10 Days/9 Nights - Travelsmiths - June 28, 2026",Pending,"2026 Taste of Italy with Sorrento - 10 Days/9 Nights - Travelsmiths - June 28, 2026",2026-06-28,2026-06-28,2010-01-01,2026-12-31,SCH-IT-ITT,C,10,Y,N,AA/AAA,Y,N,,<Main><AirOffset>1</AirOffset><FromCity>NYC</FromCity><ToCity>VCE</ToCity><ReturnFromCity>NAP</ReturnFromCity><ReturnToCity>NYC</ReturnToCity><AirReturnOffset></AirReturnOffset></Main><AIWhoStamp>McInerney_M</AIWhoStamp><AIDateStamp>2019-06-21 09:20:08.000</AIDateStamp>,,,<Pre><First>Y</First></Pre>,<Post><Last>Y</Last></Post>,,ITT26,0,N,,30,,"<CarOver24Hrs>N</CarOver24Hrs><PrefCommMethod></PrefCommMethod><Destination>ROM,RRO,VCE,FLR</Destination><FlexPKGProfile>N</FlexPKGProfile>",Y,1900-01-01,doig_l,2024-10-10 00:00:00.000,Tancred_E,2025-05-09 16:18:37.563,2025-05-10 04:34:51.893,2025-06-04 07:10:59.440,2025-05-10 04:34:51.893,0
17718,617506,"2026 Taste of Italy with Sorrento - 10 Days/9 Nights - Travelsmiths - June 28, 2026",Pending,"2026 Taste of Italy with Sorrento - 10 Days/9 Nights - Travelsmiths - June 28, 2026",2026-06-28,2026-06-28,2010-01-01,2026-12-31,SCH-IT-ITT,C,10,Y,N,AA/AAA,Y,N,,<Main><AirOffset>1</AirOffset><FromCity>NYC</FromCity><ToCity>VCE</ToCity><ReturnFromCity>NAP</ReturnFromCity><ReturnToCity>NYC</ReturnToCity><AirReturnOffset></AirReturnOffset></Main><AIWhoStamp>McInerney_M</AIWhoStamp><AIDateStamp>2019-06-21 09:20:08.000</AIDateStamp>,,,<Pre><First>Y</First></Pre>,<Post><Last>Y</Last></Post>,,ITT26,0,N,,30,,"<CarOver24Hrs>N</CarOver24Hrs><PrefCommMethod></PrefCommMethod><Destination>ROM,RRO,VCE,FLR</Destination><FlexPKGProfile>N</FlexPKGProfile>",Y,1900-01-01,doig_l,2024-10-10 00:00:00.000,Lyons_S,2025-05-29 14:22:35.750,2025-05-30 06:58:40.317,2025-06-04 07:10:59.440,2025-05-30 06:58:40.317,0
12881,617507,Classy Destinations,Active,Classy Destinations,2025-07-13,2025-07-13,2024-10-10,2025-04-29,GRP-IE-KS-1,C,8,Y,N,AA,Y,Y,,,,,,,,IE-617507,0,Y,"L:5|7AA-0AA/0A,7.5|9.5AA-0AA/0A,19X;A:5|7AA-0AA/0A,7.5|9.5AA-0AA/0A,19X",10,,<CarOver24Hrs>N</CarOver24Hrs><FlexPKGProfile>N</FlexPKGProfile>,Y,1900-01-01,Smith_K,2024-10-10 00:00:00.000,Larkin_B,2025-03-27 15:12:34.673,2024-10-10 00:00:00.000,2025-07-25 04:41:47.517,2025-04-08 08:40:08.187,0
16494,617507,Classy Destinations,Active,Classy Destinations,2025-07-13,2025-07-13,2024-10-10,2025-04-29,GRP-IE-KS-1,C,8,Y,N,AA,Y,Y,,,,,,,,IE-617507,0,Y,"L:5|7AA-0AA/0A,7.5|9.5AA-0AA/0A,19X;A:5|7AA-0AA/0A,7.5|9.5AA-0AA/0A,19X",10,,<CarOver24Hrs>N</CarOver24Hrs><FlexPKGProfile>N</FlexPKGProfile>,Y,1900-01-01,Smith_K,2024-10-10 00:00:00.000,Mahoney_he,2025-05-09 20:30:45.077,2025-05-10 04:34:51.893,2025-07-25 04:41:47.517,2025-05-10 04:34:51.893,0
12882,617517,GLOBAL LINK TRAVEL NETWORK,Expired,GLOBAL LINK TRAVEL NETWORK,2025-06-01,2025-06-01,2024-10-10,2025-06-01,GRP-IE-WH,C,6,Y,N,AA,Y,N,,,,,,,,IE-617517,0,Y,"L:5|7AA-0AA/0A,7.5|9.5AA-0AA/0A,10|12AA-1AA/0A,12.5|14.5AA-1AA/0A,15|17AA-2AA/0A,17.5|19.5AA-2AA/0A,20|22AA-2AA/0A,22.5|24AA-2AA/0A,48X;A:5|7AA-0AA/0A,7.5|9.5AA-0AA/0A,10|12AA-0AA/0A,12.5|14.5AA-0AA/0A,15|17AA-0AA/0A,17.5|19.5AA-0AA/0A,20|22AA-0AA/0A,22.5|24AA-0AA/0A,48X",20,,<CarOver24Hrs>N</CarOver24Hrs><FlexPKGProfile>N</FlexPKGProfile>,N,1900-01-01,Hager_W,2024-10-10 00:00:00.000,Hager_W,2024-12-09 17:27:15.047,2024-10-10 00:00:00.000,2025-07-25 04:41:47.517,2025-04-08 08:40:08.187,0
17964,617517,GLOBAL LINK TRAVEL NETWORK,Expired,GLOBAL LINK TRAVEL NETWORK,2025-06-01,2025-06-01,2024-10-10,2025-06-01,GRP-IE-WH,C,6,Y,N,AA,Y,N,,,,,,,,IE-617517,0,Y,"L:5|7AA-0AA/0A,7.5|9.5AA-0AA/0A,10|12AA-1AA/0A,12.5|14.5AA-1AA/0A,15|17AA-2AA/0A,17.5|19.5AA-2AA/0A,20|22AA-2AA/0A,22.5|24AA-2AA/0A,48X;A:5|7AA-0AA/0A,7.5|9.5AA-0AA/0A,10|12AA-0AA/0A,12.5|14.5AA-0AA/0A,15|17AA-0AA/0A,17.5|19.5AA-0AA/0A,20|22AA-0AA/0A,22.5|24AA-0AA/0A,48X",0,,<CarOver24Hrs>N</CarOver24Hrs><FlexPKGProfile>N</FlexPKGProfile>,N,1900-01-01,Hager_W,2024-10-10 00:00:00.000,Hager_W,2024-12-09 17:27:15.047,2025-06-01 06:02:40.040,9999-12-31 00:00:00.000,2025-06-01 06:02:40.040,1
12883,617523,FAM - UK Guides,Internal,FAM - UK Guides,2024-11-02,2024-11-02,2024-10-11,2024-11-02,FAM-GB,C,7,Y,N,AA,Y,N,,,,,,,,GB-617523,0,Y,"L:5|7AA-0AA/0A,7.5|9.5AA-0AA/0A,19X;A:5|7AA-0AA/0A,7.5|9.5AA-0AA/0A,19X",12,,<CarOver24Hrs>N</CarOver24Hrs><FlexPKGProfile>N</FlexPKGProfile>,Y,1900-01-01,Smith_K,2024-10-11 00:00:00.000,Tancred_E,2024-12-09 11:21:15.777,2024-10-11 00:00:00.000,9999-12-31 00:00:00.000,2025-04-08 08:40:08.187,1
12884,617526,SEE THE WORLD,Pending,SEE THE WORLD,2025-07-23,2025-07-23,2024-10-11,2025-07-23,GRP-IE-WH,C,9,Y,N,AA,Y,N,,,,,,,,IE-617526,0,Y,"L:5|7AA-0AA/0A,7.5|9.5AA-0AA/0A,10|12AA-1AA/0A,12.5|14.5AA-1AA/0A,15|17AA-2AA/0A,17.5|19.5AA-2AA/0A,20|22AA-2AA/0A,22.5|24AA-2AA/0A,48X;A:5|7AA-0AA/0A,7.5|9.5AA-0AA/0A,10|12AA-0AA/0A,12.5|14.5AA-0AA/0A,15|17AA-0AA/0A,17.5|19.5AA-0AA/0A,20|22AA-0AA/0A,22.5|24AA-0AA/0A,48X",20,,<CarOver24Hrs>N</CarOver24Hrs><FlexPKGProfile>N</FlexPKGProfile>,N,1900-01-01,Hager_W,2024-10-11 00:00:00.000,Hager_W,2024-10-11 14:51:46.203,2024-10-11 00:00:00.000,2025-07-25 04:41:47.517,2025-04-08 08:40:08.187,0
15210,617526,SEE THE WORLD,Expired,SEE THE WORLD,2025-07-23,2025-07-23,2024-10-11,2025-07-23,GRP-IE-WH,C,9,Y,N,AA,Y,N,,,,,,,,IE-617526,0,Y,"L:5|7AA-0AA/0A,7.5|9.5AA-0AA/0A,10|12AA-1AA/0A,12.5|14.5AA-1AA/0A,15|17AA-2AA/0A,17.5|19.5AA-2AA/0A,20|22AA-2AA/0A,22.5|24AA-2AA/0A,48X;A:5|7AA-0AA/0A,7.5|9.5AA-0AA/0A,10|12AA-0AA/0A,12.5|14.5AA-0AA/0A,15|17AA-0AA/0A,17.5|19.5AA-0AA/0A,20|22AA-0AA/0A,22.5|24AA-0AA/0A,48X",20,,<CarOver24Hrs>N</CarOver24Hrs><FlexPKGProfile>N</FlexPKGProfile>,N,1900-01-01,Hager_W,2024-10-11 00:00:00.000,Caldeira_N,2025-04-11 22:24:04.750,2025-04-15 09:44:58.910,2025-07-25 04:41:47.517,2025-04-15 09:44:58.910,0
12885,617538,NEXION TRAVEL,Internal,NEXION TRAVEL,2026-05-15,2026-05-15,2024-10-11,2026-05-15,GRP-IE-WH,C,13,Y,N,AA,Y,N,,,,,,,,IE-617538,0,Y,"L:5|7AA-0AA/0A,7.5|9.5AA-0AA/0A,19X;A:5|7AA-0AA/0A,7.5|9.5AA-0AA/0A,19X",15,,<CarOver24Hrs>N</CarOver24Hrs><FlexPKGProfile>N</FlexPKGProfile>,Y,1900-01-01,Hager_W,2024-10-11 00:00:00.000,Hager_W,2025-04-03 22:18:17.113,2024-10-11 00:00:00.000,2025-07-25 04:41:47.517,2025-04-08 08:40:08.187,0
15094,617538,NEXION TRAVEL,Internal,NEXION TRAVEL,2026-05-15,2026-05-15,2024-10-11,2026-05-15,GRP-IE-WH,C,13,Y,N,AA,Y,N,,,,,,,,IE-617538,0,Y,"L:5|7AA-0AA/0A,7.5|9.5AA-0AA/0A,19X;A:5|7AA-0AA/0A,7.5|9.5AA-0AA/0A,19X",15,,<CarOver24Hrs>N</CarOver24Hrs><FlexPKGProfile>N</FlexPKGProfile>,Y,1900-01-01,Hager_W,2024-10-11 00:00:00.000,McCloskey_C,2025-04-09 12:02:11.270,2025-04-10 08:06:55.350,2025-07-25 04:41:47.517,2025-04-10 08:06:55.350,0
15691,617538,NEXION TRAVEL,Internal,NEXION TRAVEL,2026-05-15,2026-05-15,2024-10-11,2026-02-27,GRP-IE-WH,C,13,Y,N,AA,Y,N,,,,,,,,IE-617538,0,Y,"L:5|7AA-0AA/0A,7.5|9.5AA-0AA/0A,19X;A:5|7AA-0AA/0A,7.5|9.5AA-0AA/0A,19X",15,,<CarOver24Hrs>N</CarOver24Hrs><FlexPKGProfile>N</FlexPKGProfile>,Y,1900-01-01,Hager_W,2024-10-11 00:00:00.000,Mahoney_he,2025-04-21 20:04:41.260,2025-04-28 19:00:19.260,2025-07-25 04:41:47.517,2025-04-28 19:00:19.260,0
16063,617538,NEXION TRAVEL,Active,NEXION TRAVEL,2026-05-15,2026-05-15,2024-10-11,2026-02-27,GRP-IE-WH,C,13,Y,N,AA,Y,N,,,,,,,,IE-617538,0,Y,"L:5|7AA-0AA/0A,7.5|9.5AA-0AA/0A,19X;A:5|7AA-0AA/0A,7.5|9.5AA-0AA/0A,19X",15,,<CarOver24Hrs>N</CarOver24Hrs><FlexPKGProfile>N</FlexPKGProfile>,Y,1900-01-01,Hager_W,2024-10-11 00:00:00.000,Mahoney_he,2025-05-01 17:42:44.313,2025-05-02 04:23:56.197,2025-05-07 04:32:23.163,2025-05-02 04:23:56.197,0
16301,617538,NEXION TRAVEL,Active,NEXION TRAVEL,2026-05-15,2026-05-15,2024-10-11,2026-02-27,GRP-IE-WH,C,13,Y,N,AA,Y,N,,,,,,,,IE-617538,0,Y,"L:5|7AA-0AA/0A,7.5|9.5AA-0AA/0A,19X;A:5|7AA-0AA/0A,7.5|9.5AA-0AA/0A,19X",15,,<CarOver24Hrs>N</CarOver24Hrs><FlexPKGProfile>N</FlexPKGProfile>,Y,1900-01-01,Hager_W,2024-10-11 00:00:00.000,Lavery_R,2025-05-06 10:55:40.340,2025-05-07 04:32:50.770,2025-06-13 07:23:24.380,2025-05-07 04:32:50.770,0
13185,621357,"2025 Irish Legends- 10 Days/9 Nights- Labbee/Gancarz- June 6, 2025",Active,"2025 Irish Legends- 10 Days/9 Nights- Labbee/Gancarz- June 6, 2025",2025-06-06,2025-06-06,2010-01-01,2025-12-31,SCH-IE-LEA,C,10,Y,N,AA/AAA,Y,N,,<Main><AirOffset>1</AirOffset><FromCity>NYC</FromCity><ToCity>DUB</ToCity><ReturnFromCity>DUB</ReturnFromCity><ReturnToCity>NYC</ReturnToCity></Main>,,,<Pre><Service><ProductCode>IEPRENIGHTS</ProductCode><SupplierID>IE-MEA-DCA</SupplierID><ServiceID>STD-SBB</ServiceID></Service></Pre>,<Post><Last>Y</Last></Post>,,LEA25,0,N,,12,,"<CarOver24Hrs>N</CarOver24Hrs><PrefCommMethod></PrefCommMethod><Destination>GAL,KIK,MEA,DUB,KER</Destination><FlexPKGProfile>N</FlexPKGProfile>",Y,1900-01-01,doig_l,2024-12-03 00:00:00.000,doig_l,2025-03-25 11:11:27.337,2024-12-03 00:00:00.000,2025-07-25 04:41:47.517,2025-04-08 08:40:08.187,0
15101,621357,"2025 Irish Legends- 10 Days/9 Nights- Labbee/Gancarz- June 6, 2025",Active,"2025 Irish Legends- 10 Days/9 Nights- Labbee/Gancarz- June 6, 2025",2025-06-06,2025-06-06,2010-01-01,2025-12-31,SCH-IE-LEA,C,10,Y,N,AA/AAA,Y,N,,<Main><AirOffset>1</AirOffset><FromCity>NYC</FromCity><ToCity>DUB</ToCity><ReturnFromCity>DUB</ReturnFromCity><ReturnToCity>NYC</ReturnToCity></Main>,,,<Pre><Service><ProductCode>IEPRENIGHTS</ProductCode><SupplierID>IE-MEA-DCA</SupplierID><ServiceID>STD-SBB</ServiceID></Service></Pre>,<Post><Last>Y</Last></Post>,,LEA25,0,N,,11,,"<CarOver24Hrs>N</CarOver24Hrs><PrefCommMethod></PrefCommMethod><Destination>GAL,KIK,MEA,DUB,KER</Destination><FlexPKGProfile>N</FlexPKGProfile>",Y,1900-01-01,doig_l,2024-12-03 00:00:00.000,doig_l,2025-04-08 13:09:16.000,2025-04-10 08:06:55.350,2025-06-04 07:10:59.440,2025-04-10 08:06:55.350,0
15421,621357,"2025 Irish Legends- 10 Days/9 Nights- Labbee/Gancarz- June 6, 2025",Active,"2025 Irish Legends- 10 Days/9 Nights- Labbee/Gancarz- June 6, 2025",2025-06-06,2025-06-06,2010-01-01,2025-12-31,SCH-IE-LEA,C,10,Y,N,AA/AAA,Y,N,,<Main><AirOffset>1</AirOffset><FromCity>NYC</FromCity><ToCity>DUB</ToCity><ReturnFromCity>DUB</ReturnFromCity><ReturnToCity>NYC</ReturnToCity></Main>,,,<Pre><Service><ProductCode>IEPRENIGHTS</ProductCode><SupplierID>IE-MEA-DCA</SupplierID><ServiceID>STD-SBB</ServiceID></Service></Pre>,<Post><Last>Y</Last></Post>,,LEA25,0,N,,11,,"<CarOver24Hrs>N</CarOver24Hrs><PrefCommMethod></PrefCommMethod><Destination>GAL,KIK,MEA,DUB,KER</Destination><FlexPKGProfile>N</FlexPKGProfile>",Y,1900-01-01,doig_l,2024-12-03 00:00:00.000,Stynes_A,2025-04-15 14:53:08.487,2025-04-16 04:53:38.903,2025-06-04 07:10:59.440,2025-04-16 04:53:38.903,0
17730,621357,"2025 Irish Legends- 10 Days/9 Nights- Labbee/Gancarz- June 6, 2025",Active,"2025 Irish Legends- 10 Days/9 Nights- Labbee/Gancarz- June 6, 2025",2025-06-06,2025-06-06,2010-01-01,2025-12-31,SCH-IE-LEA,C,10,Y,N,AA/AAA,Y,N,,<Main><AirOffset>1</AirOffset><FromCity>NYC</FromCity><ToCity>DUB</ToCity><ReturnFromCity>DUB</ReturnFromCity><ReturnToCity>NYC</ReturnToCity></Main>,,,<Pre><Service><ProductCode>IEPRENIGHTS</ProductCode><SupplierID>IE-MEA-DCA</SupplierID><ServiceID>STD-SBB</ServiceID></Service></Pre>,<Post><Last>Y</Last></Post>,,LEA25,0,N,,11,,"<CarOver24Hrs>N</CarOver24Hrs><PrefCommMethod></PrefCommMethod><Destination>GAL,KIK,MEA,DUB,KER</Destination><FlexPKGProfile>N</FlexPKGProfile>",Y,1900-01-01,doig_l,2024-12-03 00:00:00.000,Douglas_P,2025-05-29 12:11:41.070,2025-05-30 06:58:40.317,2025-06-04 07:10:59.440,2025-05-30 06:58:40.317,0
16146,621745,"2026 Taste of Italy - 7 Days/6 Nights - Worldvia - Travel Quest - September 20, 2026",Expired,"2026 Taste of Italy - 7 Days/6 Nights - Worldvia - Travel Quest - September 20, 2026",2026-09-20,2026-09-20,2010-01-01,2026-12-31,SCH-IT-ITT,C,7,Y,N,AA/AAA,Y,N,,<Main><AirOffset>1</AirOffset><FromCity>NYC</FromCity><ToCity>VCE</ToCity><ReturnFromCity>ROM</ReturnFromCity><ReturnToCity>NYC</ReturnToCity><AirReturnOffset></AirReturnOffset></Main><AIWhoStamp>Biggins_Tr</AIWhoStamp><AIDateStamp>2018-09-25 16:53:08.000</AIDateStamp>,,,<Pre><First>Y</First></Pre>,<Post><Last>Y</Last></Post>,,ITT26,0,N,,10,,"<CarOver24Hrs>N</CarOver24Hrs><PrefCommMethod></PrefCommMethod><Destination>ROM,VCE,FLR</Destination><FlexPKGProfile>N</FlexPKGProfile>",Y,1900-01-01,doig_l,2024-12-06 00:00:00.000,doig_l,2025-05-02 19:06:29.170,2025-05-03 04:35:37.930,2025-05-30 06:58:13.120,2025-05-03 04:35:37.930,0
16499,621745,"2026 Taste of Italy - 7 Days/6 Nights - Worldvia - Travel Quest - September 20, 2026",Expired,"2026 Taste of Italy - 7 Days/6 Nights - Worldvia - Travel Quest - September 20, 2026",2026-09-20,2026-09-20,2010-01-01,2026-12-31,SCH-IT-ITT,C,7,Y,N,AA/AAA,Y,N,,<Main><AirOffset>1</AirOffset><FromCity>NYC</FromCity><ToCity>VCE</ToCity><ReturnFromCity>ROM</ReturnFromCity><ReturnToCity>NYC</ReturnToCity><AirReturnOffset></AirReturnOffset></Main><AIWhoStamp>Biggins_Tr</AIWhoStamp><AIDateStamp>2018-09-25 16:53:08.000</AIDateStamp>,,,<Pre><First>Y</First></Pre>,<Post><Last>Y</Last></Post>,,ITT26,0,N,,10,,"<CarOver24Hrs>N</CarOver24Hrs><PrefCommMethod></PrefCommMethod><Destination>ROM,VCE,FLR</Destination><FlexPKGProfile>N</FlexPKGProfile>",Y,1900-01-01,doig_l,2024-12-06 00:00:00.000,Tancred_E,2025-05-09 16:18:37.847,2025-05-10 04:34:51.893,2025-05-30 06:58:13.120,2025-05-10 04:34:51.893,0
16784,621745,"2026 Taste of Italy - 7 Days/6 Nights - Worldvia - Travel Quest - September 20, 2026",Expired,"2026 Taste of Italy - 7 Days/6 Nights - Worldvia - Travel Quest - September 20, 2026",2026-09-20,2026-09-20,2010-01-01,2026-12-31,SCH-IT-ITT,C,7,Y,N,AA/AAA,Y,N,,<Main><AirOffset>1</AirOffset><FromCity>NYC</FromCity><ToCity>VCE</ToCity><ReturnFromCity>ROM</ReturnFromCity><ReturnToCity>NYC</ReturnToCity><AirReturnOffset></AirReturnOffset></Main><AIWhoStamp>Biggins_Tr</AIWhoStamp><AIDateStamp>2018-09-25 16:53:08.000</AIDateStamp>,,,<Pre><First>Y</First></Pre>,<Post><Last>Y</Last></Post>,,ITT26,0,N,,10,,"<CarOver24Hrs>N</CarOver24Hrs><PrefCommMethod></PrefCommMethod><Destination>ROM,VCE,FLR</Destination><FlexPKGProfile>N</FlexPKGProfile>",Y,1900-01-01,doig_l,2024-12-06 00:00:00.000,edwards_ki,2025-05-15 18:23:28.127,2025-05-16 06:42:01.470,2025-05-30 06:58:13.120,2025-05-16 06:42:01.470,0
17731,621745,"2026 Taste of Italy - 7 Days/6 Nights - Worldvia - Travel Quest - September 20, 2026",Expired,"2026 Taste of Italy - 7 Days/6 Nights - Worldvia - Travel Quest - September 20, 2026",2026-09-20,2026-09-20,2010-01-01,2026-12-31,SCH-IT-ITT,C,7,Y,N,AA/AAA,Y,N,,<Main><AirOffset>1</AirOffset><FromCity>NYC</FromCity><ToCity>VCE</ToCity><ReturnFromCity>ROM</ReturnFromCity><ReturnToCity>NYC</ReturnToCity><AirReturnOffset></AirReturnOffset></Main><AIWhoStamp>Biggins_Tr</AIWhoStamp><AIDateStamp>2018-09-25 16:53:08.000</AIDateStamp>,,,<Pre><First>Y</First></Pre>,<Post><Last>Y</Last></Post>,,ITT26,0,N,,10,,"<CarOver24Hrs>N</CarOver24Hrs><PrefCommMethod></PrefCommMethod><Destination>ROM,VCE,FLR</Destination><FlexPKGProfile>N</FlexPKGProfile>",Y,1900-01-01,doig_l,2024-12-06 00:00:00.000,Lyons_S,2025-05-29 14:22:18.093,2025-05-30 06:58:40.317,2025-07-05 06:00:59.987,2025-05-30 06:58:40.317,0
13210,621756,"2025 Classic Sicily- 8 Days/7 Nights- Cruise Planners- November 7, 2025",Active,"2025 Classic Sicily- 8 Days/7 Nights- Cruise Planners- November 7, 2025",2025-11-07,2025-11-07,2024-06-04,2025-12-31,SCH-IT-SLA,C,8,Y,N,AA/AAA,Y,N,,<Main><AirOffset>1</AirOffset><FromCity>NYC</FromCity><ToCity>PMO</ToCity><ReturnFromCity>PMO</ReturnFromCity><ReturnToCity>NYC</ReturnToCity><AirReturnOffset></AirReturnOffset></Main><AIWhoStamp>Lyons_S</AIWhoStamp><AIDateStamp>2024-03-06 15:56:05.000</AIDateStamp>,,,<Pre><Service><ProductCode>ITPRENIGHTS</ProductCode><SupplierID>IT-PMO-NHP</SupplierID><ServiceID>STD-SBB</ServiceID></Service></Pre>,<Post><Last>Y</Last></Post>,,SLA25,0,N,,17,,"<CarOver24Hrs>N</CarOver24Hrs><PrefCommMethod></PrefCommMethod><Destination>AGO,PMO,TFC</Destination><FlexPKGProfile>N</FlexPKGProfile>",Y,1900-01-01,doig_l,2024-12-06 00:00:00.000,edwards_ki,2025-04-02 13:20:50.570,2024-12-06 00:00:00.000,2025-06-02 06:17:12.000,2025-04-08 08:40:08.187,0
15723,621756,"2025 Classic Sicily- 8 Days/7 Nights- Cruise Planners- November 7, 2025",Active,"2025 Classic Sicily- 8 Days/7 Nights- Cruise Planners- November 7, 2025",2025-11-07,2025-11-07,2024-06-04,2025-12-31,SCH-IT-SLA,C,8,Y,N,AA/AAA,Y,N,,<Main><AirOffset>1</AirOffset><FromCity>NYC</FromCity><ToCity>PMO</ToCity><ReturnFromCity>PMO</ReturnFromCity><ReturnToCity>NYC</ReturnToCity><AirReturnOffset></AirReturnOffset></Main><AIWhoStamp>Lyons_S</AIWhoStamp><AIDateStamp>2024-03-06 15:56:05.000</AIDateStamp>,,,<Pre><Service><ProductCode>ITPRENIGHTS</ProductCode><SupplierID>IT-PMO-NHP</SupplierID><ServiceID>STD-SBB</ServiceID></Service></Pre>,<Post><Last>Y</Last></Post>,,SLA25,0,N,,17,,"<CarOver24Hrs>N</CarOver24Hrs><PrefCommMethod></PrefCommMethod><Destination>AGO,PMO,TFC</Destination><FlexPKGProfile>N</FlexPKGProfile>",Y,1900-01-01,doig_l,2024-12-06 00:00:00.000,Foster_S,2025-04-23 10:42:10.213,2025-04-28 19:00:19.260,2025-06-02 06:17:12.000,2025-04-28 19:00:19.260,0
17981,621756,"2025 Classic Sicily- 8 Days/7 Nights- Cruise Planners- November 7, 2025",Active,"2025 Classic Sicily- 8 Days/7 Nights- Cruise Planners- November 7, 2025",2025-11-07,2025-11-07,2024-06-04,2025-12-31,SCH-IT-SLA,C,8,Y,N,AA/AAA,Y,N,,<Main><AirOffset>1</AirOffset><FromCity>NYC</FromCity><ToCity>PMO</ToCity><ReturnFromCity>PMO</ReturnFromCity><ReturnToCity>NYC</ReturnToCity><AirReturnOffset></AirReturnOffset></Main><AIWhoStamp>Lyons_S</AIWhoStamp><AIDateStamp>2024-03-06 15:56:05.000</AIDateStamp>,,,<Pre><Service><ProductCode>ITPRENIGHTS</ProductCode><SupplierID>IT-PMO-NHP</SupplierID><ServiceID>STD-SBB</ServiceID></Service></Pre>,<Post><Last>Y</Last></Post>,,SLA25,0,N,,17,,"<CarOver24Hrs>N</CarOver24Hrs><PrefCommMethod></PrefCommMethod><Destination>AGO,PMO,TFC</Destination><FlexPKGProfile>N</FlexPKGProfile>",Y,1900-01-01,doig_l,2024-12-06 00:00:00.000,Lyons_S,2025-06-01 19:29:57.430,2025-06-02 06:17:57.060,2025-07-17 05:20:38.223,2025-06-02 06:17:57.060,0
13211,621793,Sharon Rodi Group,Expired,Sharon Rodi Group,2025-05-15,2025-05-15,2024-12-06,2025-05-15,GRP-IE-KS-1,C,8,Y,N,AA,Y,N,,,,,,,,IE-621793,0,Y,"L:5|7AA-0AA/0A,7.5|9.5AA-0AA/0A,10|12AA-1AA/0A,12.5|14.5AA-1AA/0A,15|17AA-2AA/0A,17.5|19.5AA-2AA/0A,20|22AA-2AA/0A,22.5|24AA-2AA/0A,48X;A:5|7AA-0AA/0A,7.5|9.5AA-0AA/0A,10|12AA-0AA/0A,12.5|14.5AA-0AA/0A,15|17AA-0AA/0A,17.5|19.5AA-0AA/0A,20|22AA-0AA/0A,22.5|24AA-0AA/0A,48X",10,,<CarOver24Hrs>N</CarOver24Hrs><FlexPKGProfile>N</FlexPKGProfile>,N,1900-01-01,Smith_K,2024-12-06 00:00:00.000,Smith_K,2025-02-04 13:40:34.073,2024-12-06 00:00:00.000,2025-07-25 04:41:47.517,2025-04-08 08:40:08.187,0
16736,621793,Sharon Rodi Group,Expired,Sharon Rodi Group,2025-05-15,2025-05-15,2024-12-06,2025-05-15,GRP-IE-KS-1,C,8,Y,N,AA,Y,N,,,,,,,,IE-621793,0,Y,"L:5|7AA-0AA/0A,7.5|9.5AA-0AA/0A,10|12AA-1AA/0A,12.5|14.5AA-1AA/0A,15|17AA-2AA/0A,17.5|19.5AA-2AA/0A,20|22AA-2AA/0A,22.5|24AA-2AA/0A,48X;A:5|7AA-0AA/0A,7.5|9.5AA-0AA/0A,10|12AA-0AA/0A,12.5|14.5AA-0AA/0A,15|17AA-0AA/0A,17.5|19.5AA-0AA/0A,20|22AA-0AA/0A,22.5|24AA-0AA/0A,48X",0,,<CarOver24Hrs>N</CarOver24Hrs><FlexPKGProfile>N</FlexPKGProfile>,N,1900-01-01,Smith_K,2024-12-06 00:00:00.000,Smith_K,2025-02-04 13:40:34.073,2025-05-15 06:44:55.347,9999-12-31 00:00:00.000,2025-05-15 06:44:55.347,1
13212,621801,Harmony Travel,Expired,Harmony Travel,2025-08-08,2025-08-08,2024-12-06,2025-08-08,GRP-IE-WH,C,10,Y,N,AA,Y,N,,,,,,,,IE-621801,0,Y,"L:5|7AA-0AA/0A,7.5|9.5AA-0AA/0A,10|12AA-1AA/0A,12.5|14.5AA-1AA/0A,15|17AA-2AA/0A,17.5|19.5AA-2AA/0A,20|22AA-2AA/0A,22.5|24AA-2AA/0A,48X;A:5|7AA-0AA/0A,7.5|9.5AA-0AA/0A,10|12AA-0AA/0A,12.5|14.5AA-0AA/0A,15|17AA-0AA/0A,17.5|19.5AA-0AA/0A,20|22AA-0AA/0A,22.5|24AA-0AA/0A,48X",10,,<CarOver24Hrs>N</CarOver24Hrs><FlexPKGProfile>N</FlexPKGProfile>,N,1900-01-01,Hager_W,2024-12-06 00:00:00.000,Davies_Ja,2025-01-03 15:21:47.890,2024-12-06 00:00:00.000,9999-12-31 00:00:00.000,2025-04-08 08:40:08.187,1
13301,623252,"2025 Taste of Ireland (Tour A) - 7 Days/6 Nights - Uniglobe Red Carpet Travel - October 10, 2025",Expired,"2025 Taste of Ireland (Tour A) - 7 Days/6 Nights - Uniglobe Red Carpet Travel - October 10, 2025",2025-10-10,2025-10-10,2010-01-01,2025-12-31,SCH-IE-TAA,C,7,Y,N,AA/AAA,Y,N,,<Main><AirOffset>1</AirOffset><FromCity>NYC</FromCity><ToCity>DUB</ToCity><ReturnFromCity>DUB</ReturnFromCity><ReturnToCity>NYC</ReturnToCity></Main>,,,<Pre><First>Y</First></Pre>,<Post><Last>Y</Last></Post>,,TAA25,0,N,,12,,"<CarOver24Hrs>N</CarOver24Hrs><PrefCommMethod></PrefCommMethod><Destination>LIM,DUB,KER</Destination><FlexPKGProfile>N</FlexPKGProfile>",Y,1900-01-01,Wilson_N,2025-01-06 00:00:00.000,Larkin_B,2025-01-17 15:21:53.130,2025-01-06 00:00:00.000,2025-09-07 05:53:35.717,2025-04-08 08:40:08.187,0
13302,623254,"2025 Taste of Ireland (Tour A) - 7 Days/6 Nights - Largay Travel - September 21, 2025",Expired,"2025 Taste of Ireland (Tour A) - 7 Days/6 Nights - Largay Travel - September 21, 2025",2025-09-21,2025-09-21,2010-01-01,2025-12-31,SCH-IE-TAA,C,7,Y,N,AA/AAA,Y,N,,<Main><AirOffset>1</AirOffset><FromCity>NYC</FromCity><ToCity>DUB</ToCity><ReturnFromCity>DUB</ReturnFromCity><ReturnToCity>NYC</ReturnToCity></Main>,,,<Pre><First>Y</First></Pre>,<Post><Last>Y</Last></Post>,,TAA25,0,N,,12,,"<CarOver24Hrs>N</CarOver24Hrs><PrefCommMethod></PrefCommMethod><Destination>LIM,DUB,KER</Destination><FlexPKGProfile>N</FlexPKGProfile>",Y,1900-01-01,doig_l,2025-01-06 00:00:00.000,Larkin_B,2025-01-17 15:21:53.130,2025-01-06 00:00:00.000,2025-09-07 05:53:35.717,2025-04-08 08:40:08.187,0
13303,623257,"2025 Taste of Scotland - 6 Days/5 Nights - The Lori Stewart Group - March 28, 2025",Active,"2025 Taste of Scotland - 6 Days/5 Nights - The Lori Stewart Group - March 28, 2025",2025-03-28,2025-03-28,2010-01-01,2025-12-31,SCH-GB-SCA,C,6,Y,N,AA/AAA,Y,N,,<Main><AirOffset>1</AirOffset><FromCity>NYC</FromCity><ToCity>EDI</ToCity><ReturnFromCity>EDI</ReturnFromCity><ReturnToCity>NYC</ReturnToCity><AirReturnOffset></AirReturnOffset></Main><AIWhoStamp>Biggins_Tr</AIWhoStamp><AIDateStamp>2022-09-06 17:16:49.000</AIDateStamp>,,,<Pre><Service><ProductCode>UKPRENIGHTS</ProductCode><SupplierID>GB-GLA-GTH</SupplierID><ServiceID>STD-SBB</ServiceID></Service></Pre>,<Post><Last>Y</Last></Post>,,SCA25,0,N,,11,,"<CarOver24Hrs>N</CarOver24Hrs><PrefCommMethod></PrefCommMethod><Destination>GLA,NAI,EDI</Destination><FlexPKGProfile>N</FlexPKGProfile>",Y,1900-01-01,Markle_M,2025-01-06 00:00:00.000,Markle_M,2025-01-16 20:26:49.593,2025-01-06 00:00:00.000,9999-12-31 00:00:00.000,2025-04-08 08:40:08.187,1
13304,623261,"CXLD - 2025 Ireland's Wild Atlantic Way - 10 Days/9 Nights - The Tom Brett Group - June 22, 2025",Closed,"CXLD - 2025 Ireland's Wild Atlantic Way - 10 Days/9 Nights - The Tom Brett Group - June 22, 2025",2025-06-22,2025-06-22,2010-01-01,2025-06-22,SCH-IE-IWA,C,10,Y,N,AA/AAA,Y,N,,,,,<Pre><Service><ProductCode>IEPRENIGHTS</ProductCode><SupplierID>IE-DUB-CCA</SupplierID><ServiceID>STD-SBB</ServiceID></Service></Pre>,<Post><Last>Y</Last></Post>,,,0,N,,0,,"<CarOver24Hrs>N</CarOver24Hrs><PrefCommMethod></PrefCommMethod><Destination>DON,KER,MAY,LIM,DUB</Destination><FlexPKGProfile>N</FlexPKGProfile>",Y,1900-01-01,Markle_M,2025-01-06 00:00:00.000,Davies_Ja,2025-02-11 20:55:33.817,2025-01-06 00:00:00.000,9999-12-31 00:00:00.000,2025-04-08 08:40:08.187,1
13305,623264,"CXLD - 2025 Taste of Ireland (Tour D) - 6 Days/5 Nights - Escapes for Everyone - July 17, 2025",Closed,"CXLD - 2025 Taste of Ireland (Tour D) - 6 Days/5 Nights - Escapes for Everyone - July 17, 2025",2025-07-17,2025-07-17,2010-01-01,2025-12-31,SCH-IE-TAA,C,6,Y,N,AA/AAA,Y,N,,<Main><AirOffset>1</AirOffset><FromCity>NYC</FromCity><ToCity>DUB</ToCity><ReturnFromCity>DUB</ReturnFromCity><ReturnToCity>NYC</ReturnToCity></Main>,,,,<Post><Last>Y</Last><Duration>1</Duration></Post>,,,-1,N,,0,,"<CarOver24Hrs>N</CarOver24Hrs><PrefCommMethod></PrefCommMethod><Destination>LIM,DUB,KER</Destination><FlexPKGProfile>N</FlexPKGProfile>",Y,1900-01-01,Wilson_N,2025-01-06 00:00:00.000,Davies_Ja,2025-03-11 20:56:47.180,2025-01-06 00:00:00.000,9999-12-31 00:00:00.000,2025-04-08 08:40:08.187,1
13306,623266,"2025 Irish Adventure - 8 Days/7 Nights - InteleTravel - July 21, 2025",Pending,"2025 Irish Adventure - 8 Days/7 Nights - InteleTravel - July 21, 2025",2025-07-21,2025-07-21,2010-01-01,2025-12-31,SCH-IE-ADA,C,8,Y,N,AA/AAA,Y,N,,<Main><AirOffset>1</AirOffset><FromCity>NYC</FromCity><ToCity>DUB</ToCity><ReturnFromCity>DUB</ReturnFromCity><ReturnToCity>NYC</ReturnToCity></Main>,,,<Pre><First>Y</First></Pre>,,,ADA25,0,N,,10,,"<CarOver24Hrs>N</CarOver24Hrs><PrefCommMethod></PrefCommMethod><Destination>DUB,WAT,GAL,DER,KER</Destination><FlexPKGProfile>N</FlexPKGProfile>",Y,1900-01-01,Markle_M,2025-01-06 00:00:00.000,Lyons_S,2025-02-05 17:10:49.170,2025-01-06 00:00:00.000,2025-07-25 04:41:47.517,2025-04-08 08:40:08.187,0
16069,623266,"2025 Irish Adventure - 8 Days/7 Nights - InteleTravel - July 21, 2025",Expired,"2025 Irish Adventure - 8 Days/7 Nights - InteleTravel - July 21, 2025",2025-07-21,2025-07-21,2010-01-01,2025-12-31,SCH-IE-ADA,C,8,Y,N,AA/AAA,Y,N,,<Main><AirOffset>1</AirOffset><FromCity>NYC</FromCity><ToCity>DUB</ToCity><ReturnFromCity>DUB</ReturnFromCity><ReturnToCity>NYC</ReturnToCity></Main>,,,<Pre><First>Y</First></Pre>,,,ADA25,0,N,,10,,"<CarOver24Hrs>N</CarOver24Hrs><PrefCommMethod></PrefCommMethod><Destination>DUB,WAT,GAL,DER,KER</Destination><FlexPKGProfile>N</FlexPKGProfile>",Y,1900-01-01,Markle_M,2025-01-06 00:00:00.000,Caldeira_N,2025-05-01 20:36:12.890,2025-05-02 04:23:56.197,2025-07-25 04:41:47.517,2025-05-02 04:23:56.197,0
13821,631659,"2025 Southern Gems - 7 Days/6 Nights - Amazing Travel Deals 4 U - October 10, 2025",Multi-Pending,"2025 Southern Gems - 7 Days/6 Nights - Amazing Travel Deals 4 U - October 10, 2025",2025-10-10,2025-10-10,2010-01-01,2025-12-31,SCH-IE-JEA,C,7,Y,N,AA/AAA,Y,N,,<Main><AirOffset>1</AirOffset><FromCity>NYC</FromCity><ToCity>DUB</ToCity><ReturnFromCity>SNN</ReturnFromCity><ReturnToCity>NYC</ReturnToCity><AirReturnOffset></AirReturnOffset></Main><AIWhoStamp>BigginsT</AIWhoStamp><AIDateStamp>2016-01-19 16:24:21.000</AIDateStamp>,,,<Pre><First>Y</First></Pre>,<Post><Last>Y</Last></Post>,,JEA25,0,N,,10,,"<CarOver24Hrs>N</CarOver24Hrs><PrefCommMethod></PrefCommMethod><Destination>COR,KER,CLA,DUB</Destination><FlexPKGProfile>N</FlexPKGProfile>",Y,1900-01-01,Markle_M,2025-03-31 00:00:00.000,Davies_Ja,2025-03-31 21:12:57.220,2025-03-31 00:00:00.000,2025-07-25 04:41:47.517,2025-04-08 08:40:08.187,0
15467,631659,"2025 Southern Gems - 7 Days/6 Nights - Amazing Travel Deals 4 U - October 10, 2025",Multi-Expired,"2025 Southern Gems - 7 Days/6 Nights - Amazing Travel Deals 4 U - October 10, 2025",2025-10-10,2025-10-10,2010-01-01,2025-12-31,SCH-IE-JEA,C,7,Y,N,AA/AAA,Y,N,,<Main><AirOffset>1</AirOffset><FromCity>NYC</FromCity><ToCity>DUB</ToCity><ReturnFromCity>SNN</ReturnFromCity><ReturnToCity>NYC</ReturnToCity><AirReturnOffset></AirReturnOffset></Main><AIWhoStamp>BigginsT</AIWhoStamp><AIDateStamp>2016-01-19 16:24:21.000</AIDateStamp>,,,<Pre><First>Y</First></Pre>,<Post><Last>Y</Last></Post>,,JEA25,0,N,,10,,"<CarOver24Hrs>N</CarOver24Hrs><PrefCommMethod></PrefCommMethod><Destination>COR,KER,CLA,DUB</Destination><FlexPKGProfile>N</FlexPKGProfile>",Y,1900-01-01,Markle_M,2025-03-31 00:00:00.000,Davies_Ja,2025-04-15 14:36:40.723,2025-04-16 04:53:38.903,9999-12-31 00:00:00.000,2025-04-16 04:53:38.903,1
13822,631661,"2026 Northern Lights Quest of Iceland - 6 Days/5 Nights - Riverdale Travel - October 18, 2026",Active,"2026 Northern Lights Quest of Iceland - 6 Days/5 Nights - Riverdale Travel - October 18, 2026",2026-10-18,2026-10-18,2010-01-01,2026-12-31,SCH-IS-ICN,C,6,Y,N,AA,Y,N,,<Main><AirOffset>1</AirOffset><FromCity>NYC</FromCity><ToCity>REK</ToCity><ReturnFromCity>REK</ReturnFromCity><ReturnToCity>NYC</ReturnToCity><AirReturnOffset></AirReturnOffset></Main><AIWhoStamp>McInerney_M</AIWhoStamp><AIDateStamp>2018-11-29 09:30:09.000</AIDateStamp>,,,<Pre><First>Y</First></Pre>,<Post><Last>Y</Last></Post>,,ICN26,0,N,,12,,"<CarOver24Hrs>N</CarOver24Hrs><PrefCommMethod></PrefCommMethod><Destination>NUP,REK,HLL</Destination><FlexPKGProfile>N</FlexPKGProfile>",Y,1900-01-01,Markle_M,2025-03-31 00:00:00.000,Markle_M,2025-04-03 17:20:57.467,2025-03-31 00:00:00.000,2025-05-03 04:35:04.443,2025-04-08 08:40:08.187,0
15831,631661,"2026 Northern Lights Quest of Iceland - 6 Days/5 Nights - Riverdale Travel - October 18, 2026",Active,"2026 Northern Lights Quest of Iceland - 6 Days/5 Nights - Riverdale Travel - October 18, 2026",2026-10-18,2026-10-18,2010-01-01,2026-12-31,SCH-IS-ICN,C,6,Y,N,AA,Y,N,,<Main><AirOffset>1</AirOffset><FromCity>NYC</FromCity><ToCity>REK</ToCity><ReturnFromCity>REK</ReturnFromCity><ReturnToCity>NYC</ReturnToCity><AirReturnOffset></AirReturnOffset></Main><AIWhoStamp>McInerney_M</AIWhoStamp><AIDateStamp>2018-11-29 09:30:09.000</AIDateStamp>,,,<Pre><First>Y</First></Pre>,<Post><Last>Y</Last></Post>,,ICN26,0,N,,12,,"<CarOver24Hrs>N</CarOver24Hrs><PrefCommMethod></PrefCommMethod><Destination>NUP,REK,HLL</Destination><FlexPKGProfile>N</FlexPKGProfile>",Y,1900-01-01,Markle_M,2025-03-31 00:00:00.000,edwards_ki,2025-04-25 09:46:11.057,2025-04-28 19:00:19.260,2025-05-03 04:35:04.443,2025-04-28 19:00:19.260,0
15858,632772,"2026 Taste of Italy - 7 Days/6 Nights - Royal Treatment Travel - April 5, 2026",Pending,"2026 Taste of Italy - 7 Days/6 Nights - Royal Treatment Travel - April 5, 2026",2026-04-05,2026-04-05,2010-01-01,2026-12-31,SCH-IT-ITT,C,7,Y,N,AA/AAA,Y,N,,<Main><AirOffset>1</AirOffset><FromCity>NYC</FromCity><ToCity>VCE</ToCity><ReturnFromCity>ROM</ReturnFromCity><ReturnToCity>NYC</ReturnToCity><AirReturnOffset></AirReturnOffset></Main><AIWhoStamp>Biggins_Tr</AIWhoStamp><AIDateStamp>2018-09-25 16:53:08.000</AIDateStamp>,,,<Pre><First>Y</First></Pre>,<Post><Last>Y</Last></Post>,,ITT26,0,N,,26,,"<CarOver24Hrs>N</CarOver24Hrs><PrefCommMethod></PrefCommMethod><Destination>ROM,VCE,FLR</Destination><FlexPKGProfile>N</FlexPKGProfile>",Y,1900-01-01,Markle_M,2025-04-16 00:00:00.000,edwards_ki,2025-04-28 10:43:23.610,2025-04-28 19:00:19.260,2025-07-25 04:41:47.517,2025-04-28 19:00:19.260,0
15977,632772,"2026 Taste of Italy - 7 Days/6 Nights - Royal Treatment Travel - April 5, 2026",Internal,"2026 Taste of Italy - 7 Days/6 Nights - Royal Treatment Travel - April 5, 2026",2026-04-05,2026-04-05,2010-01-01,2026-12-31,SCH-IT-ITT,C,7,Y,N,AA/AAA,Y,N,,<Main><AirOffset>1</AirOffset><FromCity>NYC</FromCity><ToCity>VCE</ToCity><ReturnFromCity>ROM</ReturnFromCity><ReturnToCity>NYC</ReturnToCity><AirReturnOffset></AirReturnOffset></Main><AIWhoStamp>Biggins_Tr</AIWhoStamp><AIDateStamp>2018-09-25 16:53:08.000</AIDateStamp>,,,<Pre><First>Y</First></Pre>,<Post><Last>Y</Last></Post>,,ITT26,0,N,,16,,"<CarOver24Hrs>N</CarOver24Hrs><PrefCommMethod></PrefCommMethod><Destination>ROM,VCE,FLR</Destination><FlexPKGProfile>N</FlexPKGProfile>",Y,1900-01-01,Markle_M,2025-04-16 00:00:00.000,Davies_Ja,2025-04-28 19:48:07.633,2025-04-29 09:01:37.820,2025-07-25 04:41:47.517,2025-04-29 09:01:37.820,0
16017,632772,"2026 Taste of Italy - 7 Days/6 Nights - Royal Treatment Travel - April 5, 2026",Active,"2026 Taste of Italy - 7 Days/6 Nights - Royal Treatment Travel - April 5, 2026",2026-04-05,2026-04-05,2010-01-01,2026-12-31,SCH-IT-ITT,C,7,Y,N,AA/AAA,Y,N,,<Main><AirOffset>1</AirOffset><FromCity>NYC</FromCity><ToCity>VCE</ToCity><ReturnFromCity>ROM</ReturnFromCity><ReturnToCity>NYC</ReturnToCity><AirReturnOffset></AirReturnOffset></Main><AIWhoStamp>Biggins_Tr</AIWhoStamp><AIDateStamp>2018-09-25 16:53:08.000</AIDateStamp>,,,<Pre><First>Y</First></Pre>,<Post><Last>Y</Last></Post>,,ITT26,0,N,,16,,"<CarOver24Hrs>N</CarOver24Hrs><PrefCommMethod></PrefCommMethod><Destination>ROM,VCE,FLR</Destination><FlexPKGProfile>N</FlexPKGProfile>",Y,1900-01-01,Markle_M,2025-04-16 00:00:00.000,Markle_M,2025-04-29 20:54:09.857,2025-04-30 04:33:14.220,2025-07-25 04:41:47.517,2025-04-30 04:33:14.220,0
16515,632772,"2026 Taste of Italy - 7 Days/6 Nights - Royal Treatment Travel - April 5, 2026",Active,"2026 Taste of Italy - 7 Days/6 Nights - Royal Treatment Travel - April 5, 2026",2026-04-05,2026-04-05,2010-01-01,2026-12-31,SCH-IT-ITT,C,7,Y,N,AA/AAA,Y,N,,<Main><AirOffset>1</AirOffset><FromCity>NYC</FromCity><ToCity>VCE</ToCity><ReturnFromCity>ROM</ReturnFromCity><ReturnToCity>NYC</ReturnToCity><AirReturnOffset></AirReturnOffset></Main><AIWhoStamp>Biggins_Tr</AIWhoStamp><AIDateStamp>2018-09-25 16:53:08.000</AIDateStamp>,,,<Pre><First>Y</First></Pre>,<Post><Last>Y</Last></Post>,,ITT26,0,N,,16,,"<CarOver24Hrs>N</CarOver24Hrs><PrefCommMethod></PrefCommMethod><Destination>ROM,VCE,FLR</Destination><FlexPKGProfile>N</FlexPKGProfile>",Y,1900-01-01,Markle_M,2025-04-16 00:00:00.000,Tancred_E,2025-05-09 16:18:38.033,2025-05-10 04:34:51.893,2025-07-25 04:41:47.517,2025-05-10 04:34:51.893,0
16813,632772,"2026 Taste of Italy - 7 Days/6 Nights - Royal Treatment Travel - April 5, 2026",Active,"2026 Taste of Italy - 7 Days/6 Nights - Royal Treatment Travel - April 5, 2026",2026-04-05,2026-04-05,2010-01-01,2026-12-31,SCH-IT-ITT,C,7,Y,N,AA/AAA,Y,N,,<Main><AirOffset>1</AirOffset><FromCity>NYC</FromCity><ToCity>VCE</ToCity><ReturnFromCity>ROM</ReturnFromCity><ReturnToCity>NYC</ReturnToCity><AirReturnOffset></AirReturnOffset></Main><AIWhoStamp>Biggins_Tr</AIWhoStamp><AIDateStamp>2018-09-25 16:53:08.000</AIDateStamp>,,,<Pre><First>Y</First></Pre>,<Post><Last>Y</Last></Post>,,ITT26,0,N,,16,,"<CarOver24Hrs>N</CarOver24Hrs><PrefCommMethod></PrefCommMethod><Destination>ROM,VCE,FLR</Destination><FlexPKGProfile>N</FlexPKGProfile>",Y,1900-01-01,Markle_M,2025-04-16 00:00:00.000,edwards_ki,2025-05-15 18:23:28.753,2025-05-16 06:42:01.470,2025-07-25 04:41:47.517,2025-05-16 06:42:01.470,0
17783,632772,"2026 Taste of Italy - 7 Days/6 Nights - Royal Treatment Travel - April 5, 2026",Active,"2026 Taste of Italy - 7 Days/6 Nights - Royal Treatment Travel - April 5, 2026",2026-04-05,2026-04-05,2010-01-01,2026-12-31,SCH-IT-ITT,C,7,Y,N,AA/AAA,Y,N,,<Main><AirOffset>1</AirOffset><FromCity>NYC</FromCity><ToCity>VCE</ToCity><ReturnFromCity>ROM</ReturnFromCity><ReturnToCity>NYC</ReturnToCity><AirReturnOffset></AirReturnOffset></Main><AIWhoStamp>Biggins_Tr</AIWhoStamp><AIDateStamp>2018-09-25 16:53:08.000</AIDateStamp>,,,<Pre><First>Y</First></Pre>,<Post><Last>Y</Last></Post>,,ITT26,0,N,,16,,"<CarOver24Hrs>N</CarOver24Hrs><PrefCommMethod></PrefCommMethod><Destination>ROM,VCE,FLR</Destination><FlexPKGProfile>N</FlexPKGProfile>",Y,1900-01-01,Markle_M,2025-04-16 00:00:00.000,Lyons_S,2025-05-29 14:22:18.153,2025-05-30 06:58:40.317,2025-07-25 04:41:47.517,2025-05-30 06:58:40.317,0
16424,634274,"2026 Tuscan Treasures with Cinque Terre - 8 Days/7 Nights - World Travel - September 13, 2026",Pending,"2026 Tuscan Treasures with Cinque Terre - 8 Days/7 Nights - World Travel - September 13, 2026",2026-09-13,2026-09-13,2010-01-01,2026-12-31,SCH-IT-TUA,C,8,Y,N,AA/AAA,Y,N,,<Main><AirOffset></AirOffset><FromCity>NYC</FromCity><ToCity>FLR</ToCity><ReturnFromCity>FLR</ReturnFromCity><ReturnToCity>NYC</ReturnToCity><AirReturnOffset></AirReturnOffset></Main><AIWhoStamp>Lyons_S</AIWhoStamp><AIDateStamp>2023-06-22 11:58:42.000</AIDateStamp>,,,<Pre><First>Y</First></Pre>,<Post><Last>Y</Last></Post>,,TUA26,0,N,,16,,<CarOver24Hrs>N</CarOver24Hrs><PrefCommMethod></PrefCommMethod><Destination>MTC</Destination><FlexPKGProfile>N</FlexPKGProfile>,Y,1900-01-01,Wilson_N,2025-05-07 00:00:00.000,Davies_Ja,2025-05-07 20:58:33.023,2025-05-07 00:00:00.000,2025-07-25 04:41:47.517,2025-05-08 04:34:50.883,0
16461,634274,"2026 Tuscan Treasures with Cinque Terre - 8 Days/7 Nights - World Travel - DBS Italy 2026 - September 13, 2026",Active,"2026 Tuscan Treasures with Cinque Terre - 8 Days/7 Nights - World Travel - DBS Italy 2026 - September 13, 2026",2026-09-13,2026-09-13,2010-01-01,2026-12-31,SCH-IT-TUA,C,8,Y,N,AA/AAA,Y,N,,<Main><AirOffset></AirOffset><FromCity>NYC</FromCity><ToCity>FLR</ToCity><ReturnFromCity>FLR</ReturnFromCity><ReturnToCity>NYC</ReturnToCity><AirReturnOffset></AirReturnOffset></Main><AIWhoStamp>Lyons_S</AIWhoStamp><AIDateStamp>2023-06-22 11:58:42.000</AIDateStamp>,,,<Pre><First>Y</First></Pre>,<Post><Last>Y</Last></Post>,,TUA26,0,N,,16,,<CarOver24Hrs>N</CarOver24Hrs><PrefCommMethod></PrefCommMethod><Destination>MTC</Destination><FlexPKGProfile>N</FlexPKGProfile>,Y,1900-01-01,Wilson_N,2025-05-07 00:00:00.000,Wilson_N,2025-05-08 16:04:56.780,2025-05-09 04:35:46.410,2025-06-03 06:38:26.533,2025-05-09 04:35:46.410,0
18040,634274,"2026 Tuscan Treasures with Cinque Terre - 8 Days/7 Nights - World Travel - DBS Italy 2026 - September 13, 2026",Active,"2026 Tuscan Treasures with Cinque Terre - 8 Days/7 Nights - World Travel - DBS Italy 2026 - September 13, 2026",2026-09-13,2026-09-13,2010-01-01,2026-12-31,SCH-IT-TUA,C,8,Y,N,AA/AAA,Y,N,,<Main><AirOffset></AirOffset><FromCity>NYC</FromCity><ToCity>FLR</ToCity><ReturnFromCity>FLR</ReturnFromCity><ReturnToCity>NYC</ReturnToCity><AirReturnOffset></AirReturnOffset></Main><AIWhoStamp>Lyons_S</AIWhoStamp><AIDateStamp>2023-06-22 11:58:42.000</AIDateStamp>,,,<Pre><First>Y</First></Pre>,<Post><Last>Y</Last></Post>,,TUA26,0,N,,16,,<CarOver24Hrs>N</CarOver24Hrs><PrefCommMethod></PrefCommMethod><Destination>MTC</Destination><FlexPKGProfile>N</FlexPKGProfile>,Y,1900-01-01,Wilson_N,2025-05-07 00:00:00.000,Foster_S,2025-06-02 11:40:16.017,2025-06-03 06:39:03.193,2025-06-09 05:01:33.147,2025-06-03 06:39:03.193,0
16425,634276,ITALY - THE TRAVEL CONNECTION,Multi-Expired,ITALY - THE TRAVEL CONNECTION,2025-10-13,2025-10-13,2025-05-07,2025-10-13,GRP-EU-WH,C,8,Y,N,N,Y,N,,,,,,,,EU-634276,0,Y,"L:5|7AA-0AA/0A,7.5|9.5AA-0AA/0A,10|12AA-0AA/0A,12.5|14.5AA-0AA/0A,15|17AA-0AA/0A,17.5|19.5AA-0AA/0A,20|22AA-0AA/0A,22.5|24AA-0AA/0A,48X;A:5|7AA-0AA/0A,7.5|9.5AA-0AA/0A,10|12AA-0AA/0A,12.5|14.5AA-0AA/0A,15|17AA-0AA/0A,17.5|19.5AA-0AA/0A,20|22AA-0AA/0A,22.5|24AA-0AA/0A,48X",20,,<CarOver24Hrs>N</CarOver24Hrs><FlexPKGProfile>N</FlexPKGProfile>,N,1900-01-01,Hager_W,2025-05-07 00:00:00.000,Hager_W,2025-05-07 21:46:52.040,2025-05-07 00:00:00.000,9999-12-31 00:00:00.000,2025-05-08 04:34:50.883,1
16426,634283,TRAVEL PLANNERS INTERNATIONAL,Pending,TRAVEL PLANNERS INTERNATIONAL,2026-09-07,2026-09-07,2025-05-07,2026-09-07,GRP-IEGB-BOS-WH,C,8,Y,N,AA,Y,N,,,,,,,,IEGB-634283,0,Y,"L:5|7AA-0AA/0A,7.5|9.5AA-0AA/0A,10|12AA-1AA/0A,12.5|14.5AA-1AA/0A,15|17AA-2AA/0A,17.5|19.5AA-2AA/0A,20|22AA-2AA/0A,22.5|24AA-2AA/0A,48X;A:5|7AA-0AA/0A,7.5|9.5AA-0AA/0A,10|12AA-0AA/0A,12.5|14.5AA-0AA/0A,15|17AA-0AA/0A,17.5|19.5AA-0AA/0A,20|22AA-0AA/0A,22.5|24AA-0AA/0A,48X",20,,<CarOver24Hrs>N</CarOver24Hrs><FlexPKGProfile>N</FlexPKGProfile>,N,1900-01-01,Hager_W,2025-05-07 00:00:00.000,Hager_W,2025-05-07 22:26:43.213,2025-05-07 00:00:00.000,2025-07-25 04:41:47.517,2025-05-08 04:34:50.883,0
16427,634284,FROSCH TRAVEL,Pending,FROSCH TRAVEL,2026-08-10,2026-08-10,2025-05-07,2026-08-10,GRP-GB-BOS-WH,C,8,Y,N,AA,Y,N,,,,,,,,GB-634284,0,Y,"L:5|7AA-0AA/0A,7.5|9.5AA-0AA/0A,10|12AA-1AA/0A,12.5|14.5AA-1AA/0A,15|17AA-2AA/0A,17.5|19.5AA-2AA/0A,20|22AA-2AA/0A,22.5|24AA-2AA/0A,48X;A:5|7AA-0AA/0A,7.5|9.5AA-0AA/0A,10|12AA-0AA/0A,12.5|14.5AA-0AA/0A,15|17AA-0AA/0A,17.5|19.5AA-0AA/0A,20|22AA-0AA/0A,22.5|24AA-0AA/0A,48X",20,,<CarOver24Hrs>N</CarOver24Hrs><FlexPKGProfile>N</FlexPKGProfile>,N,1900-01-01,Hager_W,2025-05-07 00:00:00.000,Hager_W,2025-05-07 23:18:20.637,2025-05-07 00:00:00.000,2026-01-15 06:51:34.973,2025-05-08 04:34:50.883,0
16462,634299,"2025 Scottish & Irish Sampler - 7 Days/6 Nights - Waves Your Needs in Travel - October 12, 2025",Multi-Pending,"2025 Scottish & Irish Sampler - 7 Days/6 Nights - Waves Your Needs in Travel - October 12, 2025",2025-10-12,2025-10-12,2010-01-01,2025-12-31,SCH-GB-CSA,C,7,Y,N,AA/AAA,Y,N,,<Main><AirOffset>1</AirOffset><FromCity>NYC</FromCity><ToCity>EDI</ToCity><ReturnFromCity>DUB</ReturnFromCity><ReturnToCity>NYC</ReturnToCity><AirReturnOffset></AirReturnOffset></Main><AIWhoStamp>Biggins_Tr</AIWhoStamp><AIDateStamp>2023-02-10 12:02:26.000</AIDateStamp>,,,<Pre><First>Y</First></Pre>,<Post><Last>Y</Last></Post>,,CSA25,0,N,,20,,"<CarOver24Hrs>N</CarOver24Hrs><PrefCommMethod></PrefCommMethod><Destination>DUB,BEL,EDI</Destination><FlexPKGProfile>N</FlexPKGProfile>",Y,1900-01-01,doig_l,2025-05-08 00:00:00.000,Davies_Ja,2025-05-08 14:53:19.440,2025-05-08 00:00:00.000,2025-07-25 04:41:47.517,2025-05-09 04:35:46.410,0
16467,634320,"2025 Best of Spain - 9 Days/8 Nights - Anchors Aweigh Travel - October 12, 2025",Pending,"2025 Best of Spain - 9 Days/8 Nights - Anchors Aweigh Travel - October 12, 2025",2025-10-12,2025-10-12,2024-06-04,2025-12-31,SCH-ES-BSA,C,9,Y,N,AA/AAA,Y,N,,<Main><AirOffset>1</AirOffset><FromCity>NYC</FromCity><ToCity>MAD</ToCity><ReturnFromCity>BCN</ReturnFromCity><ReturnToCity>NYC</ReturnToCity><AirReturnOffset></AirReturnOffset></Main><AIWhoStamp>Lyons_S</AIWhoStamp><AIDateStamp>2024-03-06 15:52:30.000</AIDateStamp>,,,<Pre><Service><ProductCode>ESPRENIGHTS</ProductCode><SupplierID>ES-MAD-RDM</SupplierID><ServiceID>STD-SBB</ServiceID></Service></Pre>,<Post><Last>Y</Last></Post>,,BSA25,0,N,,14,,"<CarOver24Hrs>N</CarOver24Hrs><PrefCommMethod></PrefCommMethod><Destination>SVQ,MAD,GRX,VLC,BCN</Destination><FlexPKGProfile>N</FlexPKGProfile>",Y,1900-01-01,Markle_M,2025-05-08 00:00:00.000,Davies_Ja,2025-05-08 17:28:07.013,2025-05-08 00:00:00.000,2025-09-11 02:14:04.910,2025-05-09 04:35:46.410,0
16468,634344,"2026 Scottish Clans & Castles - 10 Days/9 Nights - The Travel Agent Next Door - May 28, 2026",Pending,"2026 Scottish Clans & Castles - 10 Days/9 Nights - The Travel Agent Next Door - May 28, 2026",2026-05-28,2026-05-28,2010-01-01,2026-12-31,SCH-GB-CCA,C,10,Y,N,AA/AAA,Y,N,,<Main><AirOffset>1</AirOffset><FromCity>NYC</FromCity><ToCity>EDI</ToCity><ReturnFromCity>EDI</ReturnFromCity><ReturnToCity>NYC</ReturnToCity><AirReturnOffset></AirReturnOffset></Main><AIWhoStamp>Biggins_Tr</AIWhoStamp><AIDateStamp>2022-09-06 16:25:23.000</AIDateStamp>,,,<Pre><First>Y</First></Pre>,,,CCA26,0,N,,10,,"<CarOver24Hrs>N</CarOver24Hrs><PrefCommMethod></PrefCommMethod><Destination>RSS,ABD,INV,GLA,FIF</Destination><FlexPKGProfile>N</FlexPKGProfile>",Y,1900-01-01,doig_l,2025-05-08 00:00:00.000,Davies_Ja,2025-05-08 20:01:44.750,2025-05-08 00:00:00.000,2025-07-25 04:41:47.517,2025-05-09 04:35:46.410,0
16527,634344,"2026 Scottish Clans & Castles - 10 Days/9 Nights - The Travel Agent Next Door - May 28, 2026",Active,"2026 Scottish Clans & Castles - 10 Days/9 Nights - The Travel Agent Next Door - May 28, 2026",2026-05-28,2026-05-28,2010-01-01,2026-12-31,SCH-GB-CCA,C,10,Y,N,AA/AAA,Y,N,,<Main><AirOffset>1</AirOffset><FromCity>NYC</FromCity><ToCity>EDI</ToCity><ReturnFromCity>EDI</ReturnFromCity><ReturnToCity>NYC</ReturnToCity><AirReturnOffset></AirReturnOffset></Main><AIWhoStamp>Biggins_Tr</AIWhoStamp><AIDateStamp>2022-09-06 16:25:23.000</AIDateStamp>,,,<Pre><First>Y</First></Pre>,,,CCA26,0,N,,10,,"<CarOver24Hrs>N</CarOver24Hrs><PrefCommMethod></PrefCommMethod><Destination>RSS,ABD,INV,GLA,FIF</Destination><FlexPKGProfile>N</FlexPKGProfile>",Y,1900-01-01,doig_l,2025-05-08 00:00:00.000,Wilson_N,2025-05-09 21:42:03.210,2025-05-10 04:34:51.893,2025-07-25 04:41:47.517,2025-05-10 04:34:51.893,0
16607,634344,"2026 Scottish Clans & Castles- 10 Days/9 Nights- The Travel Agent Next Door/Right Foot Adventures- May 28, 2026",Active,"2026 Scottish Clans & Castles- 10 Days/9 Nights- The Travel Agent Next Door/Right Foot Adventures- May 28, 2026",2026-05-28,2026-05-28,2010-01-01,2026-12-31,SCH-GB-CCA,C,10,Y,N,AA/AAA,Y,N,,<Main><AirOffset>1</AirOffset><FromCity>NYC</FromCity><ToCity>EDI</ToCity><ReturnFromCity>EDI</ReturnFromCity><ReturnToCity>NYC</ReturnToCity><AirReturnOffset></AirReturnOffset></Main><AIWhoStamp>Biggins_Tr</AIWhoStamp><AIDateStamp>2022-09-06 16:25:23.000</AIDateStamp>,,,<Pre><First>Y</First></Pre>,,,CCA26,0,N,,10,,"<CarOver24Hrs>N</CarOver24Hrs><PrefCommMethod></PrefCommMethod><Destination>RSS,ABD,INV,GLA,FIF</Destination><FlexPKGProfile>N</FlexPKGProfile>",Y,1900-01-01,doig_l,2025-05-08 00:00:00.000,doig_l,2025-05-12 16:07:12.263,2025-05-13 04:42:11.963,2025-05-18 06:42:14.730,2025-05-13 04:42:11.963,0
16531,634395,"2026 Taste of Ireland (Tour A) - 7 Days/6 Nights - Sheyla Adventure Travel - June 8, 2026",Pending,"2026 Taste of Ireland (Tour A) - 7 Days/6 Nights - Sheyla Adventure Travel - June 8, 2026",2026-06-08,2026-06-08,2010-01-01,2026-12-31,SCH-IE-TAA,C,7,Y,N,AA/AAA,Y,N,,<Main><AirOffset>1</AirOffset><FromCity>NYC</FromCity><ToCity>DUB</ToCity><ReturnFromCity>DUB</ReturnFromCity><ReturnToCity>NYC</ReturnToCity></Main>,,,<Pre><First>Y</First></Pre>,<Post><Last>Y</Last></Post>,,TAA26,0,N,,10,,"<CarOver24Hrs>N</CarOver24Hrs><PrefCommMethod></PrefCommMethod><Destination>LIM,DUB,KER</Destination><FlexPKGProfile>N</FlexPKGProfile>",Y,1900-01-01,doig_l,2025-05-09 00:00:00.000,Davies_Ja,2025-05-09 18:38:09.153,2025-05-10 04:34:51.893,2025-07-25 04:41:47.517,2025-05-10 04:34:51.893,0
16696,634395,"2026 Taste of Ireland (Tour A) - 7 Days/6 Nights - Sheyla Adventure Travel - June 8, 2026",Internal,"2026 Taste of Ireland (Tour A) - 7 Days/6 Nights - Sheyla Adventure Travel - June 8, 2026",2026-06-08,2026-06-08,2010-01-01,2026-12-31,SCH-IE-TAA,C,7,Y,N,AA/AAA,Y,N,,<Main><AirOffset>1</AirOffset><FromCity>NYC</FromCity><ToCity>DUB</ToCity><ReturnFromCity>DUB</ReturnFromCity><ReturnToCity>NYC</ReturnToCity></Main>,,,<Pre><First>Y</First></Pre>,<Post><Last>Y</Last></Post>,,TAA26,0,N,,12,,"<CarOver24Hrs>N</CarOver24Hrs><PrefCommMethod></PrefCommMethod><Destination>LIM,DUB,KER</Destination><FlexPKGProfile>N</FlexPKGProfile>",Y,1900-01-01,doig_l,2025-05-09 00:00:00.000,Davies_Ja,2025-05-13 20:35:39.440,2025-05-14 06:43:12.710,2025-07-25 04:41:47.517,2025-05-14 06:43:12.710,0
16747,634395,"2026 Taste of Ireland (Tour A)- 7 Days/6 Nights- Ireland Adventure/Sheyla Adventure Travel, LLC- June 8, 2026",Active,"2026 Taste of Ireland (Tour A)- 7 Days/6 Nights- Ireland Adventure/Sheyla Adventure Travel, LLC- June 8, 2026",2026-06-08,2026-06-08,2010-01-01,2026-12-31,SCH-IE-TAA,C,7,Y,N,AA/AAA,Y,N,,<Main><AirOffset>1</AirOffset><FromCity>NYC</FromCity><ToCity>DUB</ToCity><ReturnFromCity>DUB</ReturnFromCity><ReturnToCity>NYC</ReturnToCity></Main>,,,<Pre><First>Y</First></Pre>,<Post><Last>Y</Last></Post>,,TAA26,0,N,,12,,"<CarOver24Hrs>N</CarOver24Hrs><PrefCommMethod></PrefCommMethod><Destination>LIM,DUB,KER</Destination><FlexPKGProfile>N</FlexPKGProfile>",Y,1900-01-01,doig_l,2025-05-09 00:00:00.000,Davies_Ja,2025-05-14 22:06:45.860,2025-05-15 06:44:55.347,2025-07-25 04:41:47.517,2025-05-15 06:44:55.347,0
17050,634395,"2026 Taste of Ireland (Tour A)- 7 Days/6 Nights- Ireland Adventure/Sheyla Adventure Travel, LLC- June 8, 2026",Active,"2026 Taste of Ireland (Tour A)- 7 Days/6 Nights- Ireland Adventure/Sheyla Adventure Travel, LLC- June 8, 2026",2026-06-08,2026-06-08,2010-01-01,2026-12-31,SCH-IE-TAA,C,7,Y,N,AA/AAA,Y,N,,<Main><AirOffset>1</AirOffset><FromCity>NYC</FromCity><ToCity>DUB</ToCity><ReturnFromCity>DUB</ReturnFromCity><ReturnToCity>NYC</ReturnToCity></Main>,,,<Pre><First>Y</First></Pre>,<Post><Last>Y</Last></Post>,,TAA26,0,N,,12,,"<CarOver24Hrs>N</CarOver24Hrs><PrefCommMethod></PrefCommMethod><Destination>LIM,DUB,KER</Destination><FlexPKGProfile>N</FlexPKGProfile>",Y,1900-01-01,doig_l,2025-05-09 00:00:00.000,Stynes_A,2025-05-20 14:25:16.190,2025-05-21 06:42:32.540,2025-07-25 04:41:47.517,2025-05-21 06:42:32.540,0
17806,634395,"2026 Taste of Ireland (Tour A)- 7 Days/6 Nights- Ireland Adventure/Sheyla Adventure Travel, LLC- June 8, 2026",Active,"2026 Taste of Ireland (Tour A)- 7 Days/6 Nights- Ireland Adventure/Sheyla Adventure Travel, LLC- June 8, 2026",2026-06-08,2026-06-08,2010-01-01,2026-12-31,SCH-IE-TAA,C,7,Y,N,AA/AAA,Y,N,,<Main><AirOffset>1</AirOffset><FromCity>NYC</FromCity><ToCity>DUB</ToCity><ReturnFromCity>DUB</ReturnFromCity><ReturnToCity>NYC</ReturnToCity></Main>,,,<Pre><First>Y</First></Pre>,<Post><Last>Y</Last></Post>,,TAA26,0,N,,16,,"<CarOver24Hrs>N</CarOver24Hrs><PrefCommMethod></PrefCommMethod><Destination>LIM,DUB,KER</Destination><FlexPKGProfile>N</FlexPKGProfile>",Y,1900-01-01,doig_l,2025-05-09 00:00:00.000,Davies_Ja,2025-05-29 16:37:24.590,2025-05-30 06:58:40.317,2025-06-08 05:25:39.740,2025-05-30 06:58:40.317,0
16532,634405,"2025 Best of Ireland South (Tour C) - 7 Days/6 Nights - Fora Travel - September 7, 2025",Pending,"2025 Best of Ireland South (Tour C) - 7 Days/6 Nights - Fora Travel - September 7, 2025",2025-09-07,2025-09-07,2010-01-01,2025-12-31,SCH-IE-ISA,C,7,Y,N,AA/AAA,Y,N,,<Main><AirOffset>1</AirOffset><FromCity>NYC</FromCity><ToCity>DUB</ToCity><ReturnFromCity>DUB</ReturnFromCity><ReturnToCity>NYC</ReturnToCity></Main>,,,,,,ISA25,-1,N,,18,,"<CarOver24Hrs>N</CarOver24Hrs><PrefCommMethod></PrefCommMethod><Destination>CLA,KER,DUB</Destination><FlexPKGProfile>N</FlexPKGProfile>",Y,1900-01-01,Markle_M,2025-05-09 00:00:00.000,Davies_Ja,2025-05-09 20:14:53.420,2025-05-10 04:34:51.893,2025-07-25 04:41:47.517,2025-05-10 04:34:51.893,0
16533,634407,BKB Holidays,Pending,BKB Holidays,2026-05-24,2026-05-24,2025-05-09,2026-05-24,GRP-IE-KS-1,C,16,Y,N,AA,Y,N,,,,,,,,IE-634407,0,Y,"L:5|7AA-0AA/0A,7.5|9.5AA-0AA/0A,10|12AA-0AA/0A,12.5|14.5AA-0AA/0A,15|17AA-0AA/0A,17.5|19.5AA-0AA/0A,20|22AA-0AA/0A,22.5|24AA-0AA/0A,48X;A:5|7AA-0AA/0A,7.5|9.5AA-0AA/0A,10|12AA-0AA/0A,12.5|14.5AA-0AA/0A,15|17AA-0AA/0A,17.5|19.5AA-0AA/0A,20|22AA-0AA/0A,22.5|24AA-0AA/0A,48X",20,,<CarOver24Hrs>N</CarOver24Hrs><FlexPKGProfile>N</FlexPKGProfile>,N,1900-01-01,Smith_K,2025-05-09 00:00:00.000,Smith_K,2025-05-09 20:17:12.370,2025-05-10 04:34:51.893,2025-11-26 06:31:28.767,2025-05-10 04:34:51.893,0
16903,634886,"2026 Taste of Ireland (Tour A) - 7 Days/6 Nights - Getaway Travel Specialists - June 19, 2026",Pending,"2026 Taste of Ireland (Tour A) - 7 Days/6 Nights - Getaway Travel Specialists - June 19, 2026",2026-06-19,2026-06-19,2010-01-01,2026-12-31,SCH-IE-TAA,C,7,Y,N,AA/AAA,Y,N,,<Main><AirOffset>1</AirOffset><FromCity>NYC</FromCity><ToCity>DUB</ToCity><ReturnFromCity>DUB</ReturnFromCity><ReturnToCity>NYC</ReturnToCity></Main>,,,<Pre><First>Y</First></Pre>,<Post><Last>Y</Last></Post>,,TAA26,0,N,,16,,"<CarOver24Hrs>N</CarOver24Hrs><PrefCommMethod></PrefCommMethod><Destination>LIM,DUB,KER</Destination><FlexPKGProfile>N</FlexPKGProfile>",Y,1900-01-01,Wilson_N,2025-05-16 00:00:00.000,Davies_Ja,2025-05-16 21:35:39.390,2025-05-18 06:42:47.047,2025-07-25 04:41:47.517,2025-05-18 06:42:47.047,0
17065,634886,"2026 Taste of Ireland (Tour A) - 7 Days/6 Nights - Getaway Travel Specialists - June 19, 2026",Pending,"2026 Taste of Ireland (Tour A) - 7 Days/6 Nights - Getaway Travel Specialists - June 19, 2026",2026-06-19,2026-06-19,2010-01-01,2026-12-31,SCH-IE-TAA,C,7,Y,N,AA/AAA,Y,N,,<Main><AirOffset>1</AirOffset><FromCity>NYC</FromCity><ToCity>DUB</ToCity><ReturnFromCity>DUB</ReturnFromCity><ReturnToCity>NYC</ReturnToCity></Main>,,,<Pre><First>Y</First></Pre>,<Post><Last>Y</Last></Post>,,TAA26,0,N,,16,,"<CarOver24Hrs>N</CarOver24Hrs><PrefCommMethod></PrefCommMethod><Destination>LIM,DUB,KER</Destination><FlexPKGProfile>N</FlexPKGProfile>",Y,1900-01-01,Wilson_N,2025-05-16 00:00:00.000,Stynes_A,2025-05-20 14:25:16.190,2025-05-21 06:42:32.540,2025-07-25 04:41:47.517,2025-05-21 06:42:32.540,0
16947,634930,"2025 Classic Sicily - 8 Days/7 Nights - Elite Travels - October 31, 2025",Internal,"2025 Classic Sicily - 8 Days/7 Nights - Elite Travels - October 31, 2025",2025-10-31,2025-10-31,2024-06-04,2025-12-31,SCH-IT-SLA,C,8,Y,N,AA/AAA,Y,N,,<Main><AirOffset>1</AirOffset><FromCity>NYC</FromCity><ToCity>PMO</ToCity><ReturnFromCity>PMO</ReturnFromCity><ReturnToCity>NYC</ReturnToCity><AirReturnOffset></AirReturnOffset></Main><AIWhoStamp>Lyons_S</AIWhoStamp><AIDateStamp>2024-03-06 15:56:05.000</AIDateStamp>,,,<Pre><Service><ProductCode>ITPRENIGHTS</ProductCode><SupplierID>IT-PMO-NHP</SupplierID><ServiceID>STD-SBB</ServiceID></Service></Pre>,<Post><Last>Y</Last></Post>,,SLA25,0,N,,10,,"<CarOver24Hrs>N</CarOver24Hrs><PrefCommMethod></PrefCommMethod><Destination>AGO,PMO,TFC</Destination><FlexPKGProfile>N</FlexPKGProfile>",Y,1900-01-01,Markle_M,2025-05-19 00:00:00.000,Davies_Ja,2025-05-19 17:59:48.050,2025-05-20 06:46:13.487,2025-07-25 04:41:47.517,2025-05-20 06:46:13.487,0
17307,634930,"2025 Classic Sicily - 8 Days/7 Nights - Elite Travels - Sicily Dreamers - October 31, 2025",Active,"2025 Classic Sicily - 8 Days/7 Nights - Elite Travels - Sicily Dreamers - October 31, 2025",2025-10-31,2025-10-31,2024-06-04,2025-12-31,SCH-IT-SLA,C,8,Y,N,AA/AAA,Y,N,,<Main><AirOffset>1</AirOffset><FromCity>NYC</FromCity><ToCity>PMO</ToCity><ReturnFromCity>PMO</ReturnFromCity><ReturnToCity>NYC</ReturnToCity><AirReturnOffset></AirReturnOffset></Main><AIWhoStamp>Lyons_S</AIWhoStamp><AIDateStamp>2024-03-06 15:56:05.000</AIDateStamp>,,,<Pre><Service><ProductCode>ITPRENIGHTS</ProductCode><SupplierID>IT-PMO-NHP</SupplierID><ServiceID>STD-SBB</ServiceID></Service></Pre>,<Post><Last>Y</Last></Post>,,SLA25,0,N,,10,,"<CarOver24Hrs>N</CarOver24Hrs><PrefCommMethod></PrefCommMethod><Destination>AGO,PMO,TFC</Destination><FlexPKGProfile>N</FlexPKGProfile>",Y,1900-01-01,Markle_M,2025-05-19 00:00:00.000,Wilson_N,2025-05-22 18:06:42.600,2025-05-23 06:31:23.863,2025-07-25 04:41:47.517,2025-05-23 06:31:23.863,0
17991,634930,"2025 Classic Sicily - 8 Days/7 Nights - Elite Travels - Sicily Dreamers - October 31, 2025",Active,"2025 Classic Sicily - 8 Days/7 Nights - Elite Travels - Sicily Dreamers - October 31, 2025",2025-10-31,2025-10-31,2024-06-04,2025-12-31,SCH-IT-SLA,C,8,Y,N,AA/AAA,Y,N,,<Main><AirOffset>1</AirOffset><FromCity>NYC</FromCity><ToCity>PMO</ToCity><ReturnFromCity>PMO</ReturnFromCity><ReturnToCity>NYC</ReturnToCity><AirReturnOffset></AirReturnOffset></Main><AIWhoStamp>Lyons_S</AIWhoStamp><AIDateStamp>2024-03-06 15:56:05.000</AIDateStamp>,,,<Pre><Service><ProductCode>ITPRENIGHTS</ProductCode><SupplierID>IT-PMO-NHP</SupplierID><ServiceID>STD-SBB</ServiceID></Service></Pre>,<Post><Last>Y</Last></Post>,,SLA25,0,N,,10,,"<CarOver24Hrs>N</CarOver24Hrs><PrefCommMethod></PrefCommMethod><Destination>AGO,PMO,TFC</Destination><FlexPKGProfile>N</FlexPKGProfile>",Y,1900-01-01,Markle_M,2025-05-19 00:00:00.000,Lyons_S,2025-06-01 19:29:57.430,2025-06-02 06:17:57.060,2025-07-25 04:41:47.517,2025-06-02 06:17:57.060,0
14855,IE-TAB-19-5D,2019 Taste of Ireland (Tour C) - 5 days/4 Nights Ref:201,Active,2019 Taste of Ireland (Tour C) - 5 days/4 Nights Ref:201,2019-01-01,2019-12-31,2017-01-01,2019-12-31,SCH-IE-TAB,T,5,Y,N,N,Y,Y,,<Main><AirOffset>1</AirOffset><FromCity>NYC</FromCity><ToCity>DUB</ToCity><ReturnFromCity>SNN</ReturnFromCity><ReturnToCity>NYC</ReturnToCity><AirReturnOffset></AirReturnOffset></Main><AIWhoStamp>BigginsT</AIWhoStamp><AIDateStamp>2016-01-23 18:03:17.000</AIDateStamp>,,,,,,TAB19,-1,N,"L:6|18AA-0AA/0A,36X;A:6|18AA-0AA/0A,36X",36,,<CarOver24Hrs>N</CarOver24Hrs><FlexPKGProfile>N</FlexPKGProfile>,Y,1900-01-01,Biggins_Tr,2017-06-14 00:00:00.000,Biggins_Tr,2019-08-27 16:19:00.370,2017-06-14 00:00:00.000,9999-12-31 00:00:00.000,2025-04-08 08:40:08.187,1
14856,IE-TAB-19-6D2,2019 Taste of Ireland (Tour B)- 6 Days/5 Nights Ref:201,Active,2019 Taste of Ireland (Tour B)- 6 Days/5 Nights Ref:201,2019-01-01,2019-12-31,2017-01-01,2019-12-31,SCH-IE-TAB,T,6,Y,N,AA,Y,Y,,<Main><AirOffset>1</AirOffset><FromCity>NYC</FromCity><ToCity>DUB</ToCity><ReturnFromCity>SNN</ReturnFromCity><ReturnToCity>NYC</ReturnToCity><AirReturnOffset></AirReturnOffset></Main><AIWhoStamp>Stynes_A</AIWhoStamp><AIDateStamp>2018-04-04 11:33:46.000</AIDateStamp>,,,,,,TAB19,0,N,"L:6|18AA-0AA/0A,36X;A:6|18AA-0AA/0A,36X",36,,<CarOver24Hrs>N</CarOver24Hrs><FlexPKGProfile>N</FlexPKGProfile>,Y,1900-01-01,Biggins_Tr,2018-11-16 00:00:00.000,Biggins_Tr,2019-08-27 16:19:33.617,2018-11-16 00:00:00.000,9999-12-31 00:00:00.000,2025-04-08 08:40:08.187,1
14857,IE-TAB-19-7D,2019 Taste of Ireland (Tour A)- 7 Days/6 Nights Ref:201,Active,2019 Taste of Ireland (Tour A)- 7 Days/6 Nights Ref:201,2019-01-01,2019-12-31,2017-01-01,2019-12-31,SCH-IE-TAB,T,7,Y,N,N,Y,Y,,<Main><AirOffset>1</AirOffset><FromCity>NYC</FromCity><ToCity>DUB</ToCity><ReturnFromCity>DUB</ReturnFromCity><ReturnToCity>NYC</ReturnToCity></Main>,,,,,,TAB19,0,N,"L:6|18AA-0AA/0A,36X;A:6|18AA-0AA/0A,36X",36,,<CarOver24Hrs>N</CarOver24Hrs><FlexPKGProfile>N</FlexPKGProfile>,Y,1900-01-01,Folsom_G,2017-06-14 00:00:00.000,Douglas_P,2019-08-07 08:28:24.867,2017-06-14 00:00:00.000,9999-12-31 00:00:00.000,2025-04-08 08:40:08.187,1
14858,IE-TAB-20-5D,2020 Taste of Ireland (Tour C)- 5 Days/4 Nights Ref:201,Active,2020 Taste of Ireland (Tour C)- 5 Days/4 Nights Ref:201,2020-01-01,2020-12-31,2018-01-01,2020-12-31,SCH-IE-TAB,T,5,Y,N,N,Y,Y,,<Main><AirOffset>1</AirOffset><FromCity>NYC</FromCity><ToCity>DUB</ToCity><ReturnFromCity>SNN</ReturnFromCity><ReturnToCity>NYC</ReturnToCity><AirReturnOffset></AirReturnOffset></Main><AIWhoStamp>BigginsT</AIWhoStamp><AIDateStamp>2016-01-26 15:32:17.000</AIDateStamp>,,,,,,TAB20,-1,N,"L:6|18AA-0AA/0A,36X;A:6|18AA-0AA/0A,36X",36,,<CarOver24Hrs>N</CarOver24Hrs><FlexPKGProfile>N</FlexPKGProfile>,Y,1900-01-01,Biggins_Tr,2019-05-09 00:00:00.000,Lyons_S,2020-04-08 13:51:30.483,2019-05-09 00:00:00.000,9999-12-31 00:00:00.000,2025-04-08 08:40:08.187,1
14859,IE-TAB-20-6D2,2020 Taste of Ireland (Tour B)- 6 Days/5 Nights Ref:201,Active,2020 Taste of Ireland (Tour B)- 6 Days/5 Nights Ref:201,2020-01-01,2020-12-31,2018-01-01,2020-12-31,SCH-IE-TAB,T,6,Y,N,N,Y,Y,,<Main><AirOffset>1</AirOffset><FromCity>NYC</FromCity><ToCity>DUB</ToCity><ReturnFromCity>SNN</ReturnFromCity><ReturnToCity>NYC</ReturnToCity><AirReturnOffset></AirReturnOffset></Main><AIWhoStamp>Tsao_R</AIWhoStamp><AIDateStamp>2019-05-21 16:36:48.000</AIDateStamp>,,,,,,TAB20,0,N,"L:4.5|18AA-0AA/0A,36X;A:4.5|18AA-0AA/0A,36X",36,,<CarOver24Hrs>N</CarOver24Hrs><FlexPKGProfile>N</FlexPKGProfile>,Y,1900-01-01,Biggins_Tr,2018-07-24 00:00:00.000,Biggins_Tr,2020-06-11 13:29:55.217,2018-07-24 00:00:00.000,9999-12-31 00:00:00.000,2025-04-08 08:40:08.187,1
14860,IE-TAB-20-7D,2020 Taste of Ireland (Tour A)- 7 Days/6 Nights Ref:201,Active,2020 Taste of Ireland (Tour A)- 7 Days/6 Nights Ref:201,2020-01-01,2020-12-31,2018-01-01,2020-12-31,SCH-IE-TAB,T,7,Y,N,N,Y,Y,,<Main><AirOffset>1</AirOffset><FromCity>NYC</FromCity><ToCity>DUB</ToCity><ReturnFromCity>DUB</ReturnFromCity><ReturnToCity>NYC</ReturnToCity></Main>,,,,,,TAB20,0,N,"L:4.5|18AA-0AA/0A,36X;A:4.5|18AA-0AA/0A,36X",36,,<CarOver24Hrs>N</CarOver24Hrs><FlexPKGProfile>N</FlexPKGProfile>,Y,1900-01-01,BigginsT,2018-07-24 17:55:11.013,Biggins_Tr,2020-06-11 13:28:45.870,2018-07-24 17:55:11.013,9999-12-31 00:00:00.000,2025-04-08 08:40:08.187,1
14861,IE-TAB-21-5D,2021 Taste of Ireland (Tour C) - 5 Days/4 Nights Ref:201,Loading,2021 Taste of Ireland (Tour C) - 5 Days/4 Nights Ref:201,2021-01-01,2021-12-31,2019-01-01,2021-12-31,SCH-IE-TAB,T,5,Y,N,N,Y,Y,,<Main><AirOffset>1</AirOffset><FromCity>NYC</FromCity><ToCity>DUB</ToCity><ReturnFromCity>SNN</ReturnFromCity><ReturnToCity>NYC</ReturnToCity><AirReturnOffset></AirReturnOffset></Main><AIWhoStamp>BigginsT</AIWhoStamp><AIDateStamp>2016-01-26 15:32:17.000</AIDateStamp>,,,,,,TAB21,-1,N,"L:4.5|18AA-0AA/0A,36X;A:4.5|18AA-0AA/0A,36X",36,,<CarOver24Hrs>N</CarOver24Hrs><FlexPKGProfile>N</FlexPKGProfile>,N,1900-01-01,SoftripA,2019-09-12 00:00:00.000,Nolan_Amy,2021-07-30 14:44:59.543,2019-09-12 00:00:00.000,9999-12-31 00:00:00.000,2025-04-08 08:40:08.187,1
16085,626708,"2025 Ireland's Wild Atlantic Way - 10 Days/9 Nights - The Farrell Group - June 22, 2025",Expired,"2025 Ireland's Wild Atlantic Way - 10 Days/9 Nights - The Farrell Group - June 22, 2025",2025-06-22,2025-06-22,2010-01-01,2025-12-31,SCH-IE-IWA,C,10,Y,N,AA/AAA,Y,N,,<Main><AirOffset>1</AirOffset><FromCity>NYC</FromCity><ToCity>DUB</ToCity><ReturnFromCity>DUB</ReturnFromCity><ReturnToCity>NYC</ReturnToCity></Main>,,,<Pre><Service><ProductCode>IEPRENIGHTS</ProductCode><SupplierID>IE-DUB-CCA</SupplierID><ServiceID>STD-SBB</ServiceID></Service></Pre>,<Post><Last>Y</Last></Post>,,IWA25,0,N,,10,,"<CarOver24Hrs>N</CarOver24Hrs><PrefCommMethod></PrefCommMethod><Destination>DON,KER,MAY,LIM,DUB</Destination><FlexPKGProfile>N</FlexPKGProfile>",Y,1900-01-01,doig_l,2025-02-04 00:00:00.000,Caldeira_N,2025-05-01 20:30:31.237,2025-05-02 04:23:56.197,2025-07-25 04:41:47.517,2025-05-02 04:23:56.197,0
13472,626712,"2026 The Irish Pub Tour - 9 Days/8 Nights - RSC Vacations - May 2, 2026",Pending,"2026 The Irish Pub Tour - 9 Days/8 Nights - RSC Vacations - May 2, 2026",2026-05-02,2026-05-02,2010-01-01,2026-12-31,SCH-IE-PUA,C,9,Y,N,AA/AAA,Y,N,,<Main><AirOffset>1</AirOffset><FromCity>NYC</FromCity><ToCity>DUB</ToCity><ReturnFromCity>DUB</ReturnFromCity><ReturnToCity>NYC</ReturnToCity></Main>,,,<Pre><First>Y</First></Pre>,<Post><Last>Y</Last></Post>,,PUA26,0,N,,30,,"<CarOver24Hrs>N</CarOver24Hrs><PrefCommMethod></PrefCommMethod><Destination>KER,KIK,DUB,GAL,WES</Destination><FlexPKGProfile>N</FlexPKGProfile>",Y,1900-01-01,doig_l,2025-02-04 00:00:00.000,Lyons_S,2025-03-19 18:03:55.963,2025-02-04 00:00:00.000,2025-07-25 04:41:47.517,2025-04-08 08:40:08.187,0
15439,626712,"2026 The Irish Pub Tour - 9 Days/8 Nights - RSC Vacations - May 2, 2026",Expired,"2026 The Irish Pub Tour - 9 Days/8 Nights - RSC Vacations - May 2, 2026",2026-05-02,2026-05-02,2010-01-01,2026-12-31,SCH-IE-PUA,C,9,Y,N,AA/AAA,Y,N,,<Main><AirOffset>1</AirOffset><FromCity>NYC</FromCity><ToCity>DUB</ToCity><ReturnFromCity>DUB</ReturnFromCity><ReturnToCity>NYC</ReturnToCity></Main>,,,<Pre><First>Y</First></Pre>,<Post><Last>Y</Last></Post>,,PUA26,0,N,,30,,"<CarOver24Hrs>N</CarOver24Hrs><PrefCommMethod></PrefCommMethod><Destination>KER,KIK,DUB,GAL,WES</Destination><FlexPKGProfile>N</FlexPKGProfile>",Y,1900-01-01,doig_l,2025-02-04 00:00:00.000,Davies_Ja,2025-04-15 15:43:25.963,2025-04-16 04:53:38.903,2026-01-27 07:02:14.560,2025-04-16 04:53:38.903,0
13473,626736,"2025 Taste of Ireland (Tour A)- 7 Days/6 Nights- Escape Into Travel- October 10, 2025",Active,"2025 Taste of Ireland (Tour A)- 7 Days/6 Nights- Escape Into Travel- October 10, 2025",2025-10-10,2025-10-10,2010-01-01,2025-12-31,SCH-IE-TAA,C,7,Y,N,AA/AAA,Y,N,,<Main><AirOffset>1</AirOffset><FromCity>NYC</FromCity><ToCity>DUB</ToCity><ReturnFromCity>DUB</ReturnFromCity><ReturnToCity>NYC</ReturnToCity></Main>,,,<Pre><First>Y</First></Pre>,<Post><Last>Y</Last></Post>,,TAA25,0,N,,10,,"<CarOver24Hrs>N</CarOver24Hrs><PrefCommMethod></PrefCommMethod><Destination>LIM,DUB,KER</Destination><FlexPKGProfile>N</FlexPKGProfile>",Y,1900-01-01,doig_l,2025-02-04 00:00:00.000,Davies_Ja,2025-02-10 21:10:07.377,2025-02-04 00:00:00.000,2025-07-25 04:41:47.517,2025-04-08 08:40:08.187,0
16653,626736,"CXLD - 2025 Taste of Ireland (Tour A)- 7 Days/6 Nights- Escape Into Travel- October 10, 2025",Closed,"CXLD - 2025 Taste of Ireland (Tour A)- 7 Days/6 Nights- Escape Into Travel- October 10, 2025",2025-10-10,2025-10-10,2010-01-01,2025-12-31,SCH-IE-TAA,C,7,Y,N,AA/AAA,Y,N,,<Main><AirOffset>1</AirOffset><FromCity>NYC</FromCity><ToCity>DUB</ToCity><ReturnFromCity>DUB</ReturnFromCity><ReturnToCity>NYC</ReturnToCity></Main>,,,<Pre><First>Y</First></Pre>,<Post><Last>Y</Last></Post>,,,0,N,,0,,"<CarOver24Hrs>N</CarOver24Hrs><PrefCommMethod></PrefCommMethod><Destination>LIM,DUB,KER</Destination><FlexPKGProfile>N</FlexPKGProfile>",Y,1900-01-01,doig_l,2025-02-04 00:00:00.000,Davies_Ja,2025-05-13 15:22:57.890,2025-05-14 06:43:12.710,9999-12-31 00:00:00.000,2025-05-14 06:43:12.710,1
13474,626745,Travel Outlet of NY,Pending,Travel Outlet of NY,2025-09-26,2025-09-26,2025-02-04,2025-09-26,GRP-IE-KS-1,C,9,Y,N,AA,Y,N,,,,,,,,IE-626745,0,Y,"L:5|7AA-0AA/0A,7.5|9.5AA-0AA/0A,10|12AA-0AA/0A,12.5|14.5AA-0AA/0A,15|17AA-0AA/0A,17.5|19.5AA-0AA/0A,20|22AA-0AA/0A,22.5|24AA-0AA/0A,48X;A:5|7AA-0AA/0A,7.5|9.5AA-0AA/0A,10|12AA-0AA/0A,12.5|14.5AA-0AA/0A,15|17AA-0AA/0A,17.5|19.5AA-0AA/0A,20|22AA-0AA/0A,22.5|24AA-0AA/0A,48X",10,,<CarOver24Hrs>N</CarOver24Hrs><FlexPKGProfile>N</FlexPKGProfile>,N,1900-01-01,Smith_K,2025-02-04 00:00:00.000,Smith_K,2025-02-04 20:36:02.380,2025-02-04 00:00:00.000,2025-07-25 04:41:47.517,2025-04-08 08:40:08.187,0
13512,627543,Spain - Dream Vacations,Pending,Spain - Dream Vacations,2025-09-21,2025-09-21,2025-02-13,2025-09-21,GRP-EU-KS,C,7,Y,N,N,Y,N,,,,,,,,EU-627543,0,Y,"L:5|7AA-0AA/0A,7.5|9.5AA-0AA/0A,10|12AA-0AA/0A,12.5|14.5AA-0AA/0A,15|17AA-0AA/0A,17.5|19.5AA-0AA/0A,20|22AA-0AA/0A,22.5|24AA-0AA/0A,48X;A:5|7AA-0AA/0A,7.5|9.5AA-0AA/0A,10|12AA-0AA/0A,12.5|14.5AA-0AA/0A,15|17AA-0AA/0A,17.5|19.5AA-0AA/0A,20|22AA-0AA/0A,22.5|24AA-0AA/0A,48X",20,,<CarOver24Hrs>N</CarOver24Hrs><FlexPKGProfile>N</FlexPKGProfile>,N,1900-01-01,Smith_K,2025-02-13 00:00:00.000,Smith_K,2025-02-13 14:16:28.067,2025-02-13 00:00:00.000,2025-07-25 04:41:47.517,2025-04-08 08:40:08.187,0
13513,627549,"2026 Taste of Scotland & Ireland - 11 Days/10 Nights - Travel Advantage LLC - September 18, 2026",Pending,"2026 Taste of Scotland & Ireland - 11 Days/10 Nights - Travel Advantage LLC - September 18, 2026",2026-09-18,2026-09-18,2010-01-01,2026-12-31,SCH-GB-SCA,C,11,Y,N,AA/AAA,Y,N,,<Main><AirOffset>1</AirOffset><FromCity>NYC</FromCity><ToCity>EDI</ToCity><ReturnFromCity>DUB</ReturnFromCity><ReturnToCity>NYC</ReturnToCity><AirReturnOffset></AirReturnOffset></Main><AIWhoStamp>Biggins_Tr</AIWhoStamp><AIDateStamp>2022-09-06 17:09:55.000</AIDateStamp>,,,<Pre><Service><ProductCode>UKPRENIGHTS</ProductCode><SupplierID>GB-GLA-GTH</SupplierID><ServiceID>STD-SBB</ServiceID></Service></Pre>,<Post><Last>Y</Last></Post>,,SCA26,0,N,,30,,"<CarOver24Hrs>N</CarOver24Hrs><PrefCommMethod></PrefCommMethod><Destination>GLA,NAI,EDI,KER,DUB,LIM</Destination><FlexPKGProfile>N</FlexPKGProfile>",Y,1900-01-01,Markle_M,2025-02-13 00:00:00.000,Zanchetta_I,2025-03-27 13:06:56.090,2025-02-13 00:00:00.000,2025-07-25 04:41:47.517,2025-04-08 08:40:08.187,0
15270,627549,"2026 Taste of Scotland & Ireland - 11 Days/10 Nights - Travel Advantage LLC - September 18, 2026",Pending,"2026 Taste of Scotland & Ireland - 11 Days/10 Nights - Travel Advantage LLC - September 18, 2026",2026-09-18,2026-09-18,2010-01-01,2026-12-31,SCH-GB-SCA,C,11,Y,N,AA/AAA,Y,N,,<Main><AirOffset>1</AirOffset><FromCity>NYC</FromCity><ToCity>EDI</ToCity><ReturnFromCity>DUB</ReturnFromCity><ReturnToCity>NYC</ReturnToCity><AirReturnOffset></AirReturnOffset></Main><AIWhoStamp>Biggins_Tr</AIWhoStamp><AIDateStamp>2022-09-06 17:09:55.000</AIDateStamp>,,,<Pre><Service><ProductCode>UKPRENIGHTS</ProductCode><SupplierID>GB-GLA-GTH</SupplierID><ServiceID>STD-SBB</ServiceID></Service></Pre>,<Post><Last>Y</Last></Post>,,SCA26,0,N,,30,,"<CarOver24Hrs>N</CarOver24Hrs><PrefCommMethod></PrefCommMethod><Destination>GLA,NAI,EDI,KER,DUB,LIM</Destination><FlexPKGProfile>N</FlexPKGProfile>",Y,1900-01-01,Markle_M,2025-02-13 00:00:00.000,Lyons_S,2025-04-11 15:30:44.640,2025-04-15 09:44:58.910,2025-07-25 04:41:47.517,2025-04-15 09:44:58.910,0
16158,627549,"2026 Taste of Scotland & Ireland - 11 Days/10 Nights - Travel Advantage LLC - September 18, 2026",Pending,"2026 Taste of Scotland & Ireland - 11 Days/10 Nights - Travel Advantage LLC - September 18, 2026",2026-09-18,2026-09-18,2010-01-01,2026-12-31,SCH-GB-SCA,C,11,Y,N,AA/AAA,Y,N,,<Main><AirOffset>1</AirOffset><FromCity>NYC</FromCity><ToCity>EDI</ToCity><ReturnFromCity>DUB</ReturnFromCity><ReturnToCity>NYC</ReturnToCity><AirReturnOffset></AirReturnOffset></Main><AIWhoStamp>Biggins_Tr</AIWhoStamp><AIDateStamp>2022-09-06 17:09:55.000</AIDateStamp>,,,<Pre><Service><ProductCode>UKPRENIGHTS</ProductCode><SupplierID>GB-GLA-GTH</SupplierID><ServiceID>STD-SBB</ServiceID></Service></Pre>,<Post><Last>Y</Last></Post>,,SCA26,0,N,,30,,"<CarOver24Hrs>N</CarOver24Hrs><PrefCommMethod></PrefCommMethod><Destination>GLA,NAI,EDI,KER,DUB,LIM</Destination><FlexPKGProfile>N</FlexPKGProfile>",Y,1900-01-01,Markle_M,2025-02-13 00:00:00.000,Stynes_A,2025-05-02 14:25:51.877,2025-05-03 04:35:37.930,2025-07-25 04:41:47.517,2025-05-03 04:35:37.930,0
16445,627549,"2026 Taste of Scotland & Ireland - 11 Days/10 Nights - Travel Advantage LLC - September 18, 2026",Multi-Expired,"2026 Taste of Scotland & Ireland - 11 Days/10 Nights - Travel Advantage LLC - September 18, 2026",2026-09-18,2026-09-18,2010-01-01,2026-12-31,SCH-GB-SCA,C,11,Y,N,AA/AAA,Y,N,,<Main><AirOffset>1</AirOffset><FromCity>NYC</FromCity><ToCity>EDI</ToCity><ReturnFromCity>DUB</ReturnFromCity><ReturnToCity>NYC</ReturnToCity><AirReturnOffset></AirReturnOffset></Main><AIWhoStamp>Biggins_Tr</AIWhoStamp><AIDateStamp>2022-09-06 17:09:55.000</AIDateStamp>,,,<Pre><Service><ProductCode>UKPRENIGHTS</ProductCode><SupplierID>GB-GLA-GTH</SupplierID><ServiceID>STD-SBB</ServiceID></Service></Pre>,<Post><Last>Y</Last></Post>,,SCA26,0,N,,30,,"<CarOver24Hrs>N</CarOver24Hrs><PrefCommMethod></PrefCommMethod><Destination>GLA,NAI,EDI,KER,DUB,LIM</Destination><FlexPKGProfile>N</FlexPKGProfile>",Y,1900-01-01,Markle_M,2025-02-13 00:00:00.000,Markle_M,2025-05-08 21:04:13.070,2025-05-09 04:35:46.410,2025-09-03 05:56:39.483,2025-05-09 04:35:46.410,0
13744,630839,"2026 Taste of Ireland (Tour C) - 5 Days/4 Nights - Cruises & Tours Unlimited - April 13, 2026",Active,"2026 Taste of Ireland (Tour C) - 5 Days/4 Nights - Cruises & Tours Unlimited - April 13, 2026",2026-04-13,2026-04-13,2010-01-01,2026-04-13,SCH-IE-TAA,C,5,Y,N,AA/AAA,Y,N,,<Main><AirOffset>1</AirOffset><FromCity>NYC</FromCity><ToCity>DUB</ToCity><ReturnFromCity>SNN</ReturnFromCity><ReturnToCity>NYC</ReturnToCity><AirReturnOffset></AirReturnOffset></Main><AIWhoStamp>BigginsT</AIWhoStamp><AIDateStamp>2016-01-26 15:32:17.000</AIDateStamp>,,,,,,TAA26,-1,N,,16,,"<CarOver24Hrs>N</CarOver24Hrs><PrefCommMethod></PrefCommMethod><Destination>LIM,KER,DUB</Destination><FlexPKGProfile>N</FlexPKGProfile>",Y,1900-01-01,Markle_M,2025-03-20 00:00:00.000,Davies_Ja,2025-04-01 17:37:13.350,2025-03-20 00:00:00.000,2025-07-25 04:41:47.517,2025-04-08 08:40:08.187,0
15803,630839,"2026 Taste of Ireland (Tour C) - 5 Days/4 Nights - Cruises & Tours Unlimited - April 13, 2026",Active,"2026 Taste of Ireland (Tour C) - 5 Days/4 Nights - Cruises & Tours Unlimited - April 13, 2026",2026-04-13,2026-04-13,2010-01-01,2026-04-13,SCH-IE-TAA,C,5,Y,N,AA/AAA,Y,N,,<Main><AirOffset>1</AirOffset><FromCity>NYC</FromCity><ToCity>DUB</ToCity><ReturnFromCity>SNN</ReturnFromCity><ReturnToCity>NYC</ReturnToCity><AirReturnOffset></AirReturnOffset></Main><AIWhoStamp>BigginsT</AIWhoStamp><AIDateStamp>2016-01-26 15:32:17.000</AIDateStamp>,,,,,,TAA26,-1,N,,16,,"<CarOver24Hrs>N</CarOver24Hrs><PrefCommMethod></PrefCommMethod><Destination>LIM,KER,DUB</Destination><FlexPKGProfile>N</FlexPKGProfile>",Y,1900-01-01,Markle_M,2025-03-20 00:00:00.000,Douglas_P,2025-04-17 15:17:59.663,2025-04-28 19:00:19.260,2025-07-25 04:41:47.517,2025-04-28 19:00:19.260,0
17005,630839,"2026 Taste of Ireland (Tour C) - 5 Days/4 Nights - Cruises & Tours Unlimited - April 13, 2026",Active,"2026 Taste of Ireland (Tour C) - 5 Days/4 Nights - Cruises & Tours Unlimited - April 13, 2026",2026-04-13,2026-04-13,2010-01-01,2026-04-13,SCH-IE-TAA,C,5,Y,N,AA/AAA,Y,N,,<Main><AirOffset>1</AirOffset><FromCity>NYC</FromCity><ToCity>DUB</ToCity><ReturnFromCity>SNN</ReturnFromCity><ReturnToCity>NYC</ReturnToCity><AirReturnOffset></AirReturnOffset></Main><AIWhoStamp>BigginsT</AIWhoStamp><AIDateStamp>2016-01-26 15:32:17.000</AIDateStamp>,,,,,,TAA26,-1,N,,16,,"<CarOver24Hrs>N</CarOver24Hrs><PrefCommMethod></PrefCommMethod><Destination>LIM,KER,DUB</Destination><FlexPKGProfile>N</FlexPKGProfile>",Y,1900-01-01,Markle_M,2025-03-20 00:00:00.000,Stynes_A,2025-05-20 14:24:11.693,2025-05-21 06:42:32.540,2025-07-25 04:41:47.517,2025-05-21 06:42:32.540,0
17357,630839,"CXLD - 2026 Taste of Ireland (Tour C) - 5 Days/4 Nights - Cruises & Tours Unlimited - April 13, 2026",Closed,"CXLD - 2026 Taste of Ireland (Tour C) - 5 Days/4 Nights - Cruises & Tours Unlimited - April 13, 2026",2026-04-13,2026-04-13,2010-01-01,2026-04-13,SCH-IE-TAA,C,5,Y,N,AA/AAA,Y,N,,<Main><AirOffset>1</AirOffset><FromCity>NYC</FromCity><ToCity>DUB</ToCity><ReturnFromCity>SNN</ReturnFromCity><ReturnToCity>NYC</ReturnToCity><AirReturnOffset></AirReturnOffset></Main><AIWhoStamp>BigginsT</AIWhoStamp><AIDateStamp>2016-01-26 15:32:17.000</AIDateStamp>,,,,,,,-1,N,,,,"<CarOver24Hrs>N</CarOver24Hrs><PrefCommMethod></PrefCommMethod><Destination>LIM,KER,DUB</Destination><FlexPKGProfile>N</FlexPKGProfile>",Y,1900-01-01,Markle_M,2025-03-20 00:00:00.000,Davies_Ja,2025-05-23 15:35:22.713,2025-05-24 06:26:39.947,9999-12-31 00:00:00.000,2025-05-24 06:26:39.947,1
13745,630844,HC Travel Firm,Pending,HC Travel Firm,2025-08-03,2025-08-03,2025-03-20,2025-08-03,GRP-GB-BOS-WH,C,8,Y,N,AA,Y,N,,,,,,,,GB-630844,0,Y,"L:5|7AA-0AA/0A,7.5|9.5AA-0AA/0A,10|12AA-1AA/0A,12.5|14.5AA-1AA/0A,15|17AA-2AA/0A,17.5|19.5AA-2AA/0A,20|22AA-2AA/0A,22.5|24AA-2AA/0A,48X;A:5|7AA-0AA/0A,7.5|9.5AA-0AA/0A,10|12AA-0AA/0A,12.5|14.5AA-0AA/0A,15|17AA-0AA/0A,17.5|19.5AA-0AA/0A,20|22AA-0AA/0A,22.5|24AA-0AA/0A,48X",10,,<CarOver24Hrs>N</CarOver24Hrs><FlexPKGProfile>N</FlexPKGProfile>,N,1900-01-01,Hager_W,2025-03-20 00:00:00.000,Smith_K,2025-03-20 16:35:14.143,2025-03-20 00:00:00.000,2025-07-25 04:41:47.517,2025-04-08 08:40:08.187,0
13746,630845,"2026 Best of Ireland South (Tour A) - 8 Days/7 Nights - Global Link Travel Network - June 13, 2026",Pending,"2026 Best of Ireland South (Tour A) - 8 Days/7 Nights - Global Link Travel Network - June 13, 2026",2026-06-13,2026-06-13,2010-01-01,2026-12-31,SCH-IE-ISA,C,8,Y,N,AA/AAA,Y,N,,<Main><AirOffset>1</AirOffset><FromCity>NYC</FromCity><ToCity>DUB</ToCity><ReturnFromCity>DUB</ReturnFromCity><ReturnToCity>NYC</ReturnToCity></Main>,,,<Pre><First>Y</First></Pre>,<Post><Last>Y</Last></Post>,,ISA26,0,N,,24,,"<CarOver24Hrs>N</CarOver24Hrs><PrefCommMethod></PrefCommMethod><Destination>DUB,CLA,KER</Destination><FlexPKGProfile>N</FlexPKGProfile>",Y,1900-01-01,doig_l,2025-03-20 00:00:00.000,Davies_Ja,2025-03-20 16:40:52.493,2025-03-20 00:00:00.000,2025-07-25 04:41:47.517,2025-04-08 08:40:08.187,0
15804,630845,"2026 Best of Ireland South (Tour A) - 8 Days/7 Nights - Global Link Travel Network - June 13, 2026",Expired,"2026 Best of Ireland South (Tour A) - 8 Days/7 Nights - Global Link Travel Network - June 13, 2026",2026-06-13,2026-06-13,2010-01-01,2026-12-31,SCH-IE-ISA,C,8,Y,N,AA/AAA,Y,N,,<Main><AirOffset>1</AirOffset><FromCity>NYC</FromCity><ToCity>DUB</ToCity><ReturnFromCity>DUB</ReturnFromCity><ReturnToCity>NYC</ReturnToCity></Main>,,,<Pre><First>Y</First></Pre>,<Post><Last>Y</Last></Post>,,ISA26,0,N,,24,,"<CarOver24Hrs>N</CarOver24Hrs><PrefCommMethod></PrefCommMethod><Destination>DUB,CLA,KER</Destination><FlexPKGProfile>N</FlexPKGProfile>",Y,1900-01-01,doig_l,2025-03-20 00:00:00.000,Mahnken_J,2025-04-24 17:34:08.680,2025-04-28 19:00:19.260,2025-08-30 06:02:13.970,2025-04-28 19:00:19.260,0
10025,579883,Travel Solutions,Internal,Travel Solutions,2023-08-20,2023-08-20,2023-05-19,2023-06-09,GRP-EU-KS,C,14,Y,N,AA,Y,N,,,,,,,,EU-579883,0,Y,"L:5|7AA-0AA/0A,7.5|9.5AA-0AA/0A,19X;A:5|7AA-0AA/0A,7.5|9.5AA-0AA/0A,19X",14,,<CarOver24Hrs>N</CarOver24Hrs><FlexPKGProfile>N</FlexPKGProfile>,Y,1900-01-01,Smith_K,2023-05-19 00:00:00.000,Smith_K,2023-06-29 14:24:22.767,2023-05-19 00:00:00.000,9999-12-31 00:00:00.000,2025-04-08 08:40:08.187,1
10026,579885,"2023 Scots Irish Tour - 11 Days/10 Nights - Cruise Planners - September 19, 2023",Expired,"2023 Scots Irish Tour - 11 Days/10 Nights - Cruise Planners - September 19, 2023",2023-09-19,2023-09-19,2010-01-01,2023-12-31,SCH-GB-SNA,C,11,Y,N,AA/AAA,Y,N,,<Main><AirOffset>1</AirOffset><FromCity>NYC</FromCity><ToCity>EDI</ToCity><ReturnFromCity>SNN</ReturnFromCity><ReturnToCity>NYC</ReturnToCity><AirReturnOffset></AirReturnOffset></Main><AIWhoStamp>BigginsT</AIWhoStamp><AIDateStamp>2016-01-22 14:33:35.000</AIDateStamp>,,,<Pre><First>Y</First></Pre>,<Post><Last>Y</Last></Post>,,SNA23,0,N,,0,,<CarOver24Hrs>N</CarOver24Hrs><FlexPKGProfile>N</FlexPKGProfile>,Y,1900-01-01,doig_l,2023-05-19 00:00:00.000,Maguire_Ev,2023-08-15 09:37:33.643,2023-05-19 00:00:00.000,9999-12-31 00:00:00.000,2025-04-08 08:40:08.187,1
10027,579889,"CXLD - 2024 Scottish & Irish Dream- 13 Days/12 Nights- The McBroom Group- April 14, 2024",Closed,"CXLD - 2024 Scottish & Irish Dream- 13 Days/12 Nights- The McBroom Group- April 14, 2024",2024-04-14,2024-04-14,2010-01-01,2024-12-31,SCH-GB-DRA,C,13,Y,N,AA/AAA,Y,N,,<Main><AirOffset>1</AirOffset><FromCity>NYC</FromCity><ToCity>EDI</ToCity><ReturnFromCity>SNN</ReturnFromCity><ReturnToCity>NYC</ReturnToCity><AirReturnOffset></AirReturnOffset></Main><AIWhoStamp>Biggins_Tr</AIWhoStamp><AIDateStamp>2022-09-06 16:55:06.000</AIDateStamp>,,,<Pre><First>Y</First></Pre>,,,,0/7,N,,0,,<CarOver24Hrs>N</CarOver24Hrs><FlexPKGProfile>N</FlexPKGProfile>,Y,1900-01-01,Wilson_N,2023-05-19 00:00:00.000,Wilson_N,2023-10-24 16:46:49.567,2023-05-19 00:00:00.000,9999-12-31 00:00:00.000,2025-04-08 08:40:08.187,1
10028,579890,"2024 Irish Legends - 10 Days/9 Nights - Renaissance Travel & Events - September 6, 2024",Expired,"2024 Irish Legends - 10 Days/9 Nights - Renaissance Travel & Events - September 6, 2024",2024-09-06,2024-09-06,2010-01-01,2024-12-31,SCH-IE-LEA,C,10,Y,N,AA/AAA,Y,N,,<Main><AirOffset>1</AirOffset><FromCity>NYC</FromCity><ToCity>DUB</ToCity><ReturnFromCity>DUB</ReturnFromCity><ReturnToCity>NYC</ReturnToCity></Main>,,,<Pre><Service><ProductCode>IEPRENIGHTS</ProductCode><SupplierID>IE-MEA-DCA</SupplierID><ServiceID>STD-SBB</ServiceID></Service></Pre>,<Post><Last>Y</Last></Post>,,LEA24,0,N,,0,,"<CarOver24Hrs>N</CarOver24Hrs><FlexPKGProfile>N</FlexPKGProfile><PrefCommMethod></PrefCommMethod><Destination>KER,GAL,KIK,MEA,DUB</Destination>",Y,1900-01-01,doig_l,2023-05-19 00:00:00.000,Lyons_S,2024-06-18 13:41:24.387,2023-05-19 00:00:00.000,9999-12-31 00:00:00.000,2025-04-08 08:40:08.187,1
10029,579893,"2024 Irish Adventure - 9 Days/8 Nights - Inteletravel - October 7, 2024",Expired,"2024 Irish Adventure - 9 Days/8 Nights - Inteletravel - October 7, 2024",2024-10-07,2024-10-07,2010-01-01,2024-10-07,SCH-IE-ADA,C,9,Y,N,AA/AAA,Y,N,,<Main><AirOffset>1</AirOffset><FromCity>NYC</FromCity><ToCity>DUB</ToCity><ReturnFromCity>DUB</ReturnFromCity><ReturnToCity>NYC</ReturnToCity></Main>,,,<Pre><Service><ProductCode>IEPRENIGHTS</ProductCode><SupplierID>IE-DUB-MHL</SupplierID><ServiceID>STD-SBB</ServiceID></Service></Pre>,<Post><Last>Y</Last></Post>,,ADA24,0,N,,0,,<CarOver24Hrs>N</CarOver24Hrs><FlexPKGProfile>N</FlexPKGProfile>,Y,1900-01-01,Markle_M,2023-05-19 00:00:00.000,Lyons_S,2024-06-12 10:13:27.480,2023-05-19 00:00:00.000,9999-12-31 00:00:00.000,2025-04-08 08:40:08.187,1
10030,579918,The Cruise Store,Active,The Cruise Store,2024-05-02,2024-05-02,2023-05-19,2024-04-11,GRP-IE-KS-1,C,10,Y,N,AA,Y,Y,,<Main><AirOffset>1</AirOffset><FromCity>BOS</FromCity><ToCity>SNN</ToCity><ReturnFromCity>DUB</ReturnFromCity><ReturnToCity>HFD</ReturnToCity><AirReturnOffset></AirReturnOffset><IncludeContracts>Y</IncludeContracts><IncludeBlkContracts>Y</IncludeBlkContracts><BlockOnly>Y</BlockOnly><Market>579918</Market></Main><AIWhoStamp>Schindler_A</AIWhoStamp><AIDateStamp>2023-06-30 14:24:59.000</AIDateStamp>,"BOS,",,,,,IE-579918,0,Y,"L:5|7AA-0AA/0A,7.5|9.5AA-0AA/0A,10|12AA-1AA/0A,12.5|14.5AA-1AA/0A,15|17AA-2AA/0A,17.5|19.5AA-2AA/0A,20|22AA-2AA/0A,22.5|24AA-2AA/0A,48X;A:5|7AA-0AA/0A,7.5|9.5AA-0AA/0A,10|12AA-0AA/0A,12.5|14.5AA-0AA/0A,15|17AA-0AA/0A,17.5|19.5AA-0AA/0A,20|22AA-0AA/0A,22.5|24AA-0AA/0A,48X",46,,<CarOver24Hrs>N</CarOver24Hrs><FlexPKGProfile>N</FlexPKGProfile>,Y,1900-01-01,Smith_K,2023-05-19 00:00:00.000,Greene_Dh,2024-06-06 12:53:51.393,2023-05-19 00:00:00.000,9999-12-31 00:00:00.000,2025-04-08 08:40:08.187,1
11792,603691,"2025 Scottish & Irish Sampler - 7 Days/6 Nights - Party Animal Travel - April 20, 2025",Active,"2025 Scottish & Irish Sampler - 7 Days/6 Nights - Party Animal Travel - April 20, 2025",2025-04-20,2025-04-20,2010-01-01,2025-12-31,SCH-GB-CSA,C,7,Y,N,AA/AAA,Y,N,,<Main><AirOffset>1</AirOffset><FromCity>NYC</FromCity><ToCity>EDI</ToCity><ReturnFromCity>DUB</ReturnFromCity><ReturnToCity>NYC</ReturnToCity><AirReturnOffset></AirReturnOffset></Main><AIWhoStamp>Biggins_Tr</AIWhoStamp><AIDateStamp>2023-02-10 12:02:26.000</AIDateStamp>,,,<Pre><First>Y</First></Pre>,<Post><Last>Y</Last></Post>,,CSA25,0,N,,9,,"<CarOver24Hrs>N</CarOver24Hrs><FlexPKGProfile>N</FlexPKGProfile><PrefCommMethod></PrefCommMethod><Destination>DUB,BEL,EDI</Destination>",Y,1900-01-01,Wilson_N,2024-03-28 00:00:00.000,Wilson_N,2025-02-05 13:58:16.453,2024-03-28 00:00:00.000,9999-12-31 00:00:00.000,2025-04-08 08:40:08.187,1
11793,603727,FANTASTIC MEMORIES TRAVEL LLC,Expired,FANTASTIC MEMORIES TRAVEL LLC,2025-04-17,2025-04-17,2024-03-28,2025-04-17,GRP-GB-BOS-WH,C,8,Y,N,AA,Y,N,,,,,,,,GB-603727,0,Y,"L:5|7AA-0AA/0A,7.5|9.5AA-0AA/0A,10|12AA-1AA/0A,12.5|14.5AA-1AA/0A,15|17AA-2AA/0A,17.5|19.5AA-2AA/0A,20|22AA-2AA/0A,22.5|24AA-2AA/0A,48X;A:5|7AA-0AA/0A,7.5|9.5AA-0AA/0A,10|12AA-0AA/0A,12.5|14.5AA-0AA/0A,15|17AA-0AA/0A,17.5|19.5AA-0AA/0A,20|22AA-0AA/0A,22.5|24AA-0AA/0A,48X",20,,<CarOver24Hrs>N</CarOver24Hrs><FlexPKGProfile>N</FlexPKGProfile>,N,1900-01-01,Hager_W,2024-03-28 00:00:00.000,Caldeira_N,2024-09-12 18:14:42.560,2024-03-28 00:00:00.000,2025-07-25 04:41:47.517,2025-04-08 08:40:08.187,0
15495,603727,FANTASTIC MEMORIES TRAVEL LLC,Expired,FANTASTIC MEMORIES TRAVEL LLC,2025-04-17,2025-04-17,2024-03-28,2025-04-17,GRP-GB-BOS-WH,C,8,Y,N,AA,Y,N,,,,,,,,GB-603727,0,Y,"L:5|7AA-0AA/0A,7.5|9.5AA-0AA/0A,10|12AA-1AA/0A,12.5|14.5AA-1AA/0A,15|17AA-2AA/0A,17.5|19.5AA-2AA/0A,20|22AA-2AA/0A,22.5|24AA-2AA/0A,48X;A:5|7AA-0AA/0A,7.5|9.5AA-0AA/0A,10|12AA-0AA/0A,12.5|14.5AA-0AA/0A,15|17AA-0AA/0A,17.5|19.5AA-0AA/0A,20|22AA-0AA/0A,22.5|24AA-0AA/0A,48X",0,,<CarOver24Hrs>N</CarOver24Hrs><FlexPKGProfile>N</FlexPKGProfile>,N,1900-01-01,Hager_W,2024-03-28 00:00:00.000,Caldeira_N,2024-09-12 18:14:42.560,2025-04-17 05:07:41.510,9999-12-31 00:00:00.000,2025-04-17 05:07:41.510,1
12014,606585,"CXLD - 2025 Northern Lights Quest of Iceland - 6 Days/5 Nights - KHM Travel Group: Travel With Jess Hudson - February 9, 2025",Closed,"CXLD - 2025 Northern Lights Quest of Iceland - 6 Days/5 Nights - KHM Travel Group: Travel With Jess Hudson - February 9, 2025",2025-02-09,2025-02-09,2010-01-01,2025-12-31,SCH-IS-ICT,C,6,Y,N,AA,Y,N,,<Main><AirOffset>1</AirOffset><FromCity>NYC</FromCity><ToCity>REK</ToCity><ReturnFromCity>REK</ReturnFromCity><ReturnToCity>NYC</ReturnToCity><AirReturnOffset></AirReturnOffset></Main><AIWhoStamp>McInerney_M</AIWhoStamp><AIDateStamp>2018-11-29 09:30:09.000</AIDateStamp>,,,,<Post><Last>Y</Last></Post>,,,0,N,,0,,"<CarOver24Hrs>N</CarOver24Hrs><PrefCommMethod></PrefCommMethod><Destination>REK,NUP,HLL</Destination><FlexPKGProfile>N</FlexPKGProfile>",Y,1900-01-01,Wilson_N,2024-05-03 00:00:00.000,Davies_Ja,2024-08-08 17:38:33.967,2024-05-03 00:00:00.000,9999-12-31 00:00:00.000,2025-04-08 08:40:08.187,1
12015,606621,HUMBLE TRAVEL,Active,HUMBLE TRAVEL,2025-08-25,2025-08-25,2024-05-06,2025-06-11,GRP-IE-WH,C,8,Y,N,AA,Y,N,,,,,,,,IE-606621,0,Y,"L:5|7AA-0AA/0A,7.5|9.5AA-0AA/0A,10|12AA-1AA/0A,24X;A:5|7AA-0AA/0A,7.5|9.5AA-0AA/0A,10|12AA-0AA/0A,24X",15,,<CarOver24Hrs>N</CarOver24Hrs><FlexPKGProfile>N</FlexPKGProfile>,Y,1900-01-01,Hager_W,2024-05-06 00:00:00.000,,2025-03-03 11:17:35.967,2024-05-06 00:00:00.000,2025-05-10 04:34:24.933,2025-04-08 08:40:08.187,0
15995,606621,HUMBLE TRAVEL,Active,HUMBLE TRAVEL,2025-08-25,2025-08-25,2024-05-06,2025-06-11,GRP-IE-WH,C,8,Y,N,AA,Y,N,,,,,,,,IE-606621,0,Y,"L:5|7AA-0AA/0A,7.5|9.5AA-0AA/0A,10|12AA-1AA/0A,24X;A:5|7AA-0AA/0A,7.5|9.5AA-0AA/0A,10|12AA-0AA/0A,24X",15,,<CarOver24Hrs>N</CarOver24Hrs><FlexPKGProfile>N</FlexPKGProfile>,Y,1900-01-01,Hager_W,2024-05-06 00:00:00.000,Larkin_B,2025-04-29 08:52:19.430,2025-04-30 04:33:14.220,2025-05-10 04:34:24.933,2025-04-30 04:33:14.220,0
16481,606621,HUMBLE TRAVEL,Active,HUMBLE TRAVEL,2025-08-25,2025-08-25,2024-05-06,2025-06-11,GRP-IE-WH,C,8,Y,N,AA,Y,N,,,,,,,,IE-606621,0,Y,"L:5|7AA-0AA/0A,7.5|9.5AA-0AA/0A,10|12AA-1AA/0A,24X;A:5|7AA-0AA/0A,7.5|9.5AA-0AA/0A,10|12AA-0AA/0A,24X",15,,<CarOver24Hrs>N</CarOver24Hrs><FlexPKGProfile>N</FlexPKGProfile>,Y,1900-01-01,Hager_W,2024-05-06 00:00:00.000,Mahoney_he,2025-05-09 19:43:15.890,2025-05-10 04:34:51.893,2025-06-18 05:51:19.710,2025-05-10 04:34:51.893,0
12016,606623,"2025 The Irish Pub Tour - 9 Days/8 Nights - Cruises & Tours Unlimited - May 15, 2025",Expired,"2025 The Irish Pub Tour - 9 Days/8 Nights - Cruises & Tours Unlimited - May 15, 2025",2025-03-15,2025-03-15,2010-01-01,2025-12-31,SCH-IE-PUA,C,9,Y,N,AA/AAA,Y,N,,<Main><AirOffset>1</AirOffset><FromCity>NYC</FromCity><ToCity>DUB</ToCity><ReturnFromCity>DUB</ReturnFromCity><ReturnToCity>NYC</ReturnToCity></Main>,,,<Pre><First>Y</First></Pre>,<Post><Last>Y</Last></Post>,,PUA25,0,N,,0,,"<CarOver24Hrs>N</CarOver24Hrs><PrefCommMethod></PrefCommMethod><Destination>KER,KIK,DUB,GAL,WES</Destination><FlexPKGProfile>N</FlexPKGProfile>",Y,1900-01-01,Wilson_N,2024-05-06 00:00:00.000,Lyons_S,2025-03-11 15:23:15.307,2024-05-06 00:00:00.000,9999-12-31 00:00:00.000,2025-04-08 08:40:08.187,1
12017,606625,"2025 Scottish & Irish Gold - 16 Days/15 Nights - Nexion - June 4, 2025",Expired,"2025 Scottish & Irish Gold - 16 Days/15 Nights - Nexion - June 4, 2025",2025-06-04,2025-06-04,2010-01-01,2025-12-31,SCH-GB-DRA,C,16,Y,N,AA/AAA,Y,N,,<Main><AirOffset>1</AirOffset><FromCity>NYC</FromCity><ToCity>EDI</ToCity><ReturnFromCity>DUB</ReturnFromCity><ReturnToCity>NYC</ReturnToCity><AirReturnOffset></AirReturnOffset></Main><AIWhoStamp>Biggins_Tr</AIWhoStamp><AIDateStamp>2022-09-06 16:53:43.000</AIDateStamp>,,,<Pre><First>Y</First></Pre>,<Post><Last>Y</Last></Post>,,DRA25/GOA25,0/7,N,,32,,"<CarOver24Hrs>N</CarOver24Hrs><PrefCommMethod></PrefCommMethod><Destination>EDI,NAI,PES,DUB,GAL,KER,WAT,ARY,GLA,INV</Destination><FlexPKGProfile>N</FlexPKGProfile>",Y,1900-01-01,Wilson_N,2024-05-06 00:00:00.000,Lyons_S,2025-04-01 12:25:31.797,2024-05-06 00:00:00.000,2025-07-25 04:41:47.517,2025-04-08 08:40:08.187,0
12018,606627,"2024 Scottish Dream - 8 Days/7 Nights - AAA Northeast - October 27, 2024",Expired,"2024 Scottish Dream - 8 Days/7 Nights - AAA Northeast - October 27, 2024",2024-10-27,2024-10-27,2010-01-01,2024-12-31,SCH-GB-DRA,C,8,Y,N,AA/AAA,Y,Y,,<Main><AirOffset>1</AirOffset><FromCity>NYC</FromCity><ToCity>EDI</ToCity><ReturnFromCity>EDI</ReturnFromCity><ReturnToCity>NYC</ReturnToCity><AirReturnOffset></AirReturnOffset></Main><AIWhoStamp>Biggins_Tr</AIWhoStamp><AIDateStamp>2022-09-06 16:38:11.000</AIDateStamp>,,,<Pre><First>Y</First></Pre>,,,DRA24,0,N,,0,,"<CarOver24Hrs>N</CarOver24Hrs><FlexPKGProfile>N</FlexPKGProfile><PrefCommMethod></PrefCommMethod><Destination>EDI,NAI,PES,ARY,GLA</Destination>",Y,1900-01-01,Wilson_N,2024-05-06 00:00:00.000,Lyons_S,2024-09-19 17:08:24.283,2024-05-06 00:00:00.000,9999-12-31 00:00:00.000,2025-04-08 08:40:08.187,1
12019,606630,"2025 Scottish Dream - 8 Days/7 Nights - AAA Northeast - August 1, 2025",Expired,"2025 Scottish Dream - 8 Days/7 Nights - AAA Northeast - August 1, 2025",2025-08-01,2025-08-01,2010-01-01,2025-08-01,SCH-GB-DRA,C,8,Y,N,AA/AAA,Y,N,,<Main><AirOffset>1</AirOffset><FromCity>NYC</FromCity><ToCity>EDI</ToCity><ReturnFromCity>EDI</ReturnFromCity><ReturnToCity>NYC</ReturnToCity><AirReturnOffset></AirReturnOffset></Main><AIWhoStamp>Biggins_Tr</AIWhoStamp><AIDateStamp>2022-09-06 16:38:11.000</AIDateStamp>,,,<Pre><First>Y</First></Pre>,,,DRA25,0,N,,14,,"<CarOver24Hrs>N</CarOver24Hrs><FlexPKGProfile>N</FlexPKGProfile><PrefCommMethod></PrefCommMethod><Destination>EDI,NAI,PES,ARY,GLA,INV</Destination>",Y,1900-01-01,Wilson_N,2024-05-06 00:00:00.000,Lyons_S,2025-04-01 12:25:31.797,2024-05-06 00:00:00.000,9999-12-31 00:00:00.000,2025-04-08 08:40:08.187,1
13368,624305,Iceland - Spears Travel,Internal,Iceland - Spears Travel,2025-09-19,2025-09-19,2025-01-15,2025-07-03,GRP-EU-KS,C,10,Y,N,AA,Y,N,,,,,,,,EU-624305,0,Y,"L:12.5|14.5AA-0AA/0A,15|17AA-0AA/0A,17.5|19.5AA-0AA/0A,20|22AA-0AA/0A,44X;A:12.5|14.5AA-0AA/0A,15|17AA-0AA/0A,17.5|19.5AA-0AA/0A,20|22AA-0AA/0A,44X",25,,<CarOver24Hrs>N</CarOver24Hrs><FlexPKGProfile>N</FlexPKGProfile>,Y,1900-01-01,Smith_K,2025-01-15 00:00:00.000,Mahoney_he,2025-03-10 18:08:14.920,2025-01-15 00:00:00.000,2025-07-25 04:41:47.517,2025-04-08 08:40:08.187,0
15435,624305,Iceland - Spears Travel,Internal,Iceland - Spears Travel,2025-09-19,2025-09-19,2025-01-15,2025-07-03,GRP-EU-KS,C,10,Y,N,AA,Y,N,,,,,,,,EU-624305,0,Y,"L:12.5|14.5AA-0AA/0A,15|17AA-0AA/0A,17.5|19.5AA-0AA/0A,20|22AA-0AA/0A,44X;A:12.5|14.5AA-0AA/0A,15|17AA-0AA/0A,17.5|19.5AA-0AA/0A,20|22AA-0AA/0A,44X",25,,<CarOver24Hrs>N</CarOver24Hrs><FlexPKGProfile>N</FlexPKGProfile>,Y,1900-01-01,Smith_K,2025-01-15 00:00:00.000,Smith_K,2025-04-15 22:15:51.157,2025-04-16 04:53:38.903,2025-07-25 04:41:47.517,2025-04-16 04:53:38.903,0
13514,627580,TRAVELUXE,Pending,TRAVELUXE,2026-03-14,2026-03-14,2025-02-13,2026-03-14,GRP-IE-WH,C,10,Y,N,N,Y,N,,,,,,,,IE-627580,0,Y,"L:5|7AA-0AA/0A,7.5|9.5AA-0AA/0A,10|12AA-0AA/0A,12.5|14.5AA-0AA/0A,15|17AA-0AA/0A,17.5|19.5AA-0AA/0A,20|22AA-0AA/0A,22.5|24AA-0AA/0A,48X;A:5|7AA-0AA/0A,7.5|9.5AA-0AA/0A,10|12AA-0AA/0A,12.5|14.5AA-0AA/0A,15|17AA-0AA/0A,17.5|19.5AA-0AA/0A,20|22AA-0AA/0A,22.5|24AA-0AA/0A,48X",20,,<CarOver24Hrs>N</CarOver24Hrs><FlexPKGProfile>N</FlexPKGProfile>,N,1900-01-01,Hager_W,2025-02-13 00:00:00.000,Hager_W,2025-02-13 18:20:08.810,2025-02-13 00:00:00.000,2025-07-25 04:41:47.517,2025-04-08 08:40:08.187,0
16266,627580,TRAVELUXE,Expired,TRAVELUXE,2026-03-14,2026-03-14,2025-02-13,2026-03-14,GRP-IE-WH,C,10,Y,N,N,Y,N,,,,,,,,IE-627580,0,Y,"L:5|7AA-0AA/0A,7.5|9.5AA-0AA/0A,10|12AA-0AA/0A,12.5|14.5AA-0AA/0A,15|17AA-0AA/0A,17.5|19.5AA-0AA/0A,20|22AA-0AA/0A,22.5|24AA-0AA/0A,48X;A:5|7AA-0AA/0A,7.5|9.5AA-0AA/0A,10|12AA-0AA/0A,12.5|14.5AA-0AA/0A,15|17AA-0AA/0A,17.5|19.5AA-0AA/0A,20|22AA-0AA/0A,22.5|24AA-0AA/0A,48X",20,,<CarOver24Hrs>N</CarOver24Hrs><FlexPKGProfile>N</FlexPKGProfile>,N,1900-01-01,Hager_W,2025-02-13 00:00:00.000,Hager_W,2025-05-05 13:53:12.230,2025-05-06 04:34:49.337,9999-12-31 00:00:00.000,2025-05-06 04:34:49.337,1
13515,627585,"2025 Taste of Ireland (Tour D) - 6 Days/5 Nights - The Todd Coston Group - September 18, 2025",Pending,"2025 Taste of Ireland (Tour D) - 6 Days/5 Nights - The Todd Coston Group - September 18, 2025",2025-09-18,2025-09-18,2010-01-01,2025-12-31,SCH-IE-TAA,C,6,Y,N,AA/AAA,Y,N,,<Main><AirOffset>1</AirOffset><FromCity>NYC</FromCity><ToCity>DUB</ToCity><ReturnFromCity>DUB</ReturnFromCity><ReturnToCity>NYC</ReturnToCity></Main>,,,,<Post><Last>Y</Last><Duration>1</Duration></Post>,,TAA25,-1,N,,10,,"<CarOver24Hrs>N</CarOver24Hrs><PrefCommMethod></PrefCommMethod><Destination>LIM,DUB,KER</Destination><FlexPKGProfile>N</FlexPKGProfile>",Y,1900-01-01,doig_l,2025-02-13 00:00:00.000,Davies_Ja,2025-02-13 18:43:56.263,2025-02-13 00:00:00.000,2025-07-25 04:41:47.517,2025-04-08 08:40:08.187,0
16463,634304,"2026 Taste of Italy with Sorrento - 10 Days/9 Nights - Dream Vacations - March 29, 2026",Pending,"2026 Taste of Italy with Sorrento - 10 Days/9 Nights - Dream Vacations - March 29, 2026",2026-03-29,2026-03-29,2010-01-01,2026-12-31,SCH-IT-ITT,C,10,Y,N,AA/AAA,Y,N,,<Main><AirOffset>1</AirOffset><FromCity>NYC</FromCity><ToCity>VCE</ToCity><ReturnFromCity>NAP</ReturnFromCity><ReturnToCity>NYC</ReturnToCity><AirReturnOffset></AirReturnOffset></Main><AIWhoStamp>McInerney_M</AIWhoStamp><AIDateStamp>2019-06-21 09:20:08.000</AIDateStamp>,,,<Pre><First>Y</First></Pre>,<Post><Last>Y</Last></Post>,,ITT26,0,N,,16,,"<CarOver24Hrs>N</CarOver24Hrs><PrefCommMethod></PrefCommMethod><Destination>ROM,RRO,VCE,FLR</Destination><FlexPKGProfile>N</FlexPKGProfile>",Y,1900-01-01,doig_l,2025-05-08 00:00:00.000,Davies_Ja,2025-05-08 15:14:33.110,2025-05-08 00:00:00.000,2025-07-25 04:41:47.517,2025-05-09 04:35:46.410,0
16526,634304,"2026 Taste of Italy with Sorrento - 10 Days/9 Nights - Dream Vacations - March 29, 2026",Pending,"2026 Taste of Italy with Sorrento - 10 Days/9 Nights - Dream Vacations - March 29, 2026",2026-03-29,2026-03-29,2010-01-01,2026-12-31,SCH-IT-ITT,C,10,Y,N,AA/AAA,Y,N,,<Main><AirOffset>1</AirOffset><FromCity>NYC</FromCity><ToCity>VCE</ToCity><ReturnFromCity>NAP</ReturnFromCity><ReturnToCity>NYC</ReturnToCity><AirReturnOffset></AirReturnOffset></Main><AIWhoStamp>McInerney_M</AIWhoStamp><AIDateStamp>2019-06-21 09:20:08.000</AIDateStamp>,,,<Pre><First>Y</First></Pre>,<Post><Last>Y</Last></Post>,,ITT26,0,N,,16,,"<CarOver24Hrs>N</CarOver24Hrs><PrefCommMethod></PrefCommMethod><Destination>ROM,RRO,VCE,FLR</Destination><FlexPKGProfile>N</FlexPKGProfile>",Y,1900-01-01,doig_l,2025-05-08 00:00:00.000,Tancred_E,2025-05-09 16:18:38.143,2025-05-10 04:34:51.893,2025-07-25 04:41:47.517,2025-05-10 04:34:51.893,0
17803,634304,"2026 Taste of Italy with Sorrento - 10 Days/9 Nights - Dream Vacations - March 29, 2026",Pending,"2026 Taste of Italy with Sorrento - 10 Days/9 Nights - Dream Vacations - March 29, 2026",2026-03-29,2026-03-29,2010-01-01,2026-12-31,SCH-IT-ITT,C,10,Y,N,AA/AAA,Y,N,,<Main><AirOffset>1</AirOffset><FromCity>NYC</FromCity><ToCity>VCE</ToCity><ReturnFromCity>NAP</ReturnFromCity><ReturnToCity>NYC</ReturnToCity><AirReturnOffset></AirReturnOffset></Main><AIWhoStamp>McInerney_M</AIWhoStamp><AIDateStamp>2019-06-21 09:20:08.000</AIDateStamp>,,,<Pre><First>Y</First></Pre>,<Post><Last>Y</Last></Post>,,ITT26,0,N,,16,,"<CarOver24Hrs>N</CarOver24Hrs><PrefCommMethod></PrefCommMethod><Destination>ROM,RRO,VCE,FLR</Destination><FlexPKGProfile>N</FlexPKGProfile>",Y,1900-01-01,doig_l,2025-05-08 00:00:00.000,Lyons_S,2025-05-29 14:22:35.780,2025-05-30 06:58:40.317,2025-07-25 04:41:47.517,2025-05-30 06:58:40.317,0
16464,634308,"2026 Scots Irish Tour - 11 Days/10 Nights - The Lynn Pang Group - September 6, 2026",Pending,"2026 Scots Irish Tour - 11 Days/10 Nights - The Lynn Pang Group - September 6, 2026",2026-09-06,2026-09-06,2010-01-01,2026-12-31,SCH-GB-SNA,C,11,Y,N,AA/AAA,Y,N,,<Main><AirOffset>1</AirOffset><FromCity>NYC</FromCity><ToCity>EDI</ToCity><ReturnFromCity>SNN</ReturnFromCity><ReturnToCity>NYC</ReturnToCity><AirReturnOffset></AirReturnOffset></Main><AIWhoStamp>BigginsT</AIWhoStamp><AIDateStamp>2016-01-22 14:33:35.000</AIDateStamp>,,,<Pre><First>Y</First></Pre>,<Post><Last>Y</Last></Post>,,SNA26,0,N,,16,,"<CarOver24Hrs>N</CarOver24Hrs><PrefCommMethod></PrefCommMethod><Destination>INV,BEL,DON,CLA,NAI,ROS,EDI,DBL</Destination><FlexPKGProfile>N</FlexPKGProfile>",Y,1900-01-01,Wilson_N,2025-05-08 00:00:00.000,Davies_Ja,2025-05-08 16:09:50.707,2025-05-08 00:00:00.000,2025-07-25 04:41:47.517,2025-05-09 04:35:46.410,0
17046,634308,"2026 Scots Irish Tour - 11 Days/10 Nights - The Lynn Pang Group - September 6, 2026",Expired,"2026 Scots Irish Tour - 11 Days/10 Nights - The Lynn Pang Group - September 6, 2026",2026-09-06,2026-09-06,2010-01-01,2026-12-31,SCH-GB-SNA,C,11,Y,N,AA/AAA,Y,N,,<Main><AirOffset>1</AirOffset><FromCity>NYC</FromCity><ToCity>EDI</ToCity><ReturnFromCity>SNN</ReturnFromCity><ReturnToCity>NYC</ReturnToCity><AirReturnOffset></AirReturnOffset></Main><AIWhoStamp>BigginsT</AIWhoStamp><AIDateStamp>2016-01-22 14:33:35.000</AIDateStamp>,,,<Pre><First>Y</First></Pre>,<Post><Last>Y</Last></Post>,,SNA26,0,N,,16,,"<CarOver24Hrs>N</CarOver24Hrs><PrefCommMethod></PrefCommMethod><Destination>INV,BEL,DON,CLA,NAI,ROS,EDI,DBL</Destination><FlexPKGProfile>N</FlexPKGProfile>",Y,1900-01-01,Wilson_N,2025-05-08 00:00:00.000,Wilson_N,2025-05-20 14:31:15.437,2025-05-21 06:42:32.540,2025-05-31 06:46:34.090,2025-05-21 06:42:32.540,0
13929,GB-CCX-23-11D,2023 Scottish Clans & Castles - 11 Days/10 Nights (Exclusive Group),Loading,2023 Scottish Clans & Castles - 11 Days/10 Nights (Exclusive Group),2023-01-01,2023-12-31,2010-01-01,2023-12-31,SCH-GB-CCX,T,11,Y,N,N,Y,Y,,<Main><AirOffset>1</AirOffset><FromCity>NYC</FromCity><ToCity>EDI</ToCity><ReturnFromCity>EDI</ReturnFromCity><ReturnToCity>NYC</ReturnToCity><AirReturnOffset></AirReturnOffset></Main><AIWhoStamp>Biggins_Tr</AIWhoStamp><AIDateStamp>2022-09-06 16:30:46.000</AIDateStamp>,,,<Pre><Service><ProductCode>UKPRENIGHTS</ProductCode><SupplierID>GB-GLA-SND</SupplierID><ServiceID>STD-SBB</ServiceID></Service></Pre>,<Post><Last>Y</Last></Post>,,CCX23,0,N,"L:9|18AA-0AA/0A,36X;A:9|18AA-0AA/0A,36X",36,,<CarOver24Hrs>N</CarOver24Hrs><FlexPKGProfile>N</FlexPKGProfile>,N,1900-01-01,Lyons_S,2023-03-29 00:00:00.000,Lyons_S,2023-03-29 16:35:48.900,2023-03-29 00:00:00.000,9999-12-31 00:00:00.000,2025-04-08 08:40:08.187,1
13930,GB-CCZ-21-10D,2021 Scottish Clans & Castles - 10 Days/9 Nights Ref:901,Internal,2021 Scottish Clans & Castles - 10 Days/9 Nights Ref:901,2021-01-01,2021-12-31,2019-01-01,2021-12-31,SCH-GB-CCZ,T,10,Y,N,N,Y,Y,,<Main><AirOffset>1</AirOffset><FromCity>NYC</FromCity><ToCity>GLA</ToCity><ReturnFromCity>EDI</ReturnFromCity><ReturnToCity>NYC</ReturnToCity><AirReturnOffset></AirReturnOffset></Main><AIWhoStamp>BigginsT</AIWhoStamp><AIDateStamp>2015-05-18 12:43:13.000</AIDateStamp>,,,<Service><ProductCode>UKPRENIGHTS</ProductCode><SupplierID>GB-GLA-NOV</SupplierID><ServiceID>STD-SBB</ServiceID></Service>,,,CCZ21,0,N,"L:8.5|17AA-0AA/0A,34X;A:8.5|17AA-0AA/0A,34X",34,,<CarOver24Hrs>N</CarOver24Hrs><FlexPKGProfile>N</FlexPKGProfile>,Y,1900-01-01,Coade_L,2020-10-29 00:00:00.000,Stockunas_A,2021-01-26 16:33:18.910,2020-10-29 00:00:00.000,9999-12-31 00:00:00.000,2025-04-08 08:40:08.187,1
13931,GB-CCZ-21-11D,2021 Scottish Clans & Castles - 11 Days/10 Nights Ref:901,Internal,2021 Scottish Clans & Castles - 11 Days/10 Nights Ref:901,2021-01-01,2021-12-31,2019-01-01,2021-12-31,SCH-GB-CCZ,T,11,Y,N,N,Y,Y,,<Main><AirOffset>1</AirOffset><FromCity>NYC</FromCity><ToCity>GLA</ToCity><ReturnFromCity>EDI</ReturnFromCity><ReturnToCity>NYC</ReturnToCity><AirReturnOffset></AirReturnOffset></Main><AIWhoStamp>BigginsT</AIWhoStamp><AIDateStamp>2015-05-18 12:43:13.000</AIDateStamp>,,,<Service><ProductCode>UKPRENIGHTS</ProductCode><SupplierID>GB-GLA-NOV</SupplierID><ServiceID>STD-SBB</ServiceID></Service>,,,CCZ21,0,N,"L:8.5|17AA-0AA/0A,34X;A:8.5|17AA-0AA/0A,34X",34,,<CarOver24Hrs>N</CarOver24Hrs><FlexPKGProfile>N</FlexPKGProfile>,Y,1900-01-01,Coade_L,2020-10-29 00:00:00.000,Coade_L,2021-01-07 11:35:42.283,2020-10-29 00:00:00.000,9999-12-31 00:00:00.000,2025-04-08 08:40:08.187,1
13932,GB-CCZ-22-10D,2022 Scottish Clans & Castles - 10 Days/9 Nights Ref:901,Internal,2022 Scottish Clans & Castles - 10 Days/9 Nights Ref:901,2022-01-01,2022-12-31,2020-01-01,2022-12-31,SCH-GB-CCZ,T,10,Y,N,N,Y,Y,,<Main><AirOffset>1</AirOffset><FromCity>NYC</FromCity><ToCity>EDI</ToCity><ReturnFromCity>EDI</ReturnFromCity><ReturnToCity>NYC</ReturnToCity><AirReturnOffset></AirReturnOffset></Main><AIWhoStamp>McInerney_M</AIWhoStamp><AIDateStamp>2021-11-30 12:23:51.000</AIDateStamp>,,,<Service><ProductCode>UKPRENIGHTS</ProductCode><SupplierID>GB-GLA-NOV</SupplierID><ServiceID>STD-SBB</ServiceID></Service>,,,CCZ22,0,N,"L:9|18AA-0AA/0A,36X;A:9|18AA-0AA/0A,36X",36,,<CarOver24Hrs>N</CarOver24Hrs><FlexPKGProfile>N</FlexPKGProfile>,Y,1900-01-01,Mahnken_J,2021-06-17 00:00:00.000,Mccormack_Ci,2022-05-23 15:17:47.800,2021-06-17 00:00:00.000,9999-12-31 00:00:00.000,2025-04-08 08:40:08.187,1
11533,599669,Velvet & Suede Travel,Expired,Velvet & Suede Travel,2024-11-18,2024-11-18,2024-02-14,2024-11-18,GRP-GB-KS,C,8,Y,N,N,Y,N,,,,,,,,GB-599669,0,Y,"L:5|7AA-0AA/0A,7.5|9.5AA-0AA/0A,10|12AA-1AA/0A,12.5|14.5AA-1AA/0A,15|17AA-2AA/0A,17.5|19.5AA-2AA/0A,20|22AA-2AA/0A,22.5|24AA-2AA/0A,48X;A:5|7AA-0AA/0A,7.5|9.5AA-0AA/0A,10|12AA-0AA/0A,12.5|14.5AA-0AA/0A,15|17AA-0AA/0A,17.5|19.5AA-0AA/0A,20|22AA-0AA/0A,22.5|24AA-0AA/0A,48X",0,,<CarOver24Hrs>N</CarOver24Hrs><FlexPKGProfile>N</FlexPKGProfile>,N,1900-01-01,Smith_K,2024-02-14 00:00:00.000,Caldeira_N,2024-04-15 21:27:33.120,2024-02-14 00:00:00.000,9999-12-31 00:00:00.000,2025-04-08 08:40:08.187,1
11534,599705,Italy - COMMUNITY TRAVEL,Multi-Expired,Italy - COMMUNITY TRAVEL,2024-09-28,2024-09-28,2024-02-14,2024-09-28,GRP-EU-WH,C,4,Y,N,AA,Y,N,,,,,,,,EU-599705,0,Y,"L:5|7AA-0AA/0A,7.5|9.5AA-0AA/0A,10|12AA-1AA/0A,12.5|14.5AA-1AA/0A,15|17AA-2AA/0A,17.5|19.5AA-2AA/0A,20|22AA-2AA/0A,22.5|24AA-2AA/0A,48X;A:5|7AA-0AA/0A,7.5|9.5AA-0AA/0A,10|12AA-0AA/0A,12.5|14.5AA-0AA/0A,15|17AA-0AA/0A,17.5|19.5AA-0AA/0A,20|22AA-0AA/0A,22.5|24AA-0AA/0A,48X",0,,<CarOver24Hrs>N</CarOver24Hrs><FlexPKGProfile>N</FlexPKGProfile>,N,1900-01-01,Hager_W,2024-02-14 00:00:00.000,Smith_K,2024-08-05 16:04:59.060,2024-02-14 00:00:00.000,9999-12-31 00:00:00.000,2025-04-08 08:40:08.187,1
11535,599800,Italy - Connolly Family,Expired,Italy - Connolly Family,2025-07-14,2025-07-14,2024-02-15,2025-07-14,GRP-EU-KS,C,12,Y,N,N,Y,N,,,,,,,,EU-599800,0,Y,"L:5|7AA-0AA/0A,7.5|9.5AA-0AA/0A,10|12AA-1AA/0A,12.5|14.5AA-1AA/0A,15|17AA-2AA/0A,17.5|19.5AA-2AA/0A,20|22AA-2AA/0A,22.5|24AA-2AA/0A,48X;A:5|7AA-0AA/0A,7.5|9.5AA-0AA/0A,10|12AA-0AA/0A,12.5|14.5AA-0AA/0A,15|17AA-0AA/0A,17.5|19.5AA-0AA/0A,20|22AA-0AA/0A,22.5|24AA-0AA/0A,48X",20,,<CarOver24Hrs>N</CarOver24Hrs><FlexPKGProfile>N</FlexPKGProfile>,N,1900-01-01,Smith_K,2024-02-15 00:00:00.000,Smith_K,2024-03-21 12:35:57.217,2024-02-15 00:00:00.000,2025-07-25 04:41:47.517,2025-04-08 08:40:08.187,0
11536,599807,The Parkers,Expired,The Parkers,2024-08-23,2024-08-23,2024-02-15,2024-08-23,GRP-IE-KS-1,C,10,Y,N,AA,Y,N,,,,,,,,IE-599807,0,Y,"L:5|7AA-0AA/0A,7.5|9.5AA-0AA/0A,10|12AA-1AA/0A,12.5|14.5AA-1AA/0A,15|17AA-2AA/0A,17.5|19.5AA-2AA/0A,20|22AA-2AA/0A,22.5|24AA-2AA/0A,48X;A:5|7AA-0AA/0A,7.5|9.5AA-0AA/0A,10|12AA-0AA/0A,12.5|14.5AA-0AA/0A,15|17AA-0AA/0A,17.5|19.5AA-0AA/0A,20|22AA-0AA/0A,22.5|24AA-0AA/0A,48X",0,,<CarOver24Hrs>N</CarOver24Hrs><FlexPKGProfile>N</FlexPKGProfile>,N,1900-01-01,Smith_K,2024-02-15 00:00:00.000,Smith_K,2024-12-10 16:44:43.773,2024-02-15 00:00:00.000,9999-12-31 00:00:00.000,2025-04-08 08:40:08.187,1
11537,599819,VIKING TRAVEL,Internal,VIKING TRAVEL,2025-08-25,2025-08-25,2024-02-15,2025-06-11,GRP-IE-WH,C,10,Y,N,AA/A/AAA,Y,Y,,<Main><AirOffset>1</AirOffset><FromCity>CHI</FromCity><ToCity>DUB</ToCity><ReturnFromCity>DUB</ReturnFromCity><ReturnToCity>CHI</ReturnToCity><AirReturnOffset></AirReturnOffset><IncludeContracts>Y</IncludeContracts><IncludeBlkContracts>Y</IncludeBlkContracts><BlockOnly>Y</BlockOnly><Market>599819</Market></Main><AIWhoStamp>Schindler_A</AIWhoStamp><AIDateStamp>2025-01-23 08:38:05.000</AIDateStamp>,"ORD,",,,,,IE-599819,0,Y,"L:5|7AA-0AA/0A,7.5|9.5AA-0AA/0A,10|12AA-1AA/0A,12.5|14.5AA-1AA/0A,15|17AA-2AA/0A,34X;A:5|7AA-0AA/0A,7.5|9.5AA-0AA/0A,10|12AA-0AA/0A,12.5|14.5AA-0AA/0A,15|17AA-0AA/0A,34X",20,,<CarOver24Hrs>N</CarOver24Hrs><FlexPKGProfile>N</FlexPKGProfile>,Y,1900-01-01,Hager_W,2024-02-15 00:00:00.000,Smith_K,2025-03-24 16:16:54.900,2024-02-15 00:00:00.000,2025-07-25 04:41:47.517,2025-04-08 08:40:08.187,0
15988,599819,VIKING TRAVEL,Internal,VIKING TRAVEL,2025-08-25,2025-08-25,2024-02-15,2025-06-11,GRP-IE-WH,C,10,Y,N,AA/A/AAA,Y,Y,,<Main><AirOffset>1</AirOffset><FromCity>CHI</FromCity><ToCity>DUB</ToCity><ReturnFromCity>DUB</ReturnFromCity><ReturnToCity>CHI</ReturnToCity><AirReturnOffset></AirReturnOffset><IncludeContracts>Y</IncludeContracts><IncludeBlkContracts>Y</IncludeBlkContracts><BlockOnly>Y</BlockOnly><Market>599819</Market></Main><AIWhoStamp>Schindler_A</AIWhoStamp><AIDateStamp>2025-01-23 08:38:05.000</AIDateStamp>,"ORD,",,,,,IE-599819,0,Y,"L:5|7AA-0AA/0A,7.5|9.5AA-0AA/0A,10|12AA-1AA/0A,12.5|14.5AA-1AA/0A,15|17AA-2AA/0A,34X;A:5|7AA-0AA/0A,7.5|9.5AA-0AA/0A,10|12AA-0AA/0A,12.5|14.5AA-0AA/0A,15|17AA-0AA/0A,34X",20,,<CarOver24Hrs>N</CarOver24Hrs><FlexPKGProfile>N</FlexPKGProfile>,Y,1900-01-01,Hager_W,2024-02-15 00:00:00.000,Larkin_B,2025-04-29 08:52:51.080,2025-04-30 04:33:14.220,2025-07-25 04:41:47.517,2025-04-30 04:33:14.220,0
16249,599819,VIKING TRAVEL,Internal,VIKING TRAVEL,2025-08-25,2025-08-25,2024-02-15,2025-06-11,GRP-IE-WH,C,10,Y,N,AA/A/AAA,Y,Y,,<Main><AirOffset>1</AirOffset><FromCity>CHI</FromCity><ToCity>DUB</ToCity><ReturnFromCity>DUB</ReturnFromCity><ReturnToCity>CHI</ReturnToCity><AirReturnOffset></AirReturnOffset><IncludeContracts>Y</IncludeContracts><IncludeBlkContracts>Y</IncludeBlkContracts><BlockOnly>Y</BlockOnly><Market>599819</Market></Main><AIWhoStamp>Schindler_A</AIWhoStamp><AIDateStamp>2025-01-23 08:38:05.000</AIDateStamp>,"ORD,",,,,,IE-599819,0,Y,"L:5|7AA-0AA/0A,7.5|9.5AA-0AA/0A,10|12AA-1AA/0A,12.5|14.5AA-1AA/0A,15|17AA-2AA/0A,34X;A:5|7AA-0AA/0A,7.5|9.5AA-0AA/0A,10|12AA-0AA/0A,12.5|14.5AA-0AA/0A,15|17AA-0AA/0A,34X",15,,<CarOver24Hrs>N</CarOver24Hrs><FlexPKGProfile>N</FlexPKGProfile>,Y,1900-01-01,Hager_W,2024-02-15 00:00:00.000,Hager_W,2025-05-05 14:50:25.127,2025-05-06 04:34:49.337,2025-06-28 06:04:14.733,2025-05-06 04:34:49.337,0
11538,599820,BOBBIES TRAVEL,Active,BOBBIES TRAVEL,2025-07-19,2025-07-19,2024-02-15,2025-05-05,GRP-IE-WH,C,12,Y,N,AA,Y,N,,<Main><AirOffset>1</AirOffset><FromCity>NYC</FromCity><ToCity>DUB</ToCity><ReturnFromCity>DUB</ReturnFromCity><ReturnToCity>NYC</ReturnToCity><AirReturnOffset></AirReturnOffset><IncludeContracts>Y</IncludeContracts><IncludeBlkContracts>Y</IncludeBlkContracts><BlockOnly>Y</BlockOnly><Market>599820</Market></Main><AIWhoStamp>Schindler_A</AIWhoStamp><AIDateStamp>2024-09-05 13:49:44.000</AIDateStamp>,"EWR,",,,,,IE-599820,0,Y,"L:5|7AA-0AA/0A,7.5|9.5AA-0AA/0A,10|12AA-1AA/0A,12.5|14.5AA-1AA/0A,15|17AA-2AA/0A,17.5|19.5AA-2AA/0A,20|22AA-2AA/0A,44X;A:5|7AA-0AA/0A,7.5|9.5AA-0AA/0A,10|12AA-0AA/0A,12.5|14.5AA-0AA/0A,15|17AA-0AA/0A,17.5|19.5AA-0AA/0A,20|22AA-0AA/0A,44X",35,,<CarOver24Hrs>N</CarOver24Hrs><FlexPKGProfile>N</FlexPKGProfile>,Y,1900-01-01,Hager_W,2024-02-15 00:00:00.000,Hager_W,2025-04-07 18:39:09.957,2024-02-15 00:00:00.000,2025-07-25 04:41:47.517,2025-04-08 08:40:08.187,0
15989,599820,BOBBIES TRAVEL,Active,BOBBIES TRAVEL,2025-07-19,2025-07-19,2024-02-15,2025-05-05,GRP-IE-WH,C,12,Y,N,AA,Y,N,,<Main><AirOffset>1</AirOffset><FromCity>NYC</FromCity><ToCity>DUB</ToCity><ReturnFromCity>DUB</ReturnFromCity><ReturnToCity>NYC</ReturnToCity><AirReturnOffset></AirReturnOffset><IncludeContracts>Y</IncludeContracts><IncludeBlkContracts>Y</IncludeBlkContracts><BlockOnly>Y</BlockOnly><Market>599820</Market></Main><AIWhoStamp>Schindler_A</AIWhoStamp><AIDateStamp>2024-09-05 13:49:44.000</AIDateStamp>,"EWR,",,,,,IE-599820,0,Y,"L:5|7AA-0AA/0A,7.5|9.5AA-0AA/0A,10|12AA-1AA/0A,12.5|14.5AA-1AA/0A,15|17AA-2AA/0A,17.5|19.5AA-2AA/0A,20|22AA-2AA/0A,44X;A:5|7AA-0AA/0A,7.5|9.5AA-0AA/0A,10|12AA-0AA/0A,12.5|14.5AA-0AA/0A,15|17AA-0AA/0A,17.5|19.5AA-0AA/0A,20|22AA-0AA/0A,44X",35,,<CarOver24Hrs>N</CarOver24Hrs><FlexPKGProfile>N</FlexPKGProfile>,Y,1900-01-01,Hager_W,2024-02-15 00:00:00.000,Mahoney_he,2025-04-29 21:02:49.743,2025-04-30 04:33:14.220,2025-07-25 04:41:47.517,2025-04-30 04:33:14.220,0
16430,599820,BOBBIES TRAVEL,Active,BOBBIES TRAVEL,2025-07-19,2025-07-19,2024-02-15,2025-05-08,GRP-IE-WH,C,12,Y,N,AA,Y,N,,<Main><AirOffset>1</AirOffset><FromCity>NYC</FromCity><ToCity>DUB</ToCity><ReturnFromCity>DUB</ReturnFromCity><ReturnToCity>NYC</ReturnToCity><AirReturnOffset></AirReturnOffset><IncludeContracts>Y</IncludeContracts><IncludeBlkContracts>Y</IncludeBlkContracts><BlockOnly>Y</BlockOnly><Market>599820</Market></Main><AIWhoStamp>Schindler_A</AIWhoStamp><AIDateStamp>2024-09-05 13:49:44.000</AIDateStamp>,"EWR,",,,,,IE-599820,0,Y,"L:5|7AA-0AA/0A,7.5|9.5AA-0AA/0A,10|12AA-1AA/0A,12.5|14.5AA-1AA/0A,15|17AA-2AA/0A,17.5|19.5AA-2AA/0A,20|22AA-2AA/0A,44X;A:5|7AA-0AA/0A,7.5|9.5AA-0AA/0A,10|12AA-0AA/0A,12.5|14.5AA-0AA/0A,15|17AA-0AA/0A,17.5|19.5AA-0AA/0A,20|22AA-0AA/0A,44X",35,,<CarOver24Hrs>N</CarOver24Hrs><FlexPKGProfile>N</FlexPKGProfile>,Y,1900-01-01,Hager_W,2024-02-15 00:00:00.000,Hager_W,2025-05-08 22:52:13.223,2025-05-09 04:35:46.410,2025-07-25 04:41:47.517,2025-05-09 04:35:46.410,0
11972,606155,"2025 Taste of Italy - 7 Days/6 Nights - Haynie Travel - September 7, 2025",Pending,"2025 Taste of Italy - 7 Days/6 Nights - Haynie Travel - September 7, 2025",2025-09-07,2025-09-07,2010-01-01,2025-12-31,SCH-IT-ITT,C,7,Y,N,AA/AAA,Y,N,,<Main><AirOffset>1</AirOffset><FromCity>NYC</FromCity><ToCity>VCE</ToCity><ReturnFromCity>ROM</ReturnFromCity><ReturnToCity>NYC</ReturnToCity><AirReturnOffset></AirReturnOffset></Main><AIWhoStamp>Biggins_Tr</AIWhoStamp><AIDateStamp>2018-09-25 16:53:08.000</AIDateStamp>,,,<Pre><First>Y</First></Pre>,<Post><Last>Y</Last></Post>,,ITT25,0,N,,15,,"<CarOver24Hrs>N</CarOver24Hrs><FlexPKGProfile>N</FlexPKGProfile><PrefCommMethod></PrefCommMethod><Destination>ROM,VCE,FLR</Destination>",Y,1900-01-01,Caldeira_N,2024-04-29 00:00:00.000,edwards_ki,2025-03-26 11:36:05.500,2024-04-29 00:00:00.000,2025-09-11 02:14:04.910,2025-04-08 08:40:08.187,0
11973,606157,"2025 Irish Adventure - 9 Days/8 Nights - Cruise Planners - July 2, 2025",Expired,"2025 Irish Adventure - 9 Days/8 Nights - Cruise Planners - July 2, 2025",2025-07-02,2025-07-02,2010-01-01,2025-12-31,SCH-IE-ADA,C,9,Y,N,AA/AAA,Y,N,,<Main><AirOffset>1</AirOffset><FromCity>NYC</FromCity><ToCity>DUB</ToCity><ReturnFromCity>DUB</ReturnFromCity><ReturnToCity>NYC</ReturnToCity></Main>,,,<Pre><First>Y</First></Pre>,<Post><Last>Y</Last></Post>,,ADA25,0,N,,23,,"<CarOver24Hrs>N</CarOver24Hrs><PrefCommMethod></PrefCommMethod><Destination>DUB,WAT,GAL,DER,KER</Destination><FlexPKGProfile>N</FlexPKGProfile>",Y,1900-01-01,Markle_M,2024-04-29 00:00:00.000,Lyons_S,2025-02-05 17:10:48.513,2024-04-29 00:00:00.000,2025-07-25 04:41:47.517,2025-04-08 08:40:08.187,0
11974,606180,"2025 The Irish Pub Tour - 9 Days/8 Nights - Travel Planners Internatonal - September 20, 2025",Multi-Expired,"2025 The Irish Pub Tour - 9 Days/8 Nights - Travel Planners Internatonal - September 20, 2025",2025-09-20,2025-09-20,2010-01-01,2025-12-31,SCH-IE-PUA,C,9,Y,N,AA/AAA,Y,N,,<Main><AirOffset>1</AirOffset><FromCity>NYC</FromCity><ToCity>DUB</ToCity><ReturnFromCity>DUB</ReturnFromCity><ReturnToCity>NYC</ReturnToCity></Main>,,,<Pre><First>Y</First></Pre>,<Post><Last>Y</Last></Post>,,PUA25,0,N,,24,,"<CarOver24Hrs>N</CarOver24Hrs><PrefCommMethod></PrefCommMethod><Destination>KER,KIK,DUB,GAL,WES</Destination><FlexPKGProfile>N</FlexPKGProfile>",Y,1900-01-01,doig_l,2024-04-30 00:00:00.000,Lyons_S,2025-03-11 15:23:15.260,2024-04-30 00:00:00.000,9999-12-31 00:00:00.000,2025-04-08 08:40:08.187,1
11975,606201,Key to the World Travel,Multi-Expired,Key to the World Travel,2025-08-01,2025-08-01,2024-04-30,2025-08-01,GRP-IE-KS-1,C,9,Y,N,AA,Y,N,,,,,,,,IE-606201,0,Y,"L:5|7AA-0AA/0A,7.5|9.5AA-0AA/0A,10|12AA-1AA/0A,12.5|14.5AA-1AA/0A,15|17AA-2AA/0A,17.5|19.5AA-2AA/0A,20|22AA-2AA/0A,22.5|24AA-2AA/0A,48X;A:5|7AA-0AA/0A,7.5|9.5AA-0AA/0A,10|12AA-0AA/0A,12.5|14.5AA-0AA/0A,15|17AA-0AA/0A,17.5|19.5AA-0AA/0A,20|22AA-0AA/0A,22.5|24AA-0AA/0A,48X",20,,<CarOver24Hrs>N</CarOver24Hrs><FlexPKGProfile>N</FlexPKGProfile>,N,1900-01-01,Smith_K,2024-04-30 00:00:00.000,Smith_K,2024-04-30 17:12:41.220,2024-04-30 00:00:00.000,9999-12-31 00:00:00.000,2025-04-08 08:40:08.187,1
11976,606208,Ireland with Michael,Active,Ireland with Michael,2025-08-17,2025-08-17,2024-04-30,2025-06-04,GRP-IE-ND-KS,C,9,Y,N,AA,Y,N,,,,,,,,IE-606208,0,Y,"L:5|7AA-0AA/0A,7.5|9.5AA-0AA/0A,10|12AA-1AA/0A,12.5|14.5AA-1AA/0A,15|17AA-2AA/0A,17.5|19.5AA-2AA/0A,20|22AA-2AA/0A,22.5|24AA-2AA/0A,48X;A:5|7AA-0AA/0A,7.5|9.5AA-0AA/0A,10|12AA-0AA/0A,12.5|14.5AA-0AA/0A,15|17AA-0AA/0A,17.5|19.5AA-0AA/0A,20|22AA-0AA/0A,22.5|24AA-0AA/0A,48X",20,,<CarOver24Hrs>N</CarOver24Hrs><FlexPKGProfile>N</FlexPKGProfile>,Y,1900-01-01,Smith_K,2024-04-30 00:00:00.000,Smith_K,2025-04-02 14:46:19.450,2024-04-30 00:00:00.000,2025-04-30 04:32:48.477,2025-04-08 08:40:08.187,0
15993,606208,Ireland with Michael,Active,Ireland with Michael,2025-08-17,2025-08-17,2024-04-30,2025-06-04,GRP-IE-ND-KS,C,9,Y,N,AA,Y,N,,,,,,,,IE-606208,0,Y,"L:5|7AA-0AA/0A,7.5|9.5AA-0AA/0A,10|12AA-1AA/0A,12.5|14.5AA-1AA/0A,15|17AA-2AA/0A,17.5|19.5AA-2AA/0A,20|22AA-2AA/0A,22.5|24AA-2AA/0A,48X;A:5|7AA-0AA/0A,7.5|9.5AA-0AA/0A,10|12AA-0AA/0A,12.5|14.5AA-0AA/0A,15|17AA-0AA/0A,17.5|19.5AA-0AA/0A,20|22AA-0AA/0A,22.5|24AA-0AA/0A,48X",20,,<CarOver24Hrs>N</CarOver24Hrs><FlexPKGProfile>N</FlexPKGProfile>,Y,1900-01-01,Smith_K,2024-04-30 00:00:00.000,Larkin_B,2025-04-29 08:51:41.947,2025-04-30 04:33:14.220,2025-06-19 06:19:11.827,2025-04-30 04:33:14.220,0
11977,606209,Ireland with Michael,Closed,Ireland with Michael,2025-08-21,2025-08-21,2024-04-30,2025-06-06,GRP-IE-ND-KS,C,9,Y,N,AA,Y,N,,,,,,,,IE-606209,0,Y,"L:5|7AA-0AA/0A,7.5|9.5AA-0AA/0A,10|12AA-1AA/0A,12.5|14.5AA-1AA/0A,15|17AA-2AA/0A,17.5|19.5AA-2AA/0A,20|22AA-2AA/0A,22.5|24AA-2AA/0A,48X;A:5|7AA-0AA/0A,7.5|9.5AA-0AA/0A,10|12AA-0AA/0A,12.5|14.5AA-0AA/0A,15|17AA-0AA/0A,17.5|19.5AA-0AA/0A,20|22AA-0AA/0A,22.5|24AA-0AA/0A,48X",0,,<CarOver24Hrs>N</CarOver24Hrs><FlexPKGProfile>N</FlexPKGProfile>,Y,1900-01-01,Smith_K,2024-04-30 00:00:00.000,Smith_K,2025-01-07 17:09:40.470,2024-04-30 00:00:00.000,9999-12-31 00:00:00.000,2025-04-08 08:40:08.187,1
11978,606217,"2025  Irish Gold - 9 Days/8 Nights - Murphy-Marshall Group - June 20, 2025",Expired,"2025  Irish Gold - 9 Days/8 Nights - Murphy-Marshall Group - June 20, 2025",2025-06-20,2025-06-20,2010-01-01,2025-12-31,SCH-IE-GOA,C,9,Y,N,AA/AAA,Y,N,,<Main><AirOffset>1</AirOffset><FromCity>NYC</FromCity><ToCity>DUB</ToCity><ReturnFromCity>DUB</ReturnFromCity><ReturnToCity>NYC</ReturnToCity></Main>,,,<Pre><First>Y</First></Pre>,<Post><Last>Y</Last></Post>,,GOA25,0,N,,15,,"<CarOver24Hrs>N</CarOver24Hrs><PrefCommMethod></PrefCommMethod><Destination>WAT,GAL,DUB,KER</Destination><FlexPKGProfile>N</FlexPKGProfile>",Y,1900-01-01,Wilson_N,2024-04-30 00:00:00.000,Maguire_Ev,2025-01-16 15:31:51.403,2024-04-30 00:00:00.000,2025-07-25 04:41:47.517,2025-04-08 08:40:08.187,0
12058,607011,"2025 Icelandic Explorer - 10 days/9 nights - AAA North Penn - June 9, 2025",Multi-Expired,"2025 Icelandic Explorer - 10 days/9 nights - AAA North Penn - June 9, 2025",2025-06-09,2025-06-09,2010-01-01,2025-12-31,SCH-IS-IXA,C,10,Y,N,AA,Y,N,,<Main><AirOffset>1</AirOffset><FromCity>NYC</FromCity><ToCity>REK</ToCity><ReturnFromCity>REK</ReturnFromCity><ReturnToCity>NYC</ReturnToCity><AirReturnOffset></AirReturnOffset></Main><AIWhoStamp>Biggins_Tr</AIWhoStamp><AIDateStamp>2022-04-06 10:14:10.000</AIDateStamp>,,,<Pre><First>Y</First></Pre>,<Post><Last>Y</Last></Post>,,IXA25,0,N,,27,,"<CarOver24Hrs>N</CarOver24Hrs><FlexPKGProfile>N</FlexPKGProfile><PrefCommMethod></PrefCommMethod><Destination>REH,HUS,FAS,HOF,NUP,REK</Destination>",Y,1900-01-01,Markle_M,2024-05-10 00:00:00.000,Lyons_S,2025-01-08 16:46:12.450,2024-05-10 00:00:00.000,2025-07-25 04:41:47.517,2025-04-08 08:40:08.187,0
17485,607011,"2025 Icelandic Explorer - 10 days/9 nights - AAA North Penn - June 9, 2025",Multi-Expired,"2025 Icelandic Explorer - 10 days/9 nights - AAA North Penn - June 9, 2025",2025-06-09,2025-06-09,2010-01-01,2025-12-31,SCH-IS-IXA,C,10,Y,N,AA,Y,N,,<Main><AirOffset>1</AirOffset><FromCity>NYC</FromCity><ToCity>REK</ToCity><ReturnFromCity>REK</ReturnFromCity><ReturnToCity>NYC</ReturnToCity><AirReturnOffset></AirReturnOffset></Main><AIWhoStamp>Biggins_Tr</AIWhoStamp><AIDateStamp>2022-04-06 10:14:10.000</AIDateStamp>,,,<Pre><First>Y</First></Pre>,<Post><Last>Y</Last></Post>,,IXA25,0,N,,27,,"<CarOver24Hrs>N</CarOver24Hrs><FlexPKGProfile>N</FlexPKGProfile><PrefCommMethod></PrefCommMethod><Destination>REH,HUS,FAS,HOF,NUP,REK</Destination>",Y,1900-01-01,Markle_M,2024-05-10 00:00:00.000,Tancred_E,2025-05-27 13:10:20.837,2025-05-28 07:01:18.080,2025-07-25 04:41:47.517,2025-05-28 07:01:18.080,0
12059,607013,"2025 Taste of Ireland (Tour A) - 7 Days/6 Nights - See the Sea Travel - July 28, 2025",Active,"2025 Taste of Ireland (Tour A) - 7 Days/6 Nights - See the Sea Travel - July 28, 2025",2025-07-28,2025-07-28,2010-01-01,2025-12-31,SCH-IE-TAA,C,7,Y,N,AA/AAA,Y,N,,<Main><AirOffset>1</AirOffset><FromCity>NYC</FromCity><ToCity>DUB</ToCity><ReturnFromCity>DUB</ReturnFromCity><ReturnToCity>NYC</ReturnToCity></Main>,,,<Pre><First>Y</First></Pre>,<Post><Last>Y</Last><Duration>1</Duration></Post>,,TAA25,0,N,,20,,"<CarOver24Hrs>N</CarOver24Hrs><PrefCommMethod></PrefCommMethod><Destination>LIM,DUB,KER</Destination><FlexPKGProfile>N</FlexPKGProfile>",Y,1900-01-01,Wilson_N,2024-05-10 00:00:00.000,Wilson_N,2025-03-03 20:09:22.920,2024-05-10 00:00:00.000,2025-07-25 04:41:47.517,2025-04-08 08:40:08.187,0
15996,607013,"2025 Taste of Ireland (Tour A) - 7 Days/6 Nights - See the Sea Travel - July 28, 2025",Active,"2025 Taste of Ireland (Tour A) - 7 Days/6 Nights - See the Sea Travel - July 28, 2025",2025-07-28,2025-07-28,2010-01-01,2025-12-31,SCH-IE-TAA,C,7,Y,N,AA/AAA,Y,N,,<Main><AirOffset>1</AirOffset><FromCity>NYC</FromCity><ToCity>DUB</ToCity><ReturnFromCity>DUB</ReturnFromCity><ReturnToCity>NYC</ReturnToCity></Main>,,,<Pre><First>Y</First></Pre>,<Post><Last>Y</Last><Duration>1</Duration></Post>,,TAA25,0,N,,17,,"<CarOver24Hrs>N</CarOver24Hrs><PrefCommMethod></PrefCommMethod><Destination>LIM,DUB,KER</Destination><FlexPKGProfile>N</FlexPKGProfile>",Y,1900-01-01,Wilson_N,2024-05-10 00:00:00.000,Wilson_N,2025-04-29 16:48:53.560,2025-04-30 04:33:14.220,2025-07-25 04:41:47.517,2025-04-30 04:33:14.220,0
16295,607013,"2025 Taste of Ireland (Tour A) - 7 Days/6 Nights - See the Sea Travel - July 28, 2025",Active,"2025 Taste of Ireland (Tour A) - 7 Days/6 Nights - See the Sea Travel - July 28, 2025",2025-07-28,2025-07-28,2010-01-01,2025-12-31,SCH-IE-TAA,C,7,Y,N,AA/AAA,Y,N,,<Main><AirOffset>1</AirOffset><FromCity>NYC</FromCity><ToCity>DUB</ToCity><ReturnFromCity>DUB</ReturnFromCity><ReturnToCity>NYC</ReturnToCity></Main>,,,<Pre><First>Y</First></Pre>,<Post><Last>Y</Last><Duration>1</Duration></Post>,,TAA25,0,N,,16,,"<CarOver24Hrs>N</CarOver24Hrs><PrefCommMethod></PrefCommMethod><Destination>LIM,DUB,KER</Destination><FlexPKGProfile>N</FlexPKGProfile>",Y,1900-01-01,Wilson_N,2024-05-10 00:00:00.000,Wilson_N,2025-05-06 22:02:33.300,2025-05-07 04:32:50.770,9999-12-31 00:00:00.000,2025-05-07 04:32:50.770,1
12060,607016,"2025 Tuscan Treasures with Cinque Terre- 8 Days/7 Nights- Travel with Nicole to Tuscany- April 27, 2025",Active,"2025 Tuscan Treasures with Cinque Terre- 8 Days/7 Nights- Travel with Nicole to Tuscany- April 27, 2025",2025-04-27,2025-04-27,2010-01-01,2025-12-31,SCH-IT-TUA,C,8,Y,N,AA/AAA,Y,N,,<Main><AirOffset></AirOffset><FromCity>NYC</FromCity><ToCity>FLR</ToCity><ReturnFromCity>FLR</ReturnFromCity><ReturnToCity>NYC</ReturnToCity><AirReturnOffset></AirReturnOffset></Main><AIWhoStamp>Lyons_S</AIWhoStamp><AIDateStamp>2023-06-22 11:58:42.000</AIDateStamp>,,,<Pre><Service><ProductCode>ITPRENIGHTS</ProductCode><SupplierID>IT-MTC-CDM</SupplierID><ServiceID>STD-SBB</ServiceID></Service></Pre>,<Post><Last>Y</Last></Post>,,TUA25,0,N,,12,,<CarOver24Hrs>N</CarOver24Hrs><PrefCommMethod></PrefCommMethod><Destination>MTC</Destination><FlexPKGProfile>N</FlexPKGProfile>,Y,1900-01-01,doig_l,2024-05-10 00:00:00.000,Smith_R,2025-02-18 08:57:20.047,2024-05-10 00:00:00.000,9999-12-31 00:00:00.000,2025-04-08 08:40:08.187,1
12061,607033,"2025 Icelandic Explorer - 9 days/8 nights - AAA North Penn - June 9, 2025",Multi-Expired,"2025 Icelandic Explorer - 9 days/8 nights - AAA North Penn - June 9, 2025",2025-06-09,2025-06-09,2010-01-01,2025-12-31,SCH-IS-IXA,C,9,Y,N,AA,Y,N,,<Main><AirOffset>1</AirOffset><FromCity>NYC</FromCity><ToCity>REK</ToCity><ReturnFromCity>REK</ReturnFromCity><ReturnToCity>NYC</ReturnToCity><AirReturnOffset></AirReturnOffset></Main><AIWhoStamp>Biggins_Tr</AIWhoStamp><AIDateStamp>2022-04-06 10:14:42.000</AIDateStamp>,,,<Pre><First>Y</First></Pre>,,,IXA25,0,N,,27,,"<CarOver24Hrs>N</CarOver24Hrs><FlexPKGProfile>N</FlexPKGProfile><PrefCommMethod></PrefCommMethod><Destination>REH,HUS,FAS,HOF,NUP,REK</Destination>",Y,1900-01-01,Markle_M,2024-05-10 00:00:00.000,Lyons_S,2025-01-08 16:46:12.513,2024-05-10 00:00:00.000,2025-07-25 04:41:47.517,2025-04-08 08:40:08.187,0
17486,607033,"2025 Icelandic Explorer - 9 days/8 nights - AAA North Penn - June 9, 2025",Multi-Expired,"2025 Icelandic Explorer - 9 days/8 nights - AAA North Penn - June 9, 2025",2025-06-09,2025-06-09,2010-01-01,2025-12-31,SCH-IS-IXA,C,9,Y,N,AA,Y,N,,<Main><AirOffset>1</AirOffset><FromCity>NYC</FromCity><ToCity>REK</ToCity><ReturnFromCity>REK</ReturnFromCity><ReturnToCity>NYC</ReturnToCity><AirReturnOffset></AirReturnOffset></Main><AIWhoStamp>Biggins_Tr</AIWhoStamp><AIDateStamp>2022-04-06 10:14:42.000</AIDateStamp>,,,<Pre><First>Y</First></Pre>,,,IXA25,0,N,,27,,"<CarOver24Hrs>N</CarOver24Hrs><FlexPKGProfile>N</FlexPKGProfile><PrefCommMethod></PrefCommMethod><Destination>REH,HUS,FAS,HOF,NUP,REK</Destination>",Y,1900-01-01,Markle_M,2024-05-10 00:00:00.000,Tancred_E,2025-05-27 13:10:20.867,2025-05-28 07:01:18.080,2025-07-25 04:41:47.517,2025-05-28 07:01:18.080,0
12062,607039,"2025 Best of Britain - 9 Days/8 Nights - R&R Travel Agency - July 6, 2025",Expired,"2025 Best of Britain - 9 Days/8 Nights - R&R Travel Agency - July 6, 2025",2025-07-06,2025-07-06,2010-01-01,2025-12-31,SCH-GB-BEA,C,9,Y,N,AA,Y,N,,<Main><AirOffset>1</AirOffset><FromCity>NYC</FromCity><ToCity>LON</ToCity><ReturnFromCity>LON</ReturnFromCity><ReturnToCity>NYC</ReturnToCity><AirReturnOffset></AirReturnOffset></Main>,,,<Pre><First>Y</First></Pre>,,,BEA25,0,N,,27,,"<CarOver24Hrs>N</CarOver24Hrs><PrefCommMethod></PrefCommMethod><Destination>BKS,YOR,LON,LIV,FIF,CDI</Destination><FlexPKGProfile>N</FlexPKGProfile>",Y,1900-01-01,Markle_M,2024-05-10 00:00:00.000,Lyons_S,2024-11-21 14:02:29.280,2024-05-10 00:00:00.000,2025-07-25 04:41:47.517,2025-04-08 08:40:08.187,0
12932,617922,AUTHENTIC IRISH TOURS,Expired,AUTHENTIC IRISH TOURS,2025-10-23,2025-10-23,2024-10-17,2025-10-23,GRP-GB-BOS-WH,C,11,Y,N,AA,Y,N,,,,,,,,GB-617922,0,Y,"L:5|7AA-0AA/0A,7.5|9.5AA-0AA/0A,10|12AA-1AA/0A,12.5|14.5AA-1AA/0A,15|17AA-2AA/0A,17.5|19.5AA-2AA/0A,20|22AA-2AA/0A,22.5|24AA-2AA/0A,48X;A:5|7AA-0AA/0A,7.5|9.5AA-0AA/0A,10|12AA-0AA/0A,12.5|14.5AA-0AA/0A,15|17AA-0AA/0A,17.5|19.5AA-0AA/0A,20|22AA-0AA/0A,22.5|24AA-0AA/0A,48X",20,,<CarOver24Hrs>N</CarOver24Hrs><FlexPKGProfile>N</FlexPKGProfile>,N,1900-01-01,Hager_W,2024-10-17 00:00:00.000,Davies_Ja,2024-12-31 21:07:18.517,2024-10-17 00:00:00.000,9999-12-31 00:00:00.000,2025-04-08 08:40:08.187,1
12933,617925,AAA CLUB ALLIANCE,Multi-Expired,AAA CLUB ALLIANCE,2025-06-02,2025-06-02,2024-10-17,2025-06-02,GRP-GB-BOS-WH,C,8,Y,N,AA,Y,N,,,,,,,,GB-617925,0,Y,"L:5|7AA-0AA/0A,7.5|9.5AA-0AA/0A,10|12AA-1AA/0A,12.5|14.5AA-1AA/0A,15|17AA-2AA/0A,17.5|19.5AA-2AA/0A,20|22AA-2AA/0A,22.5|24AA-2AA/0A,48X;A:5|7AA-0AA/0A,7.5|9.5AA-0AA/0A,10|12AA-0AA/0A,12.5|14.5AA-0AA/0A,15|17AA-0AA/0A,17.5|19.5AA-0AA/0A,20|22AA-0AA/0A,22.5|24AA-0AA/0A,48X",20,,<CarOver24Hrs>N</CarOver24Hrs><FlexPKGProfile>N</FlexPKGProfile>,N,1900-01-01,Hager_W,2024-10-17 00:00:00.000,Hager_W,2024-12-09 17:24:19.423,2024-10-17 00:00:00.000,2025-07-25 04:41:47.517,2025-04-08 08:40:08.187,0
17977,617925,AAA CLUB ALLIANCE,Multi-Expired,AAA CLUB ALLIANCE,2025-06-02,2025-06-02,2024-10-17,2025-06-02,GRP-GB-BOS-WH,C,8,Y,N,AA,Y,N,,,,,,,,GB-617925,0,Y,"L:5|7AA-0AA/0A,7.5|9.5AA-0AA/0A,10|12AA-1AA/0A,12.5|14.5AA-1AA/0A,15|17AA-2AA/0A,17.5|19.5AA-2AA/0A,20|22AA-2AA/0A,22.5|24AA-2AA/0A,48X;A:5|7AA-0AA/0A,7.5|9.5AA-0AA/0A,10|12AA-0AA/0A,12.5|14.5AA-0AA/0A,15|17AA-0AA/0A,17.5|19.5AA-0AA/0A,20|22AA-0AA/0A,22.5|24AA-0AA/0A,48X",0,,<CarOver24Hrs>N</CarOver24Hrs><FlexPKGProfile>N</FlexPKGProfile>,N,1900-01-01,Hager_W,2024-10-17 00:00:00.000,Hager_W,2024-12-09 17:24:19.423,2025-06-02 06:17:57.060,9999-12-31 00:00:00.000,2025-06-02 06:17:57.060,1
12934,617935,"2025 Best of Ireland South (Tour A) - 8 Days/7 Nights - ETA Travel - March 8, 2025",Pending,"2025 Best of Ireland South (Tour A) - 8 Days/7 Nights - ETA Travel - March 8, 2025",2025-03-08,2025-03-08,2010-01-01,2025-12-31,SCH-IE-ISA,C,8,Y,N,AA/AAA,Y,N,,<Main><AirOffset>1</AirOffset><FromCity>NYC</FromCity><ToCity>DUB</ToCity><ReturnFromCity>DUB</ReturnFromCity><ReturnToCity>NYC</ReturnToCity></Main>,,,<Pre><First>Y</First><Duration>1</Duration></Pre>,,,ISA25,0,N,,0,,"<CarOver24Hrs>N</CarOver24Hrs><PrefCommMethod></PrefCommMethod><Destination>DUB,CLA,KER</Destination><FlexPKGProfile>N</FlexPKGProfile>",Y,1900-01-01,Wilson_N,2024-10-18 00:00:00.000,Lyons_S,2025-01-08 16:43:42.140,2024-10-18 00:00:00.000,2025-09-11 02:14:04.910,2025-04-08 08:40:08.187,0
12935,617939,"2025 Best of Spain - 9 Days/8 Nights - Go Wandering Travel - July 27, 2025",Active,"2025 Best of Spain - 9 Days/8 Nights - Go Wandering Travel - July 27, 2025",2025-07-27,2025-07-27,2024-06-04,2025-12-31,SCH-ES-BSA,C,9,Y,N,AA/AAA,Y,N,,<Main><AirOffset>1</AirOffset><FromCity>NYC</FromCity><ToCity>MAD</ToCity><ReturnFromCity>BCN</ReturnFromCity><ReturnToCity>NYC</ReturnToCity><AirReturnOffset></AirReturnOffset></Main><AIWhoStamp>Lyons_S</AIWhoStamp><AIDateStamp>2024-03-06 15:52:30.000</AIDateStamp>,,,<Pre><Service><ProductCode>ESPRENIGHTS</ProductCode><SupplierID>ES-MAD-RDM</SupplierID><ServiceID>STD-SBB</ServiceID></Service></Pre>,<Post><Last>Y</Last></Post>,,BSA25,0,N,,17,,"<CarOver24Hrs>N</CarOver24Hrs><PrefCommMethod></PrefCommMethod><Destination>SVQ,MAD,GRX,VLC,BCN</Destination><FlexPKGProfile>N</FlexPKGProfile>",Y,1900-01-01,Wilson_N,2024-10-18 00:00:00.000,Wilson_N,2025-02-13 14:54:45.443,2024-10-18 00:00:00.000,2025-07-25 04:41:47.517,2025-04-08 08:40:08.187,0
15095,617939,"2025 Best of Spain - 9 Days/8 Nights - Go Wandering Travel - July 27, 2025",Active,"2025 Best of Spain - 9 Days/8 Nights - Go Wandering Travel - July 27, 2025",2025-07-27,2025-07-27,2024-06-04,2025-12-31,SCH-ES-BSA,C,9,Y,N,AA/AAA,Y,N,,<Main><AirOffset>1</AirOffset><FromCity>NYC</FromCity><ToCity>MAD</ToCity><ReturnFromCity>BCN</ReturnFromCity><ReturnToCity>NYC</ReturnToCity><AirReturnOffset></AirReturnOffset></Main><AIWhoStamp>Lyons_S</AIWhoStamp><AIDateStamp>2024-03-06 15:52:30.000</AIDateStamp>,,,<Pre><Service><ProductCode>ESPRENIGHTS</ProductCode><SupplierID>ES-MAD-RDM</SupplierID><ServiceID>STD-SBB</ServiceID></Service></Pre>,<Post><Last>Y</Last></Post>,,BSA25,0,N,,13,,"<CarOver24Hrs>N</CarOver24Hrs><PrefCommMethod></PrefCommMethod><Destination>SVQ,MAD,GRX,VLC,BCN</Destination><FlexPKGProfile>N</FlexPKGProfile>",Y,1900-01-01,Wilson_N,2024-10-18 00:00:00.000,Wilson_N,2025-04-08 16:26:01.370,2025-04-10 08:06:55.350,2025-07-25 04:41:47.517,2025-04-10 08:06:55.350,0
16005,617939,"2025 Best of Spain - 9 Days/8 Nights - Go Wandering Travel - July 27, 2025",Active,"2025 Best of Spain - 9 Days/8 Nights - Go Wandering Travel - July 27, 2025",2025-07-27,2025-07-27,2024-06-04,2025-12-31,SCH-ES-BSA,C,9,Y,N,AA/AAA,Y,N,,<Main><AirOffset>1</AirOffset><FromCity>NYC</FromCity><ToCity>MAD</ToCity><ReturnFromCity>BCN</ReturnFromCity><ReturnToCity>NYC</ReturnToCity><AirReturnOffset></AirReturnOffset></Main><AIWhoStamp>Lyons_S</AIWhoStamp><AIDateStamp>2024-03-06 15:52:30.000</AIDateStamp>,,,<Pre><Service><ProductCode>ESPRENIGHTS</ProductCode><SupplierID>ES-MAD-RDM</SupplierID><ServiceID>STD-SBB</ServiceID></Service></Pre>,<Post><Last>Y</Last></Post>,,BSA25,0,N,,10,,"<CarOver24Hrs>N</CarOver24Hrs><PrefCommMethod></PrefCommMethod><Destination>SVQ,MAD,GRX,VLC,BCN</Destination><FlexPKGProfile>N</FlexPKGProfile>",Y,1900-01-01,Wilson_N,2024-10-18 00:00:00.000,Wilson_N,2025-04-29 16:51:48.327,2025-04-30 04:33:14.220,2025-07-25 04:41:47.517,2025-04-30 04:33:14.220,0
16302,617939,"2025 Best of Spain - 9 Days/8 Nights - Go Wandering Travel - July 27, 2025",Active,"2025 Best of Spain - 9 Days/8 Nights - Go Wandering Travel - July 27, 2025",2025-07-27,2025-07-27,2024-06-04,2025-12-31,SCH-ES-BSA,C,9,Y,N,AA/AAA,Y,N,,<Main><AirOffset>1</AirOffset><FromCity>NYC</FromCity><ToCity>MAD</ToCity><ReturnFromCity>BCN</ReturnFromCity><ReturnToCity>NYC</ReturnToCity><AirReturnOffset></AirReturnOffset></Main><AIWhoStamp>Lyons_S</AIWhoStamp><AIDateStamp>2024-03-06 15:52:30.000</AIDateStamp>,,,<Pre><Service><ProductCode>ESPRENIGHTS</ProductCode><SupplierID>ES-MAD-RDM</SupplierID><ServiceID>STD-SBB</ServiceID></Service></Pre>,<Post><Last>Y</Last></Post>,,BSA25,0,N,,9,,"<CarOver24Hrs>N</CarOver24Hrs><PrefCommMethod></PrefCommMethod><Destination>SVQ,MAD,GRX,VLC,BCN</Destination><FlexPKGProfile>N</FlexPKGProfile>",Y,1900-01-01,Wilson_N,2024-10-18 00:00:00.000,Wilson_N,2025-05-06 17:54:44.610,2025-05-07 04:32:50.770,2025-05-08 04:34:12.630,2025-05-07 04:32:50.770,0
16387,617939,"2025 Best of Spain - 9 Days/8 Nights - Go Wandering Travel - July 27, 2025",Active,"2025 Best of Spain - 9 Days/8 Nights - Go Wandering Travel - July 27, 2025",2025-07-27,2025-07-27,2024-06-04,2025-12-31,SCH-ES-BSA,C,9,Y,N,AA/AAA,Y,N,,<Main><AirOffset>1</AirOffset><FromCity>NYC</FromCity><ToCity>MAD</ToCity><ReturnFromCity>BCN</ReturnFromCity><ReturnToCity>NYC</ReturnToCity><AirReturnOffset></AirReturnOffset></Main><AIWhoStamp>Lyons_S</AIWhoStamp><AIDateStamp>2024-03-06 15:52:30.000</AIDateStamp>,,,<Pre><Service><ProductCode>ESPRENIGHTS</ProductCode><SupplierID>ES-MAD-RDM</SupplierID><ServiceID>STD-SBB</ServiceID></Service></Pre>,<Post><Last>Y</Last></Post>,,BSA25,0,N,,9,,"<CarOver24Hrs>N</CarOver24Hrs><PrefCommMethod></PrefCommMethod><Destination>SVQ,MAD,GRX,VLC,BCN</Destination><FlexPKGProfile>N</FlexPKGProfile>",Y,1900-01-01,Wilson_N,2024-10-18 00:00:00.000,Mahnken_J,2025-05-07 22:44:57.523,2025-05-08 04:34:50.883,9999-12-31 00:00:00.000,2025-05-08 04:34:50.883,1
13097,619686,Vai Travel,Pending,Vai Travel,2026-04-19,2026-04-19,2024-11-13,2026-04-19,GRP-GB-BOS-KS,C,11,Y,N,N,Y,N,,,,,,,,GB-619686,0,Y,"L:5|7AA-0AA/0A,7.5|9.5AA-0AA/0A,10|12AA-1AA/0A,12.5|14.5AA-1AA/0A,15|17AA-2AA/0A,17.5|19.5AA-2AA/0A,20|22AA-2AA/0A,22.5|24AA-2AA/0A,48X;A:5|7AA-0AA/0A,7.5|9.5AA-0AA/0A,10|12AA-0AA/0A,12.5|14.5AA-0AA/0A,15|17AA-0AA/0A,17.5|19.5AA-0AA/0A,20|22AA-0AA/0A,22.5|24AA-0AA/0A,48X",20,,<CarOver24Hrs>N</CarOver24Hrs><FlexPKGProfile>N</FlexPKGProfile>,N,1900-01-01,Smith_K,2024-11-13 00:00:00.000,Smith_K,2024-11-20 17:36:02.180,2024-11-13 00:00:00.000,2025-07-25 04:41:47.517,2025-04-08 08:40:08.187,0
16142,619686,Vai Travel,Expired,Vai Travel,2026-04-19,2026-04-19,2024-11-13,2026-04-19,GRP-GB-BOS-KS,C,11,Y,N,N,Y,N,,,,,,,,GB-619686,0,Y,"L:5|7AA-0AA/0A,7.5|9.5AA-0AA/0A,10|12AA-1AA/0A,12.5|14.5AA-1AA/0A,15|17AA-2AA/0A,17.5|19.5AA-2AA/0A,20|22AA-2AA/0A,22.5|24AA-2AA/0A,48X;A:5|7AA-0AA/0A,7.5|9.5AA-0AA/0A,10|12AA-0AA/0A,12.5|14.5AA-0AA/0A,15|17AA-0AA/0A,17.5|19.5AA-0AA/0A,20|22AA-0AA/0A,22.5|24AA-0AA/0A,48X",20,,<CarOver24Hrs>N</CarOver24Hrs><FlexPKGProfile>N</FlexPKGProfile>,N,1900-01-01,Smith_K,2024-11-13 00:00:00.000,Smith_K,2025-05-02 19:38:28.780,2025-05-03 04:35:37.930,9999-12-31 00:00:00.000,2025-05-03 04:35:37.930,1
13098,619696,"2025 Irish Adventure - 9 Days/8 Nights - Avoya Travel - September 12, 2025",Pending,"2025 Irish Adventure - 9 Days/8 Nights - Avoya Travel - September 12, 2025",2025-09-12,2025-09-12,2010-01-01,2025-12-31,SCH-IE-ADA,C,9,Y,N,AA/AAA,Y,N,,<Main><AirOffset>1</AirOffset><FromCity>NYC</FromCity><ToCity>DUB</ToCity><ReturnFromCity>DUB</ReturnFromCity><ReturnToCity>NYC</ReturnToCity></Main>,,,<Pre><First>Y</First></Pre>,<Post><Last>Y</Last></Post>,,ADA25,0,N,,10,,"<CarOver24Hrs>N</CarOver24Hrs><PrefCommMethod></PrefCommMethod><Destination>DUB,WAT,GAL,DER,KER</Destination><FlexPKGProfile>N</FlexPKGProfile>",Y,1900-01-01,Wilson_N,2024-11-13 00:00:00.000,Lyons_S,2025-02-05 17:10:49.123,2024-11-13 00:00:00.000,2025-09-11 02:14:04.910,2025-04-08 08:40:08.187,0
13099,619701,"2025 Scottish Dream - 9 Days/8 Nights - RS Travel LLC - May 1, 2025",Expired,"2025 Scottish Dream - 9 Days/8 Nights - RS Travel LLC - May 1, 2025",2025-05-01,2025-05-01,2010-01-01,2025-12-31,SCH-GB-DRA,C,9,Y,N,AA/AAA,Y,N,,<Main><AirOffset>1</AirOffset><FromCity>NYC</FromCity><ToCity>EDI</ToCity><ReturnFromCity>EDI</ReturnFromCity><ReturnToCity>NYC</ReturnToCity><AirReturnOffset></AirReturnOffset></Main><AIWhoStamp>Biggins_Tr</AIWhoStamp><AIDateStamp>2022-09-06 16:38:11.000</AIDateStamp>,,,<Pre><First>Y</First></Pre>,<Post><Service><ProductCode>UKPRENIGHTS</ProductCode><SupplierID>GB-EDI-DAL</SupplierID><ServiceID>STD-SBB</ServiceID></Service></Post>,,DRA25,0,N,,15,,"<CarOver24Hrs>N</CarOver24Hrs><PrefCommMethod></PrefCommMethod><Destination>EDI,NAI,PES,ARY,GLA,INV</Destination><FlexPKGProfile>N</FlexPKGProfile>",Y,1900-01-01,doig_l,2024-11-13 00:00:00.000,Caldeira_N,2025-03-05 16:22:58.263,2024-11-13 00:00:00.000,2025-07-25 04:41:47.517,2025-04-08 08:40:08.187,0
15522,619701,"2025 Scottish Dream - 9 Days/8 Nights - RS Travel LLC - May 1, 2025",Expired,"2025 Scottish Dream - 9 Days/8 Nights - RS Travel LLC - May 1, 2025",2025-05-01,2025-05-01,2010-01-01,2025-12-31,SCH-GB-DRA,C,9,Y,N,AA/AAA,Y,N,,<Main><AirOffset>1</AirOffset><FromCity>NYC</FromCity><ToCity>EDI</ToCity><ReturnFromCity>EDI</ReturnFromCity><ReturnToCity>NYC</ReturnToCity><AirReturnOffset></AirReturnOffset></Main><AIWhoStamp>Biggins_Tr</AIWhoStamp><AIDateStamp>2022-09-06 16:38:11.000</AIDateStamp>,,,<Pre><First>Y</First></Pre>,<Post><Service><ProductCode>UKPRENIGHTS</ProductCode><SupplierID>GB-EDI-DAL</SupplierID><ServiceID>STD-SBB</ServiceID></Service></Post>,,DRA25,0,N,,15,,"<CarOver24Hrs>N</CarOver24Hrs><PrefCommMethod></PrefCommMethod><Destination>EDI,NAI,PES,ARY,GLA,INV</Destination><FlexPKGProfile>N</FlexPKGProfile>",Y,1900-01-01,doig_l,2024-11-13 00:00:00.000,Lyons_S,2025-04-16 10:19:37.283,2025-04-17 05:07:41.510,2025-07-25 04:41:47.517,2025-04-17 05:07:41.510,0
16036,619701,"2025 Scottish Dream - 9 Days/8 Nights - RS Travel LLC - May 1, 2025",Expired,"2025 Scottish Dream - 9 Days/8 Nights - RS Travel LLC - May 1, 2025",2025-05-01,2025-05-01,2010-01-01,2025-12-31,SCH-GB-DRA,C,9,Y,N,AA/AAA,Y,N,,<Main><AirOffset>1</AirOffset><FromCity>NYC</FromCity><ToCity>EDI</ToCity><ReturnFromCity>EDI</ReturnFromCity><ReturnToCity>NYC</ReturnToCity><AirReturnOffset></AirReturnOffset></Main><AIWhoStamp>Biggins_Tr</AIWhoStamp><AIDateStamp>2022-09-06 16:38:11.000</AIDateStamp>,,,<Pre><First>Y</First></Pre>,<Post><Service><ProductCode>UKPRENIGHTS</ProductCode><SupplierID>GB-EDI-DAL</SupplierID><ServiceID>STD-SBB</ServiceID></Service></Post>,,DRA25,0,N,,0,,"<CarOver24Hrs>N</CarOver24Hrs><PrefCommMethod></PrefCommMethod><Destination>EDI,NAI,PES,ARY,GLA,INV</Destination><FlexPKGProfile>N</FlexPKGProfile>",Y,1900-01-01,doig_l,2024-11-13 00:00:00.000,Lyons_S,2025-04-16 10:19:37.283,2025-05-01 04:34:05.520,9999-12-31 00:00:00.000,2025-05-01 04:34:05.520,1
13490,626978,CAPITAL AREA TRAVEL LEADERS,Pending,CAPITAL AREA TRAVEL LEADERS,2025-09-19,2025-09-19,2025-02-06,2025-09-19,GRP-GB-BOS-WH,C,8,Y,N,AA,Y,N,,,,,,,,GB-626978,0,Y,"L:5|7AA-0AA/0A,7.5|9.5AA-0AA/0A,10|12AA-1AA/0A,12.5|14.5AA-1AA/0A,15|17AA-2AA/0A,17.5|19.5AA-2AA/0A,20|22AA-2AA/0A,22.5|24AA-2AA/0A,48X;A:5|7AA-0AA/0A,7.5|9.5AA-0AA/0A,10|12AA-0AA/0A,12.5|14.5AA-0AA/0A,15|17AA-0AA/0A,17.5|19.5AA-0AA/0A,20|22AA-0AA/0A,22.5|24AA-0AA/0A,48X",20,,<CarOver24Hrs>N</CarOver24Hrs><FlexPKGProfile>N</FlexPKGProfile>,N,1900-01-01,Hager_W,2025-02-06 00:00:00.000,Hager_W,2025-02-06 22:37:33.810,2025-02-06 00:00:00.000,2025-07-25 04:41:47.517,2025-04-08 08:40:08.187,0
15267,626978,CAPITAL AREA TRAVEL LEADERS,Expired,CAPITAL AREA TRAVEL LEADERS,2025-09-19,2025-09-19,2025-02-06,2025-09-19,GRP-GB-BOS-WH,C,8,Y,N,AA,Y,N,,,,,,,,GB-626978,0,Y,"L:5|7AA-0AA/0A,7.5|9.5AA-0AA/0A,10|12AA-1AA/0A,12.5|14.5AA-1AA/0A,15|17AA-2AA/0A,17.5|19.5AA-2AA/0A,20|22AA-2AA/0A,22.5|24AA-2AA/0A,48X;A:5|7AA-0AA/0A,7.5|9.5AA-0AA/0A,10|12AA-0AA/0A,12.5|14.5AA-0AA/0A,15|17AA-0AA/0A,17.5|19.5AA-0AA/0A,20|22AA-0AA/0A,22.5|24AA-0AA/0A,48X",20,,<CarOver24Hrs>N</CarOver24Hrs><FlexPKGProfile>N</FlexPKGProfile>,N,1900-01-01,Hager_W,2025-02-06 00:00:00.000,Davies_Ja,2025-04-11 20:24:19.030,2025-04-15 09:44:58.910,9999-12-31 00:00:00.000,2025-04-15 09:44:58.910,1
13491,626991,"2025 Taste of Italy with Sorrento - 10 Days/9 Nights - United World Travel - September 7, 2025",Expired,"2025 Taste of Italy with Sorrento - 10 Days/9 Nights - United World Travel - September 7, 2025",2025-09-07,2025-09-07,2010-01-01,2025-12-31,SCH-IT-ITT,C,10,Y,N,AA/AAA,Y,N,,<Main><AirOffset>1</AirOffset><FromCity>NYC</FromCity><ToCity>VCE</ToCity><ReturnFromCity>NAP</ReturnFromCity><ReturnToCity>NYC</ReturnToCity><AirReturnOffset></AirReturnOffset></Main><AIWhoStamp>McInerney_M</AIWhoStamp><AIDateStamp>2019-06-21 09:20:08.000</AIDateStamp>,,,<Pre><First>Y</First></Pre>,<Post><Last>Y</Last></Post>,,ITT25,0,N,,11,,"<CarOver24Hrs>N</CarOver24Hrs><PrefCommMethod></PrefCommMethod><Destination>ROM,RRO,VCE,FLR</Destination><FlexPKGProfile>N</FlexPKGProfile>",Y,1900-01-01,Markle_M,2025-02-07 00:00:00.000,edwards_ki,2025-03-26 11:36:05.627,2025-02-07 00:00:00.000,9999-12-31 00:00:00.000,2025-04-08 08:40:08.187,1
13492,627010,Peru Travel Connections,Active,Peru Travel Connections,2026-03-12,2026-03-12,2025-02-07,2025-12-26,GRP-IE-KS-1,C,9,Y,N,AA,Y,N,,,,,,,,IE-627010,0,Y,"L:5|7AA-0AA/0A,7.5|9.5AA-0AA/0A,10|12AA-0AA/0A,12.5|14.5AA-0AA/0A,15|17AA-0AA/0A,17.5|19.5AA-0AA/0A,20|22AA-0AA/0A,44X;A:5|7AA-0AA/0A,7.5|9.5AA-0AA/0A,10|12AA-0AA/0A,12.5|14.5AA-0AA/0A,15|17AA-0AA/0A,17.5|19.5AA-0AA/0A,20|22AA-0AA/0A,44X",20,,<CarOver24Hrs>N</CarOver24Hrs><FlexPKGProfile>N</FlexPKGProfile>,Y,1900-01-01,Smith_K,2025-02-07 00:00:00.000,Smith_K,2025-03-24 17:03:47.740,2025-02-07 00:00:00.000,2025-07-25 04:41:47.517,2025-04-08 08:40:08.187,0
15757,627010,Peru Travel Connections,Active,Peru Travel Connections,2026-03-12,2026-03-12,2025-02-07,2025-12-26,GRP-IE-KS-1,C,9,Y,N,AA,Y,N,,<Main><AirOffset>1</AirOffset><FromCity>CHI</FromCity><ToCity>DUB</ToCity><ReturnFromCity>DUB</ReturnFromCity><ReturnToCity>CHI</ReturnToCity><AirReturnOffset></AirReturnOffset><IncludeContracts>Y</IncludeContracts><IncludeBlkContracts>Y</IncludeBlkContracts><BlockOnly>Y</BlockOnly><Market>627010</Market></Main><AIWhoStamp>Schindler_A</AIWhoStamp><AIDateStamp>2025-04-25 14:34:23.000</AIDateStamp>,"ORD,",,,,,IE-627010,0,Y,"L:5|7AA-0AA/0A,7.5|9.5AA-0AA/0A,10|12AA-0AA/0A,12.5|14.5AA-0AA/0A,15|17AA-0AA/0A,17.5|19.5AA-0AA/0A,20|22AA-0AA/0A,44X;A:5|7AA-0AA/0A,7.5|9.5AA-0AA/0A,10|12AA-0AA/0A,12.5|14.5AA-0AA/0A,15|17AA-0AA/0A,17.5|19.5AA-0AA/0A,20|22AA-0AA/0A,44X",20,,<CarOver24Hrs>N</CarOver24Hrs><FlexPKGProfile>N</FlexPKGProfile>,Y,1900-01-01,Smith_K,2025-02-07 00:00:00.000,Smith_K,2025-03-24 17:03:47.740,2025-04-28 19:00:19.260,2025-07-25 04:41:47.517,2025-04-28 19:00:19.260,0
16038,627010,Peru Travel Connections,Active,Peru Travel Connections,2026-03-12,2026-03-12,2025-02-07,2025-12-26,GRP-IE-KS-1,C,9,Y,N,AA,Y,Y,,<Main><AirOffset>1</AirOffset><FromCity>CHI</FromCity><ToCity>DUB</ToCity><ReturnFromCity>DUB</ReturnFromCity><ReturnToCity>CHI</ReturnToCity><AirReturnOffset></AirReturnOffset><IncludeContracts>Y</IncludeContracts><IncludeBlkContracts>Y</IncludeBlkContracts><BlockOnly>Y</BlockOnly><Market>627010</Market></Main><AIWhoStamp>Schindler_A</AIWhoStamp><AIDateStamp>2025-04-25 14:34:23.000</AIDateStamp>,"ORD,",,,,,IE-627010,0,Y,"L:5|7AA-0AA/0A,7.5|9.5AA-0AA/0A,10|12AA-0AA/0A,12.5|14.5AA-0AA/0A,15|17AA-0AA/0A,17.5|19.5AA-0AA/0A,20|22AA-0AA/0A,44X;A:5|7AA-0AA/0A,7.5|9.5AA-0AA/0A,10|12AA-0AA/0A,12.5|14.5AA-0AA/0A,15|17AA-0AA/0A,17.5|19.5AA-0AA/0A,20|22AA-0AA/0A,44X",20,,<CarOver24Hrs>N</CarOver24Hrs><FlexPKGProfile>N</FlexPKGProfile>,Y,1900-01-01,Smith_K,2025-02-07 00:00:00.000,Mahoney_he,2025-04-30 17:01:22.640,2025-05-01 04:34:05.520,2025-07-25 04:41:47.517,2025-05-01 04:34:05.520,0
16323,627010,Peru Travel Connections,Active,Peru Travel Connections,2026-03-12,2026-03-12,2025-02-07,2025-12-26,GRP-IE-KS-1,C,9,Y,N,AA,Y,Y,,<Main><AirOffset>1</AirOffset><FromCity>CHI</FromCity><ToCity>DUB</ToCity><ReturnFromCity>DUB</ReturnFromCity><ReturnToCity>CHI</ReturnToCity><AirReturnOffset></AirReturnOffset><IncludeContracts>Y</IncludeContracts><IncludeBlkContracts>Y</IncludeBlkContracts><BlockOnly>Y</BlockOnly><Market>627010</Market></Main><AIWhoStamp>Schindler_A</AIWhoStamp><AIDateStamp>2025-04-25 14:34:23.000</AIDateStamp>,"ORD,",,,,,IE-627010,0,Y,"L:5|7AA-0AA/0A,7.5|9.5AA-0AA/0A,10|12AA-0AA/0A,12.5|14.5AA-0AA/0A,15|17AA-0AA/0A,17.5|19.5AA-0AA/0A,20|22AA-0AA/0A,44X;A:5|7AA-0AA/0A,7.5|9.5AA-0AA/0A,10|12AA-0AA/0A,12.5|14.5AA-0AA/0A,15|17AA-0AA/0A,17.5|19.5AA-0AA/0A,20|22AA-0AA/0A,44X",20,,<CarOver24Hrs>N</CarOver24Hrs><FlexPKGProfile>N</FlexPKGProfile>,Y,1900-01-01,Smith_K,2025-02-07 00:00:00.000,Smith_K,2025-05-06 21:53:47.010,2025-05-07 04:32:50.770,2025-07-25 04:41:47.517,2025-05-07 04:32:50.770,0
17650,627010,Peru Travel Connections,Active,Peru Travel Connections,2026-03-12,2026-03-12,2025-02-07,2025-12-26,GRP-IE-KS-1,C,9,Y,N,AA,Y,Y,,<Main><AirOffset>1</AirOffset><FromCity>CHI</FromCity><ToCity>DUB</ToCity><ReturnFromCity>DUB</ReturnFromCity><ReturnToCity>CHI</ReturnToCity><AirReturnOffset></AirReturnOffset><IncludeContracts>Y</IncludeContracts><IncludeBlkContracts>Y</IncludeBlkContracts><BlockOnly>Y</BlockOnly><Market>627010</Market></Main><AIWhoStamp>Schindler_A</AIWhoStamp><AIDateStamp>2025-04-25 14:34:23.000</AIDateStamp>,"ORD,",,,,,IE-627010,0,Y,"L:5|7AA-0AA/0A,7.5|9.5AA-0AA/0A,10|12AA-0AA/0A,12.5|14.5AA-0AA/0A,15|17AA-0AA/0A,17.5|19.5AA-0AA/0A,20|22AA-0AA/0A,44X;A:5|7AA-0AA/0A,7.5|9.5AA-0AA/0A,10|12AA-0AA/0A,12.5|14.5AA-0AA/0A,15|17AA-0AA/0A,17.5|19.5AA-0AA/0A,20|22AA-0AA/0A,44X",25,,<CarOver24Hrs>N</CarOver24Hrs><FlexPKGProfile>N</FlexPKGProfile>,Y,1900-01-01,Smith_K,2025-02-07 00:00:00.000,Smith_K,2025-05-28 20:04:08.637,2025-05-29 07:08:00.567,2025-07-25 04:41:47.517,2025-05-29 07:08:00.567,0
15446,627621,"2025 Irish Legends - 10 Days/9 Nights - Day Dreaming Quest - June 27, 2025",Expired,"2025 Irish Legends - 10 Days/9 Nights - Day Dreaming Quest - June 27, 2025",2025-06-27,2025-06-27,2010-01-01,2025-12-31,SCH-IE-LEA,C,10,Y,N,AA/AAA,Y,N,,<Main><AirOffset>1</AirOffset><FromCity>NYC</FromCity><ToCity>DUB</ToCity><ReturnFromCity>DUB</ReturnFromCity><ReturnToCity>NYC</ReturnToCity></Main>,,,<Pre><Service><ProductCode>IEPRENIGHTS</ProductCode><SupplierID>IE-MEA-DCA</SupplierID><ServiceID>STD-SBB</ServiceID></Service></Pre>,<Post><Last>Y</Last></Post>,,LEA25,0,N,,22,,"<CarOver24Hrs>N</CarOver24Hrs><PrefCommMethod></PrefCommMethod><Destination>GAL,KIK,MEA,DUB,KER</Destination><FlexPKGProfile>N</FlexPKGProfile>",Y,1900-01-01,doig_l,2025-02-13 00:00:00.000,Stynes_A,2025-04-15 14:53:08.500,2025-04-16 04:53:38.903,2025-07-25 04:41:47.517,2025-04-16 04:53:38.903,0
17747,627621,"2025 Irish Legends - 10 Days/9 Nights - Day Dreaming Quest - June 27, 2025",Expired,"2025 Irish Legends - 10 Days/9 Nights - Day Dreaming Quest - June 27, 2025",2025-06-27,2025-06-27,2010-01-01,2025-12-31,SCH-IE-LEA,C,10,Y,N,AA/AAA,Y,N,,<Main><AirOffset>1</AirOffset><FromCity>NYC</FromCity><ToCity>DUB</ToCity><ReturnFromCity>DUB</ReturnFromCity><ReturnToCity>NYC</ReturnToCity></Main>,,,<Pre><Service><ProductCode>IEPRENIGHTS</ProductCode><SupplierID>IE-MEA-DCA</SupplierID><ServiceID>STD-SBB</ServiceID></Service></Pre>,<Post><Last>Y</Last></Post>,,LEA25,0,N,,22,,"<CarOver24Hrs>N</CarOver24Hrs><PrefCommMethod></PrefCommMethod><Destination>GAL,KIK,MEA,DUB,KER</Destination><FlexPKGProfile>N</FlexPKGProfile>",Y,1900-01-01,doig_l,2025-02-13 00:00:00.000,Douglas_P,2025-05-29 12:11:41.773,2025-05-30 06:58:40.317,2025-07-25 04:41:47.517,2025-05-30 06:58:40.317,0
13519,627623,"2025 Taste of Iceland Coach Tour - 6 Days/5 Nights - Expedia Cruises - August 31, 2025",Pending,"2025 Taste of Iceland Coach Tour - 6 Days/5 Nights - Expedia Cruises - August 31, 2025",2025-08-31,2025-08-31,2010-01-01,2025-12-31,SCH-IS-ICT,C,6,Y,N,AA,Y,N,,<Main><AirOffset>1</AirOffset><FromCity>NYC</FromCity><ToCity>REK</ToCity><ReturnFromCity>REK</ReturnFromCity><ReturnToCity>NYC</ReturnToCity><AirReturnOffset></AirReturnOffset></Main><AIWhoStamp>McInerney_M</AIWhoStamp><AIDateStamp>2018-11-29 09:30:09.000</AIDateStamp>,,,<Pre><First>Y</First></Pre>,<Post><Last>Y</Last></Post>,,ICT25,0,N,,10,,"<CarOver24Hrs>N</CarOver24Hrs><PrefCommMethod></PrefCommMethod><Destination>NUP,HLL,REK</Destination><FlexPKGProfile>N</FlexPKGProfile>",Y,1900-01-01,doig_l,2025-02-13 00:00:00.000,Davies_Ja,2025-02-13 20:46:46.323,2025-02-13 00:00:00.000,2025-07-25 04:41:47.517,2025-04-08 08:40:08.187,0
17538,627623,"2025 Taste of Iceland Coach Tour - 6 Days/5 Nights - Expedia Cruises - August 31, 2025",Pending,"2025 Taste of Iceland Coach Tour - 6 Days/5 Nights - Expedia Cruises - August 31, 2025",2025-08-31,2025-08-31,2010-01-01,2025-12-31,SCH-IS-ICT,C,6,Y,N,AA,Y,N,,<Main><AirOffset>1</AirOffset><FromCity>NYC</FromCity><ToCity>REK</ToCity><ReturnFromCity>REK</ReturnFromCity><ReturnToCity>NYC</ReturnToCity><AirReturnOffset></AirReturnOffset></Main><AIWhoStamp>McInerney_M</AIWhoStamp><AIDateStamp>2018-11-29 09:30:09.000</AIDateStamp>,,,<Pre><First>Y</First></Pre>,<Post><Last>Y</Last></Post>,,ICT25,0,N,,10,,"<CarOver24Hrs>N</CarOver24Hrs><PrefCommMethod></PrefCommMethod><Destination>NUP,HLL,REK</Destination><FlexPKGProfile>N</FlexPKGProfile>",Y,1900-01-01,doig_l,2025-02-13 00:00:00.000,Tancred_E,2025-05-27 13:04:41.557,2025-05-28 07:01:18.080,2025-07-25 04:41:47.517,2025-05-28 07:01:18.080,0
13520,627638,"CXLD - 2025 The Irish Pub Tour - 9 Days/8 Nights - Around The World Travel: Irish Explorers Pubs and Tours - October 11, 2025",Closed,"CXLD - 2025 The Irish Pub Tour - 9 Days/8 Nights - Around The World Travel: Irish Explorers Pubs and Tours - October 11, 2025",2025-10-11,2025-10-11,2010-01-01,2025-12-31,SCH-IE-PUA,C,9,Y,N,AA/AAA,Y,N,,,,,<Pre><First>Y</First></Pre>,<Post><Last>Y</Last></Post>,,,0,N,,0,,"<CarOver24Hrs>N</CarOver24Hrs><PrefCommMethod></PrefCommMethod><Destination>KER,KIK,DUB,GAL,WES</Destination><FlexPKGProfile>N</FlexPKGProfile>",Y,1900-01-01,Markle_M,2025-02-13 00:00:00.000,Davies_Ja,2025-03-11 20:38:23.200,2025-02-13 00:00:00.000,9999-12-31 00:00:00.000,2025-04-08 08:40:08.187,1
13521,627642,SHADYSIDE TRAVEL,Internal,SHADYSIDE TRAVEL,2025-09-25,2025-09-25,2025-02-13,2025-05-16,GRP-GBIE-ND-WH,C,9,Y,N,AA,Y,N,,,,,,,,GBIE-627642,0,Y,"L:10|12AA-0AA/0A,12.5|14.5AA-0AA/0A,15|17AA-0AA/0A,17.5|19.5AA-0AA/0A,20|22AA-0AA/0A,22.5|24AA-0AA/0A,48X;A:10|12AA-0AA/0A,12.5|14.5AA-0AA/0A,15|17AA-0AA/0A,17.5|19.5AA-0AA/0A,20|22AA-0AA/0A,22.5|24AA-0AA/0A,48X",20,,<CarOver24Hrs>N</CarOver24Hrs><FlexPKGProfile>N</FlexPKGProfile>,Y,1900-01-01,Hager_W,2025-02-13 00:00:00.000,Smith_K,2025-03-24 17:05:20.163,2025-02-13 00:00:00.000,2025-07-25 04:41:47.517,2025-04-08 08:40:08.187,0
15118,627642,SHADYSIDE TRAVEL,Internal,SHADYSIDE TRAVEL,2025-09-25,2025-09-25,2025-02-13,2025-05-16,GRP-GBIE-ND-WH,C,9,Y,N,AA,Y,N,,,,,,,,GBIE-627642,0,Y,"L:10|12AA-0AA/0A,12.5|14.5AA-0AA/0A,15|17AA-0AA/0A,17.5|19.5AA-0AA/0A,20|22AA-0AA/0A,22.5|24AA-0AA/0A,48X;A:10|12AA-0AA/0A,12.5|14.5AA-0AA/0A,15|17AA-0AA/0A,17.5|19.5AA-0AA/0A,20|22AA-0AA/0A,22.5|24AA-0AA/0A,48X",20,,<CarOver24Hrs>N</CarOver24Hrs><FlexPKGProfile>N</FlexPKGProfile>,Y,1900-01-01,Hager_W,2025-02-13 00:00:00.000,Mahoney_he,2025-04-08 18:52:18.843,2025-04-10 08:06:55.350,2025-07-25 04:41:47.517,2025-04-10 08:06:55.350,0
15969,627642,SHADYSIDE TRAVEL,Internal,SHADYSIDE TRAVEL,2025-09-25,2025-09-25,2025-02-13,2025-05-16,GRP-GBIE-ND-WH,C,9,Y,N,AA,Y,N,,,,,,,,GBIE-627642,0,Y,"L:10|12AA-0AA/0A,12.5|14.5AA-0AA/0A,15|17AA-0AA/0A,17.5|19.5AA-0AA/0A,20|22AA-0AA/0A,22.5|24AA-0AA/0A,48X;A:10|12AA-0AA/0A,12.5|14.5AA-0AA/0A,15|17AA-0AA/0A,17.5|19.5AA-0AA/0A,20|22AA-0AA/0A,22.5|24AA-0AA/0A,48X",45,,<CarOver24Hrs>N</CarOver24Hrs><FlexPKGProfile>N</FlexPKGProfile>,Y,1900-01-01,Hager_W,2025-02-13 00:00:00.000,Mahoney_he,2025-04-28 20:17:36.727,2025-04-29 09:01:37.820,2025-07-25 04:41:47.517,2025-04-29 09:01:37.820,0
16014,627642,SHADYSIDE TRAVEL,Internal,SHADYSIDE TRAVEL,2025-09-25,2025-09-25,2025-02-13,2025-05-16,GRP-IE-ND-WH,C,9,Y,N,AA,Y,N,,,,,,,,IE-627642,0,Y,"L:10|12AA-0AA/0A,12.5|14.5AA-0AA/0A,15|17AA-0AA/0A,17.5|19.5AA-0AA/0A,20|22AA-0AA/0A,22.5|24AA-0AA/0A,48X;A:10|12AA-0AA/0A,12.5|14.5AA-0AA/0A,15|17AA-0AA/0A,17.5|19.5AA-0AA/0A,20|22AA-0AA/0A,22.5|24AA-0AA/0A,48X",45,,<CarOver24Hrs>N</CarOver24Hrs><FlexPKGProfile>N</FlexPKGProfile>,Y,1900-01-01,Hager_W,2025-02-13 00:00:00.000,Smith_K,2025-04-29 16:25:11.203,2025-04-30 04:33:14.220,2025-07-25 04:41:47.517,2025-04-30 04:33:14.220,0
17539,627642,SHADYSIDE TRAVEL,Internal,SHADYSIDE TRAVEL,2025-09-25,2025-09-25,2025-02-13,2025-05-16,GRP-IE-ND-WH,C,9,Y,N,AA,Y,N,,,,,,,,IE-627642,0,Y,"L:10|12AA-0AA/0A,12.5|14.5AA-0AA/0A,15|17AA-0AA/0A,17.5|19.5AA-0AA/0A,20|22AA-0AA/0A,22.5|24AA-0AA/0A,48X;A:10|12AA-0AA/0A,12.5|14.5AA-0AA/0A,15|17AA-0AA/0A,17.5|19.5AA-0AA/0A,20|22AA-0AA/0A,22.5|24AA-0AA/0A,48X",45,,<CarOver24Hrs>N</CarOver24Hrs><FlexPKGProfile>N</FlexPKGProfile>,Y,1900-01-01,Hager_W,2025-02-13 00:00:00.000,Larkin_B,2025-05-27 09:52:54.120,2025-05-28 07:01:18.080,2025-07-25 04:41:47.517,2025-05-28 07:01:18.080,0
15886,633079,"2025 Ireland South Daytripper - 7 Days/6 Nights - Andreasen Travel - July 20, 2025",Pending,"2025 Ireland South Daytripper - 7 Days/6 Nights - Andreasen Travel - July 20, 2025",2025-07-20,2025-07-20,2010-01-01,2025-12-31,SCH-IE-IDA,C,7,Y,N,AA/AAA,Y,N,,<Main><AirOffset>1</AirOffset><FromCity>NYC</FromCity><ToCity>SNN</ToCity><ReturnFromCity>DUB</ReturnFromCity><ReturnToCity>NYC</ReturnToCity><AirReturnOffset></AirReturnOffset></Main><AIWhoStamp>Biggins_Tr</AIWhoStamp><AIDateStamp>2020-04-21 17:32:50.000</AIDateStamp>,,,<Pre><First>Y</First></Pre>,,,IDA25,0,N,,10,,"<CarOver24Hrs>N</CarOver24Hrs><PrefCommMethod></PrefCommMethod><Destination>LIM,DUB</Destination><FlexPKGProfile>N</FlexPKGProfile>",Y,1900-01-01,Markle_M,2025-04-22 00:00:00.000,Caldeira_N,2025-04-22 18:32:43.860,2025-04-22 00:00:00.000,2025-07-25 04:41:47.517,2025-04-28 19:00:19.260,0
16110,633079,"2025 Ireland South Daytripper - 7 Days/6 Nights - Andreasen Travel - July 20, 2025",Expired,"2025 Ireland South Daytripper - 7 Days/6 Nights - Andreasen Travel - July 20, 2025",2025-07-20,2025-07-20,2010-01-01,2025-12-31,SCH-IE-IDA,C,7,Y,N,AA/AAA,Y,N,,<Main><AirOffset>1</AirOffset><FromCity>NYC</FromCity><ToCity>SNN</ToCity><ReturnFromCity>DUB</ReturnFromCity><ReturnToCity>NYC</ReturnToCity><AirReturnOffset></AirReturnOffset></Main><AIWhoStamp>Biggins_Tr</AIWhoStamp><AIDateStamp>2020-04-21 17:32:50.000</AIDateStamp>,,,<Pre><First>Y</First></Pre>,,,IDA25,0,N,,10,,"<CarOver24Hrs>N</CarOver24Hrs><PrefCommMethod></PrefCommMethod><Destination>LIM,DUB</Destination><FlexPKGProfile>N</FlexPKGProfile>",Y,1900-01-01,Markle_M,2025-04-22 00:00:00.000,Caldeira_N,2025-05-01 20:35:44.910,2025-05-02 04:23:56.197,2025-07-25 04:41:47.517,2025-05-02 04:23:56.197,0
16273,633079,"2025 Ireland South Daytripper - 7 Days/6 Nights - Andreasen Travel - July 20, 2025",Expired,"2025 Ireland South Daytripper - 7 Days/6 Nights - Andreasen Travel - July 20, 2025",2025-07-20,2025-07-20,2010-01-01,2025-12-31,SCH-IE-IDA,C,7,Y,N,AA,Y,N,,<Main><AirOffset>1</AirOffset><FromCity>NYC</FromCity><ToCity>SNN</ToCity><ReturnFromCity>DUB</ReturnFromCity><ReturnToCity>NYC</ReturnToCity><AirReturnOffset></AirReturnOffset></Main><AIWhoStamp>Biggins_Tr</AIWhoStamp><AIDateStamp>2020-04-21 17:32:50.000</AIDateStamp>,,,<Pre><First>Y</First></Pre>,,,IDA25,0,N,,10,,"<CarOver24Hrs>N</CarOver24Hrs><PrefCommMethod></PrefCommMethod><Destination>LIM,DUB</Destination><FlexPKGProfile>N</FlexPKGProfile>",Y,1900-01-01,Markle_M,2025-04-22 00:00:00.000,Davies_Ja,2025-05-05 21:01:20.227,2025-05-06 04:34:49.337,2025-07-25 04:41:47.517,2025-05-06 04:34:49.337,0
15887,633084,CREATIVE INCENTIVES,Pending,CREATIVE INCENTIVES,2026-10-16,2026-10-16,2025-04-22,2026-10-16,GRP-IE-WH,C,8,Y,N,N,Y,N,,,,,,,,IE-633084,0,Y,"L:5|7AA-0AA/0A,7.5|9.5AA-0AA/0A,10|12AA-0AA/0A,12.5|14.5AA-0AA/0A,15|17AA-0AA/0A,17.5|19.5AA-0AA/0A,20|22AA-0AA/0A,22.5|24AA-0AA/0A,48X;A:5|7AA-0AA/0A,7.5|9.5AA-0AA/0A,10|12AA-0AA/0A,12.5|14.5AA-0AA/0A,15|17AA-0AA/0A,17.5|19.5AA-0AA/0A,20|22AA-0AA/0A,22.5|24AA-0AA/0A,48X",20,,<CarOver24Hrs>N</CarOver24Hrs><FlexPKGProfile>N</FlexPKGProfile>,N,1900-01-01,Hager_W,2025-04-22 00:00:00.000,Hager_W,2025-04-22 19:56:26.790,2025-04-22 00:00:00.000,2025-12-19 06:30:24.337,2025-04-28 19:00:19.260,0
15888,633086,"2026 Taste of Scotland & Ireland - 11 Days/10 Nights - Blue Ribbon Travel - August 7, 2026",Active,"2026 Taste of Scotland & Ireland - 11 Days/10 Nights - Blue Ribbon Travel - August 7, 2026",2026-08-07,2026-08-07,2010-01-01,2026-12-31,SCH-GB-SCA,C,11,Y,N,AA/AAA,Y,N,,<Main><AirOffset>1</AirOffset><FromCity>NYC</FromCity><ToCity>EDI</ToCity><ReturnFromCity>DUB</ReturnFromCity><ReturnToCity>NYC</ReturnToCity><AirReturnOffset></AirReturnOffset></Main><AIWhoStamp>Biggins_Tr</AIWhoStamp><AIDateStamp>2022-09-06 17:09:55.000</AIDateStamp>,,,<Pre><Service><ProductCode>UKPRENIGHTS</ProductCode><SupplierID>GB-GLA-GTH</SupplierID><ServiceID>STD-SBB</ServiceID></Service></Pre>,<Post><Last>Y</Last></Post>,,SCA26,0,N,,13,,"<CarOver24Hrs>N</CarOver24Hrs><PrefCommMethod></PrefCommMethod><Destination>GLA,NAI,EDI,KER,DUB,LIM</Destination><FlexPKGProfile>N</FlexPKGProfile>",Y,1900-01-01,Wilson_N,2025-04-22 00:00:00.000,Markle_M,2025-04-24 18:18:03.067,2025-04-22 00:00:00.000,2025-05-03 04:35:04.443,2025-04-28 19:00:19.260,0
16205,633086,"2026 Taste of Scotland & Ireland - 11 Days/10 Nights - Blue Ribbon Travel - August 7, 2026",Active,"2026 Taste of Scotland & Ireland - 11 Days/10 Nights - Blue Ribbon Travel - August 7, 2026",2026-08-07,2026-08-07,2010-01-01,2026-12-31,SCH-GB-SCA,C,11,Y,N,AA/AAA,Y,N,,<Main><AirOffset>1</AirOffset><FromCity>NYC</FromCity><ToCity>EDI</ToCity><ReturnFromCity>DUB</ReturnFromCity><ReturnToCity>NYC</ReturnToCity><AirReturnOffset></AirReturnOffset></Main><AIWhoStamp>Biggins_Tr</AIWhoStamp><AIDateStamp>2022-09-06 17:09:55.000</AIDateStamp>,,,<Pre><Service><ProductCode>UKPRENIGHTS</ProductCode><SupplierID>GB-GLA-GTH</SupplierID><ServiceID>STD-SBB</ServiceID></Service></Pre>,<Post><Last>Y</Last></Post>,,SCA26,0,N,,13,,"<CarOver24Hrs>N</CarOver24Hrs><PrefCommMethod></PrefCommMethod><Destination>GLA,NAI,EDI,KER,DUB,LIM</Destination><FlexPKGProfile>N</FlexPKGProfile>",Y,1900-01-01,Wilson_N,2025-04-22 00:00:00.000,Stynes_A,2025-05-02 14:25:51.877,2025-05-03 04:35:37.930,2025-10-10 05:30:21.523,2025-05-03 04:35:37.930,0
10350,584118,CRUISE ONE DREAM VACATIONS,Multi-Expired,CRUISE ONE DREAM VACATIONS,2024-05-06,2024-05-06,2023-07-21,2024-05-06,GRP-IE-WH,C,11,Y,N,AA,Y,N,,,,,,,,IE-584118,0,Y,"L:5|7AA-0AA/0A,7.5|9.5AA-0AA/0A,10|12AA-1AA/0A,12.5|14.5AA-1AA/0A,15|17AA-2AA/0A,17.5|19.5AA-2AA/0A,20|22AA-2AA/0A,22.5|24AA-2AA/0A,48X;A:5|7AA-0AA/0A,7.5|9.5AA-0AA/0A,10|12AA-0AA/0A,12.5|14.5AA-0AA/0A,15|17AA-0AA/0A,17.5|19.5AA-0AA/0A,20|22AA-0AA/0A,22.5|24AA-0AA/0A,48X",0,,<CarOver24Hrs>N</CarOver24Hrs><FlexPKGProfile>N</FlexPKGProfile>,N,1900-01-01,Hager_W,2023-07-21 00:00:00.000,Hager_W,2023-07-21 21:49:25.387,2023-07-21 00:00:00.000,9999-12-31 00:00:00.000,2025-04-08 08:40:08.187,1
10351,584159,"2024 Irish Legends - 10 Days/9 Nights - 1000 Mile Travel Group - October 11, 2024",Multi-Expired,"2024 Irish Legends - 10 Days/9 Nights - 1000 Mile Travel Group - October 11, 2024",2024-10-11,2024-10-11,2010-01-01,2024-10-11,SCH-IE-LEA,C,10,Y,N,AA/AAA,Y,N,,<Main><AirOffset>1</AirOffset><FromCity>NYC</FromCity><ToCity>DUB</ToCity><ReturnFromCity>DUB</ReturnFromCity><ReturnToCity>NYC</ReturnToCity></Main>,,,<Pre><Service><ProductCode>IEPRENIGHTS</ProductCode><SupplierID>IE-MEA-DCA</SupplierID><ServiceID>STD-SBB</ServiceID></Service></Pre>,<Post><Last>Y</Last></Post>,,LEA24,0,N,,0,,"<CarOver24Hrs>N</CarOver24Hrs><FlexPKGProfile>N</FlexPKGProfile><PrefCommMethod></PrefCommMethod><Destination>KER,GAL,KIK,MEA,DUB</Destination>",Y,1900-01-01,doig_l,2023-07-24 00:00:00.000,Lyons_S,2024-06-18 13:41:24.387,2023-07-24 00:00:00.000,9999-12-31 00:00:00.000,2025-04-08 08:40:08.187,1
10352,584164,"2024 Scottish Clans & Castles - 11 Days/10 Nights - Conlin Travel - April 11, 2024",Expired,"2024 Scottish Clans & Castles - 11 Days/10 Nights - Conlin Travel - April 11, 2024",2024-04-11,2024-04-11,2010-01-01,2024-12-31,SCH-GB-CCA,C,11,Y,N,AA/AAA,Y,N,,<Main><AirOffset>1</AirOffset><FromCity>NYC</FromCity><ToCity>EDI</ToCity><ReturnFromCity>EDI</ReturnFromCity><ReturnToCity>NYC</ReturnToCity><AirReturnOffset></AirReturnOffset></Main><AIWhoStamp>Biggins_Tr</AIWhoStamp><AIDateStamp>2022-09-06 16:30:46.000</AIDateStamp>,,,<Pre><Service><ProductCode>UKPRENIGHTS</ProductCode><SupplierID>GB-GLA-SND</SupplierID><ServiceID>STD-SBB</ServiceID></Service></Pre>,<Post><Last>Y</Last></Post>,,CCA24,0,N,,0,,<CarOver24Hrs>N</CarOver24Hrs><FlexPKGProfile>N</FlexPKGProfile>,Y,1900-01-01,Markle_M,2023-07-24 00:00:00.000,vSchirach_J,2024-03-04 16:54:51.210,2023-07-24 00:00:00.000,9999-12-31 00:00:00.000,2025-04-08 08:40:08.187,1
10353,584167,"2024 Scottish Dream - 8 Days/7 Nights - Integrity Destinations - August 11, 2024",Multi-Expired,"2024 Scottish Dream - 8 Days/7 Nights - Integrity Destinations - August 11, 2024",2024-08-11,2024-08-11,2010-01-01,2024-12-31,SCH-GB-DRA,C,8,Y,N,AA/AAA,Y,N,,<Main><AirOffset>1</AirOffset><FromCity>NYC</FromCity><ToCity>EDI</ToCity><ReturnFromCity>EDI</ReturnFromCity><ReturnToCity>NYC</ReturnToCity><AirReturnOffset></AirReturnOffset></Main><AIWhoStamp>Biggins_Tr</AIWhoStamp><AIDateStamp>2022-09-06 16:38:11.000</AIDateStamp>,,,<Pre><First>Y</First></Pre>,,,DRA24,0,N,,0,,<CarOver24Hrs>N</CarOver24Hrs><FlexPKGProfile>N</FlexPKGProfile>,Y,1900-01-01,doig_l,2023-07-24 00:00:00.000,Lyons_S,2024-04-03 11:43:54.470,2023-07-24 00:00:00.000,9999-12-31 00:00:00.000,2025-04-08 08:40:08.187,1
10354,584168,McGee Family,Expired,McGee Family,2024-08-02,2024-08-02,2023-07-24,2024-08-02,GRP-GB-BOS-KS,C,9,Y,N,N,Y,N,,,,,,,,GB-584168,0,Y,"L:5|7AA-0AA/0A,7.5|9.5AA-0AA/0A,10|12AA-1AA/0A,12.5|14.5AA-1AA/0A,15|17AA-2AA/0A,17.5|19.5AA-2AA/0A,20|22AA-2AA/0A,22.5|24AA-2AA/0A,48X;A:5|7AA-0AA/0A,7.5|9.5AA-0AA/0A,10|12AA-0AA/0A,12.5|14.5AA-0AA/0A,15|17AA-0AA/0A,17.5|19.5AA-0AA/0A,20|22AA-0AA/0A,22.5|24AA-0AA/0A,48X",0,,<CarOver24Hrs>N</CarOver24Hrs><FlexPKGProfile>N</FlexPKGProfile>,N,1900-01-01,Smith_K,2023-07-24 00:00:00.000,Smith_K,2023-08-03 20:23:05.450,2023-07-24 00:00:00.000,9999-12-31 00:00:00.000,2025-04-08 08:40:08.187,1
10355,584172,CRUISES AND TOURS UNLIMITED,Expired,CRUISES AND TOURS UNLIMITED,2024-06-06,2024-06-06,2023-07-24,2024-06-06,GRP-GB-BOS-WH,C,7,Y,N,AA,Y,N,,,,,,,,GB-584172,0,Y,"L:5|7AA-0AA/0A,7.5|9.5AA-0AA/0A,10|12AA-1AA/0A,12.5|14.5AA-1AA/0A,15|17AA-2AA/0A,17.5|19.5AA-2AA/0A,20|22AA-2AA/0A,22.5|24AA-2AA/0A,48X;A:5|7AA-0AA/0A,7.5|9.5AA-0AA/0A,10|12AA-0AA/0A,12.5|14.5AA-0AA/0A,15|17AA-0AA/0A,17.5|19.5AA-0AA/0A,20|22AA-0AA/0A,22.5|24AA-0AA/0A,48X",0,,<CarOver24Hrs>N</CarOver24Hrs><FlexPKGProfile>N</FlexPKGProfile>,N,1900-01-01,Hager_W,2023-07-24 00:00:00.000,Davies_Ja,2023-12-28 20:42:35.310,2023-07-24 00:00:00.000,9999-12-31 00:00:00.000,2025-04-08 08:40:08.187,1
10356,584173,"2024 Taste of Scotland & Ireland - 11 Days/10 Nights - Cruise One / Dream Vacations - June 11, 2024",Expired,"2024 Taste of Scotland & Ireland - 11 Days/10 Nights - Cruise One / Dream Vacations - June 11, 2024",2024-06-11,2024-06-11,2010-01-01,2024-12-31,SCH-GB-SCA,C,11,Y,N,AA/AAA,Y,N,,<Main><AirOffset>1</AirOffset><FromCity>NYC</FromCity><ToCity>EDI</ToCity><ReturnFromCity>DUB</ReturnFromCity><ReturnToCity>NYC</ReturnToCity><AirReturnOffset></AirReturnOffset></Main><AIWhoStamp>Biggins_Tr</AIWhoStamp><AIDateStamp>2022-09-06 17:09:55.000</AIDateStamp>,,,<Pre><Service><ProductCode>UKPRENIGHTS</ProductCode><SupplierID>GB-GLA-GTH</SupplierID><ServiceID>STD-SBB</ServiceID></Service></Pre>,<Post><Last>Y</Last></Post>,,SCA24,0,N,,0,,<CarOver24Hrs>N</CarOver24Hrs><FlexPKGProfile>N</FlexPKGProfile>,Y,1900-01-01,doig_l,2023-07-24 00:00:00.000,doig_l,2023-08-04 14:29:47.673,2023-07-24 00:00:00.000,9999-12-31 00:00:00.000,2025-04-08 08:40:08.187,1
10357,584178,"2024 Taste of Scotland & Ireland - 11 Days/10 Nights - Uniglobe Travel Center - July 28, 2024",Expired,"2024 Taste of Scotland & Ireland - 11 Days/10 Nights - Uniglobe Travel Center - July 28, 2024",2024-07-28,2024-07-28,2010-01-01,2024-12-31,SCH-GB-SCA,C,11,Y,N,AA/AAA,Y,N,,<Main><AirOffset>1</AirOffset><FromCity>NYC</FromCity><ToCity>EDI</ToCity><ReturnFromCity>DUB</ReturnFromCity><ReturnToCity>NYC</ReturnToCity><AirReturnOffset></AirReturnOffset></Main><AIWhoStamp>Biggins_Tr</AIWhoStamp><AIDateStamp>2022-09-06 17:09:55.000</AIDateStamp>,,,<Pre><Service><ProductCode>UKPRENIGHTS</ProductCode><SupplierID>GB-GLA-GTH</SupplierID><ServiceID>STD-SBB</ServiceID></Service></Pre>,<Post><Last>Y</Last></Post>,,SCA24,0,N,,0,,<CarOver24Hrs>N</CarOver24Hrs><FlexPKGProfile>N</FlexPKGProfile>,Y,1900-01-01,Markle_M,2023-07-24 00:00:00.000,DeMontx_D,2024-01-04 17:42:40.170,2023-07-24 00:00:00.000,9999-12-31 00:00:00.000,2025-04-08 08:40:08.187,1
10358,584185,"2024 London Daytripper - 6 Days/5 Nights - Travel Planners International - April 4, 2024",Expired,"2024 London Daytripper - 6 Days/5 Nights - Travel Planners International - April 4, 2024",2024-04-04,2024-04-04,2010-01-01,2024-12-31,SCH-GB-LNA,C,6,Y,N,AA/AAA,Y,N,,<Main><AirOffset>1</AirOffset><FromCity>NYC</FromCity><ToCity>LON</ToCity><ReturnFromCity>LON</ReturnFromCity><ReturnToCity>NYC</ReturnToCity><AirReturnOffset></AirReturnOffset></Main><AIWhoStamp>Tsao_R</AIWhoStamp><AIDateStamp>2019-08-09 15:10:58.000</AIDateStamp>,,,<Pre><First>Y</First></Pre>,<Post><Last>Y</Last></Post>,,LNA24,0,N,,0,,<CarOver24Hrs>N</CarOver24Hrs><FlexPKGProfile>N</FlexPKGProfile>,Y,1900-01-01,Markle_M,2023-07-24 00:00:00.000,edwards_ki,2024-01-16 14:17:34.790,2023-07-24 00:00:00.000,9999-12-31 00:00:00.000,2025-04-08 08:40:08.187,1
11651,601935,"2025 Taste of Ireland (Tour A) - 7 Days/6 Nights - Sea the World Travel - September 1, 2025",Expired,"2025 Taste of Ireland (Tour A) - 7 Days/6 Nights - Sea the World Travel - September 1, 2025",2025-09-01,2025-09-01,2010-01-01,2025-12-31,SCH-IE-TAA,C,7,Y,N,AA/AAA,Y,N,,<Main><AirOffset>1</AirOffset><FromCity>NYC</FromCity><ToCity>DUB</ToCity><ReturnFromCity>DUB</ReturnFromCity><ReturnToCity>NYC</ReturnToCity></Main>,,,<Pre><First>Y</First></Pre>,<Post><Last>Y</Last><Duration>1</Duration></Post>,,TAA25,0,N,,25,,"<CarOver24Hrs>N</CarOver24Hrs><FlexPKGProfile>N</FlexPKGProfile><PrefCommMethod></PrefCommMethod><Destination>LIM,DUB,KER</Destination>",Y,1900-01-01,Markle_M,2024-03-07 00:00:00.000,Larkin_B,2025-01-17 15:21:52.547,2024-03-07 00:00:00.000,9999-12-31 00:00:00.000,2025-04-08 08:40:08.187,1
11652,601937,"2024 Best of Britain - 9 Days/8 Nights - McMinnville Travelwise - October 6, 2024",Expired,"2024 Best of Britain - 9 Days/8 Nights - McMinnville Travelwise - October 6, 2024",2024-10-06,2024-10-06,2010-01-01,2024-12-31,SCH-GB-BEA,C,9,Y,N,AA/AAA,Y,N,,<Main><AirOffset>1</AirOffset><FromCity>NYC</FromCity><ToCity>LON</ToCity><ReturnFromCity>LON</ReturnFromCity><ReturnToCity>NYC</ReturnToCity><AirReturnOffset></AirReturnOffset></Main>,,,<Pre><First>Y</First></Pre>,,,BEA24,0,N,,0,,<CarOver24Hrs>N</CarOver24Hrs><FlexPKGProfile>N</FlexPKGProfile>,Y,1900-01-01,Wilson_N,2024-03-07 00:00:00.000,Davies_Ja,2024-06-13 14:04:00.080,2024-03-07 00:00:00.000,9999-12-31 00:00:00.000,2025-04-08 08:40:08.187,1
11653,601947,European Travel Whisperer,Closed,European Travel Whisperer,2025-05-11,2025-05-11,2024-03-07,2025-02-25,GRP-IE-KS-1,C,12,Y,N,AA,Y,N,,,,,,,,IE-601947,0,Y,"L:5|7AA-0AA/0A,7.5|9.5AA-0AA/0A,10|12AA-1AA/0A,24X;A:5|7AA-0AA/0A,7.5|9.5AA-0AA/0A,10|12AA-0AA/0A,24X",0,,<CarOver24Hrs>N</CarOver24Hrs><FlexPKGProfile>N</FlexPKGProfile>,Y,1900-01-01,Smith_K,2024-03-07 00:00:00.000,Smith_K,2025-03-24 16:19:52.077,2024-03-07 00:00:00.000,9999-12-31 00:00:00.000,2025-04-08 08:40:08.187,1
12265,610077,"2025 Taste of Ireland (Tour A) - 7 Days/6 Nights - Kaleidoscope Travel & Cruise - September 21, 2025",Expired,"2025 Taste of Ireland (Tour A) - 7 Days/6 Nights - Kaleidoscope Travel & Cruise - September 21, 2025",2025-09-21,2025-09-21,2010-01-01,2025-12-31,SCH-IE-TAA,C,7,Y,N,AA/AAA,Y,N,,<Main><AirOffset>1</AirOffset><FromCity>NYC</FromCity><ToCity>DUB</ToCity><ReturnFromCity>DUB</ReturnFromCity><ReturnToCity>NYC</ReturnToCity></Main>,,,<Pre><First>Y</First></Pre>,<Post><Last>Y</Last><Duration>1</Duration></Post>,,TAA25,0,N,,15,,"<CarOver24Hrs>N</CarOver24Hrs><PrefCommMethod></PrefCommMethod><Destination>LIM,DUB,KER</Destination><FlexPKGProfile>N</FlexPKGProfile>",Y,1900-01-01,doig_l,2024-06-24 00:00:00.000,Larkin_B,2025-01-17 15:21:52.720,2024-06-24 00:00:00.000,2025-09-07 05:53:35.717,2025-04-08 08:40:08.187,0
12266,610079,"2025 Scottish Daytripper - 6 Days/ 5 Nights - Kaleidoscope Travel & Cruise - Sepetmber 28, 2025",Multi-Expired,"2025 Scottish Daytripper - 6 Days/ 5 Nights - Kaleidoscope Travel & Cruise - Sepetmber 28, 2025",2025-09-28,2025-09-28,2010-01-01,2025-12-31,SCH-GB-GDA,C,6,Y,N,AA/AAA,Y,N,,<Main><AirOffset>1</AirOffset><FromCity>NYC</FromCity><ToCity>EDI</ToCity><ReturnFromCity>EDI</ReturnFromCity><ReturnToCity>NYC</ReturnToCity><AirReturnOffset></AirReturnOffset></Main><AIWhoStamp>Biggins_Tr</AIWhoStamp><AIDateStamp>2022-09-06 17:16:49.000</AIDateStamp>,,,<Pre><First>Y</First></Pre>,<Post><Last>Y</Last></Post>,,GDA25,0,N,,15,,<CarOver24Hrs>N</CarOver24Hrs><PrefCommMethod></PrefCommMethod><Destination>GLA</Destination><FlexPKGProfile>N</FlexPKGProfile>,Y,1900-01-01,doig_l,2024-06-24 00:00:00.000,Lyons_S,2024-11-22 16:45:13.170,2024-06-24 00:00:00.000,2025-06-03 06:38:26.533,2025-04-08 08:40:08.187,0
18006,610079,"2025 Scottish Daytripper - 6 Days/ 5 Nights - Kaleidoscope Travel & Cruise - Sepetmber 28, 2025",Multi-Expired,"2025 Scottish Daytripper - 6 Days/ 5 Nights - Kaleidoscope Travel & Cruise - Sepetmber 28, 2025",2025-09-28,2025-09-28,2010-01-01,2025-12-31,SCH-GB-GDA,C,6,Y,N,AA/AAA,Y,N,,<Main><AirOffset>1</AirOffset><FromCity>NYC</FromCity><ToCity>EDI</ToCity><ReturnFromCity>EDI</ReturnFromCity><ReturnToCity>NYC</ReturnToCity><AirReturnOffset></AirReturnOffset></Main><AIWhoStamp>Biggins_Tr</AIWhoStamp><AIDateStamp>2022-09-06 17:16:49.000</AIDateStamp>,,,<Pre><First>Y</First></Pre>,<Post><Last>Y</Last></Post>,,GDA25,0,N,,15,,<CarOver24Hrs>N</CarOver24Hrs><PrefCommMethod></PrefCommMethod><Destination>GLA</Destination><FlexPKGProfile>N</FlexPKGProfile>,Y,1900-01-01,doig_l,2024-06-24 00:00:00.000,edwards_ki,2025-06-02 14:44:20.450,2025-06-03 06:39:03.193,2025-06-21 06:08:11.310,2025-06-03 06:39:03.193,0
13356,624055,"2026 Irish Classic - 13 Days/12 Nights - Perkiomen Tours - May 23, 2026",Multi-Pending,"2026 Irish Classic - 13 Days/12 Nights - Perkiomen Tours - May 23, 2026",2026-05-23,2026-05-23,2010-01-01,2026-12-31,SCH-IE-CLA,C,13,Y,N,AA/AAA,Y,N,,<Main><AirOffset>1</AirOffset><FromCity>NYC</FromCity><ToCity>DUB</ToCity><ReturnFromCity>DUB</ReturnFromCity><ReturnToCity>NYC</ReturnToCity></Main>,,,<Pre><First>Y</First></Pre>,<Post><Last>Y</Last></Post>,,CLA26,0,N,,44,,"<CarOver24Hrs>N</CarOver24Hrs><PrefCommMethod></PrefCommMethod><Destination>ANT,KER,WAT,DER,DUB,MAY,LIM</Destination><FlexPKGProfile>N</FlexPKGProfile>",Y,1900-01-01,Markle_M,2025-01-13 00:00:00.000,Lyons_S,2025-03-07 11:42:50.003,2025-01-13 00:00:00.000,2025-07-25 04:41:47.517,2025-04-08 08:40:08.187,0
15109,624055,"2026 Irish Classic - 13 Days/12 Nights - Perkiomen Tours - May 23, 2026",Multi-Pending,"2026 Irish Classic - 13 Days/12 Nights - Perkiomen Tours - May 23, 2026",2026-05-23,2026-05-23,2010-01-01,2026-12-31,SCH-IE-CLA,C,13,Y,N,AA/AAA,Y,N,,<Main><AirOffset>1</AirOffset><FromCity>NYC</FromCity><ToCity>DUB</ToCity><ReturnFromCity>DUB</ReturnFromCity><ReturnToCity>NYC</ReturnToCity></Main>,,,<Pre><First>Y</First></Pre>,<Post><Last>Y</Last></Post>,,CLA26,0,N,,44,,"<CarOver24Hrs>N</CarOver24Hrs><PrefCommMethod></PrefCommMethod><Destination>ANT,KER,WAT,DER,DUB,MAY,LIM</Destination><FlexPKGProfile>N</FlexPKGProfile>",Y,1900-01-01,Markle_M,2025-01-13 00:00:00.000,Douglas_P,2025-04-09 16:00:08.483,2025-04-10 08:06:55.350,2025-07-25 04:41:47.517,2025-04-10 08:06:55.350,0
15434,624055,"2026 Irish Classic - 13 Days/12 Nights - Perkiomen Tours - May 23, 2026",Multi-Expired,"2026 Irish Classic - 13 Days/12 Nights - Perkiomen Tours - May 23, 2026",2026-05-23,2026-05-23,2010-01-01,2026-12-31,SCH-IE-CLA,C,13,Y,N,AA/AAA,Y,N,,<Main><AirOffset>1</AirOffset><FromCity>NYC</FromCity><ToCity>DUB</ToCity><ReturnFromCity>DUB</ReturnFromCity><ReturnToCity>NYC</ReturnToCity></Main>,,,<Pre><First>Y</First></Pre>,<Post><Last>Y</Last></Post>,,CLA26,0,N,,44,,"<CarOver24Hrs>N</CarOver24Hrs><PrefCommMethod></PrefCommMethod><Destination>ANT,KER,WAT,DER,DUB,MAY,LIM</Destination><FlexPKGProfile>N</FlexPKGProfile>",Y,1900-01-01,Markle_M,2025-01-13 00:00:00.000,Davies_Ja,2025-04-15 15:35:13.573,2025-04-16 04:53:38.903,2025-05-30 06:58:13.120,2025-04-16 04:53:38.903,0
17741,624055,"2026 Irish Classic - 13 Days/12 Nights - Perkiomen Tours - May 23, 2026",Multi-Expired,"2026 Irish Classic - 13 Days/12 Nights - Perkiomen Tours - May 23, 2026",2026-05-23,2026-05-23,2010-01-01,2026-12-31,SCH-IE-CLA,C,13,Y,N,AA/AAA,Y,N,,<Main><AirOffset>1</AirOffset><FromCity>NYC</FromCity><ToCity>DUB</ToCity><ReturnFromCity>DUB</ReturnFromCity><ReturnToCity>NYC</ReturnToCity></Main>,,,<Pre><First>Y</First></Pre>,<Post><Last>Y</Last></Post>,,CLA26,0,N,,44,,"<CarOver24Hrs>N</CarOver24Hrs><PrefCommMethod></PrefCommMethod><Destination>ANT,KER,WAT,DER,DUB,MAY,LIM</Destination><FlexPKGProfile>N</FlexPKGProfile>",Y,1900-01-01,Markle_M,2025-01-13 00:00:00.000,byrne_dr,2025-05-29 12:32:53.163,2025-05-30 06:58:40.317,2025-07-29 04:43:22.807,2025-05-30 06:58:40.317,0
13357,624063,FINLAND - TRAVEL PLANNERS INTERNATIONAL,Internal,FINLAND - TRAVEL PLANNERS INTERNATIONAL,2026-11-21,2026-11-21,2025-01-13,2026-11-21,GRP-EU-WH,C,8,Y,N,N,Y,N,,,,,,,,EU-624063,0,Y,"L:5|7AA-0AA/0A,7.5|9.5AA-0AA/0A,10|12AA-0AA/0A,12.5|14.5AA-0AA/0A,15|17AA-0AA/0A,17.5|19.5AA-0AA/0A,20|22AA-0AA/0A,22.5|24AA-0AA/0A,48X;A:5|7AA-0AA/0A,7.5|9.5AA-0AA/0A,10|12AA-0AA/0A,12.5|14.5AA-0AA/0A,15|17AA-0AA/0A,17.5|19.5AA-0AA/0A,20|22AA-0AA/0A,22.5|24AA-0AA/0A,48X",20,,<CarOver24Hrs>N</CarOver24Hrs><FlexPKGProfile>N</FlexPKGProfile>,Y,1900-01-01,Hager_W,2025-01-13 00:00:00.000,Hager_W,2025-02-03 18:19:02.973,2025-01-13 00:00:00.000,2025-07-29 04:43:22.807,2025-04-08 08:40:08.187,0
13358,624144,"2026 Best of Britain - 9 Days/8 Nights - The Meehan Group - April 5, 2026",Pending,"2026 Best of Britain - 9 Days/8 Nights - The Meehan Group - April 5, 2026",2026-04-05,2026-04-05,2010-01-01,2026-12-31,SCH-GB-BEA,C,9,Y,N,AA,Y,N,,<Main><AirOffset>1</AirOffset><FromCity>NYC</FromCity><ToCity>LON</ToCity><ReturnFromCity>LON</ReturnFromCity><ReturnToCity>NYC</ReturnToCity><AirReturnOffset></AirReturnOffset></Main>,,,<Pre><First>Y</First></Pre>,,,BEA26,0,N,,44,,"<CarOver24Hrs>N</CarOver24Hrs><PrefCommMethod></PrefCommMethod><Destination>BKS,YOR,LON,LIV,FIF,CDI</Destination><FlexPKGProfile>N</FlexPKGProfile>",Y,1900-01-01,Wilson_N,2025-01-14 00:00:00.000,Tancred_E,2025-03-28 12:57:15.990,2025-01-14 00:00:00.000,2025-06-02 06:17:12.000,2025-04-08 08:40:08.187,0
15256,624144,"2026 Best of Britain - 9 Days/8 Nights - The Meehan Group - April 5, 2026",Pending,"2026 Best of Britain - 9 Days/8 Nights - The Meehan Group - April 5, 2026",2026-04-05,2026-04-05,2010-01-01,2026-12-31,SCH-GB-BEA,C,9,Y,N,AA,Y,N,,<Main><AirOffset>1</AirOffset><FromCity>NYC</FromCity><ToCity>LON</ToCity><ReturnFromCity>LON</ReturnFromCity><ReturnToCity>NYC</ReturnToCity><AirReturnOffset></AirReturnOffset></Main>,,,<Pre><First>Y</First></Pre>,,,BEA26,0,N,,44,,"<CarOver24Hrs>N</CarOver24Hrs><PrefCommMethod></PrefCommMethod><Destination>BKS,YOR,LON,LIV,FIF,CDI</Destination><FlexPKGProfile>N</FlexPKGProfile>",Y,1900-01-01,Wilson_N,2025-01-14 00:00:00.000,Lyons_S,2025-04-11 15:41:48.577,2025-04-15 09:44:58.910,2025-06-02 06:17:12.000,2025-04-15 09:44:58.910,0
15740,624144,"2026 Best of Britain - 9 Days/8 Nights - The Meehan Group - April 5, 2026",Pending,"2026 Best of Britain - 9 Days/8 Nights - The Meehan Group - April 5, 2026",2026-04-05,2026-04-05,2010-01-01,2026-12-31,SCH-GB-BEA,C,9,Y,N,AA,Y,N,,<Main><AirOffset>1</AirOffset><FromCity>NYC</FromCity><ToCity>LON</ToCity><ReturnFromCity>LON</ReturnFromCity><ReturnToCity>NYC</ReturnToCity><AirReturnOffset></AirReturnOffset></Main>,,,<Pre><First>Y</First></Pre>,,,BEA26,0,N,,44,,"<CarOver24Hrs>N</CarOver24Hrs><PrefCommMethod></PrefCommMethod><Destination>BKS,YOR,LON,LIV,FIF,CDI</Destination><FlexPKGProfile>N</FlexPKGProfile>",Y,1900-01-01,Wilson_N,2025-01-14 00:00:00.000,Foster_S,2025-04-24 09:49:18.420,2025-04-28 19:00:19.260,2025-06-02 06:17:12.000,2025-04-28 19:00:19.260,0
17985,624144,"2026 Best of Britain - 9 Days/8 Nights - The Meehan Group - April 5, 2026",Pending,"2026 Best of Britain - 9 Days/8 Nights - The Meehan Group - April 5, 2026",2026-04-05,2026-04-05,2010-01-01,2026-12-31,SCH-GB-BEA,C,9,Y,N,AA,Y,N,,<Main><AirOffset>1</AirOffset><FromCity>NYC</FromCity><ToCity>LON</ToCity><ReturnFromCity>LON</ReturnFromCity><ReturnToCity>NYC</ReturnToCity><AirReturnOffset></AirReturnOffset></Main>,,,<Pre><First>Y</First></Pre>,,,BEA26,0,N,,44,,"<CarOver24Hrs>N</CarOver24Hrs><PrefCommMethod></PrefCommMethod><Destination>BKS,YOR,LON,LIV,FIF,CDI</Destination><FlexPKGProfile>N</FlexPKGProfile>",Y,1900-01-01,Wilson_N,2025-01-14 00:00:00.000,Lyons_S,2025-06-01 20:45:14.283,2025-06-02 06:17:57.060,2025-10-01 05:25:30.647,2025-06-02 06:17:57.060,0
15905,633282,"2026 Jewels of Ireland - 14 Days/13 Nights - Nexion LLC - August 16, 2026",Multi-Pending,"2026 Jewels of Ireland - 14 Days/13 Nights - Nexion LLC - August 16, 2026",2026-08-16,2026-08-16,2010-01-01,2026-12-31,SCH-IE-JEA,C,14,Y,N,AA/AAA,Y,N,,<Main><AirOffset>1</AirOffset><FromCity>NYC</FromCity><ToCity>DUB</ToCity><ReturnFromCity>DUB</ReturnFromCity><ReturnToCity>NYC</ReturnToCity></Main>,,,<Pre><First>Y</First></Pre>,<Post><Last>Y</Last></Post>,,JEA26,0,N,,32,,"<CarOver24Hrs>N</CarOver24Hrs><PrefCommMethod></PrefCommMethod><Destination>COR,KER,CLA,GAL,DUB,BEL,DON</Destination><FlexPKGProfile>N</FlexPKGProfile>",Y,1900-01-01,doig_l,2025-04-24 00:00:00.000,Caldeira_N,2025-04-24 18:19:54.057,2025-04-24 00:00:00.000,2025-07-25 04:41:47.517,2025-04-28 19:00:19.260,0
16114,633282,"2026 Jewels of Ireland - 14 Days/13 Nights - Nexion LLC - August 16, 2026",Internal,"2026 Jewels of Ireland - 14 Days/13 Nights - Nexion LLC - August 16, 2026",2026-08-16,2026-08-16,2010-01-01,2026-12-31,SCH-IE-JEA,C,14,Y,N,AA/AAA,Y,N,,<Main><AirOffset>1</AirOffset><FromCity>NYC</FromCity><ToCity>DUB</ToCity><ReturnFromCity>DUB</ReturnFromCity><ReturnToCity>NYC</ReturnToCity></Main>,,,<Pre><First>Y</First></Pre>,<Post><Last>Y</Last></Post>,,JEA26,0,N,,24,,"<CarOver24Hrs>N</CarOver24Hrs><PrefCommMethod></PrefCommMethod><Destination>COR,KER,CLA,GAL,DUB,BEL,DON</Destination><FlexPKGProfile>N</FlexPKGProfile>",Y,1900-01-01,doig_l,2025-04-24 00:00:00.000,Davies_Ja,2025-05-01 19:00:38.813,2025-05-02 04:23:56.197,2025-07-25 04:41:47.517,2025-05-02 04:23:56.197,0
16211,633282,"2026 Jewels of Ireland- 14 Days/13 Nights- Recess 4 Grownups- August 16, 2026",Active,"2026 Jewels of Ireland- 14 Days/13 Nights- Recess 4 Grownups- August 16, 2026",2026-08-16,2026-08-16,2010-01-01,2026-12-31,SCH-IE-JEA,C,14,Y,N,AA/AAA,Y,N,,<Main><AirOffset>1</AirOffset><FromCity>NYC</FromCity><ToCity>DUB</ToCity><ReturnFromCity>DUB</ReturnFromCity><ReturnToCity>NYC</ReturnToCity></Main>,,,<Pre><First>Y</First></Pre>,<Post><Last>Y</Last></Post>,,JEA26,0,N,,24,,"<CarOver24Hrs>N</CarOver24Hrs><PrefCommMethod></PrefCommMethod><Destination>COR,KER,CLA,GAL,DUB,BEL,DON</Destination><FlexPKGProfile>N</FlexPKGProfile>",Y,1900-01-01,doig_l,2025-04-24 00:00:00.000,doig_l,2025-05-02 21:44:02.300,2025-05-03 04:35:37.930,2025-07-25 04:41:47.517,2025-05-03 04:35:37.930,0
16409,633282,"2026 Jewels of Ireland- 14 Days/13 Nights- Recess 4 Grownups- August 16, 2026",Active,"2026 Jewels of Ireland- 14 Days/13 Nights- Recess 4 Grownups- August 16, 2026",2026-08-16,2026-08-16,2010-01-01,2026-12-31,SCH-IE-JEA,C,14,Y,N,AA/AAA,Y,N,,<Main><AirOffset>1</AirOffset><FromCity>NYC</FromCity><ToCity>DUB</ToCity><ReturnFromCity>DUB</ReturnFromCity><ReturnToCity>NYC</ReturnToCity></Main>,,,<Pre><First>Y</First></Pre>,<Post><Last>Y</Last></Post>,,JEA26,0,N,,24,,"<CarOver24Hrs>N</CarOver24Hrs><PrefCommMethod></PrefCommMethod><Destination>COR,KER,CLA,GAL,DUB,BEL,DON</Destination><FlexPKGProfile>N</FlexPKGProfile>",Y,1900-01-01,doig_l,2025-04-24 00:00:00.000,Douglas_P,2025-05-07 10:53:35.360,2025-05-08 04:34:50.883,2025-07-25 04:41:47.517,2025-05-08 04:34:50.883,0
16817,633282,"2026 Jewels of Ireland- 14 Days/13 Nights- Recess 4 Grownups- August 16, 2026",Active,"2026 Jewels of Ireland- 14 Days/13 Nights- Recess 4 Grownups- August 16, 2026",2026-08-16,2026-08-16,2010-01-01,2026-12-31,SCH-IE-JEA,C,14,Y,N,AA/AAA,Y,N,,<Main><AirOffset>1</AirOffset><FromCity>NYC</FromCity><ToCity>DUB</ToCity><ReturnFromCity>DUB</ReturnFromCity><ReturnToCity>NYC</ReturnToCity></Main>,,,<Pre><First>Y</First></Pre>,<Post><Last>Y</Last></Post>,,JEA26,0,N,,24,,"<CarOver24Hrs>N</CarOver24Hrs><PrefCommMethod></PrefCommMethod><Destination>COR,KER,CLA,GAL,DUB,BEL,DON</Destination><FlexPKGProfile>N</FlexPKGProfile>",Y,1900-01-01,doig_l,2025-04-24 00:00:00.000,Stynes_A,2025-05-15 14:35:45.220,2025-05-16 06:42:01.470,2025-07-25 04:41:47.517,2025-05-16 06:42:01.470,0
17455,633282,"2026 Jewels of Ireland- 14 Days/13 Nights- Recess 4 Grownups- August 16, 2026",Active,"2026 Jewels of Ireland- 14 Days/13 Nights- Recess 4 Grownups- August 16, 2026",2026-08-16,2026-08-16,2010-01-01,2026-12-31,SCH-IE-JEA,C,14,Y,N,AA/AAA,Y,N,,<Main><AirOffset>1</AirOffset><FromCity>NYC</FromCity><ToCity>DUB</ToCity><ReturnFromCity>DUB</ReturnFromCity><ReturnToCity>NYC</ReturnToCity></Main>,,,<Pre><First>Y</First></Pre>,<Post><Last>Y</Last></Post>,,JEA26,0,N,,24,,"<CarOver24Hrs>N</CarOver24Hrs><PrefCommMethod></PrefCommMethod><Destination>COR,KER,CLA,GAL,DUB,BEL,DON</Destination><FlexPKGProfile>N</FlexPKGProfile>",Y,1900-01-01,doig_l,2025-04-24 00:00:00.000,Douglas_P,2025-05-26 13:42:05.987,2025-05-27 07:14:18.497,2025-07-25 04:41:47.517,2025-05-27 07:14:18.497,0
17788,633282,"2026 Jewels of Ireland- 14 Days/13 Nights- Recess 4 Grownups- August 16, 2026",Active,"2026 Jewels of Ireland- 14 Days/13 Nights- Recess 4 Grownups- August 16, 2026",2026-08-16,2026-08-16,2010-01-01,2026-12-31,SCH-IE-JEA,C,14,Y,N,AA/AAA,Y,N,,<Main><AirOffset>1</AirOffset><FromCity>NYC</FromCity><ToCity>DUB</ToCity><ReturnFromCity>DUB</ReturnFromCity><ReturnToCity>NYC</ReturnToCity></Main>,,,<Pre><First>Y</First></Pre>,<Post><Last>Y</Last></Post>,,JEA26,0,N,,24,,"<CarOver24Hrs>N</CarOver24Hrs><PrefCommMethod></PrefCommMethod><Destination>COR,KER,CLA,GAL,DUB,BEL,DON</Destination><FlexPKGProfile>N</FlexPKGProfile>",Y,1900-01-01,doig_l,2025-04-24 00:00:00.000,Lyons_S,2025-05-29 12:48:25.217,2025-05-30 06:58:40.317,2025-07-25 04:41:47.517,2025-05-30 06:58:40.317,0
15911,633398,"2026 Scottish Daytripper - 6 Days/ 5 Nights - Olive Travel Group Inc - May 10, 2026",Pending,"2026 Scottish Daytripper - 6 Days/ 5 Nights - Olive Travel Group Inc - May 10, 2026",2026-05-10,2026-05-10,2010-01-01,2026-12-31,SCH-GB-GDA,C,6,Y,N,AA/AAA,Y,N,,<Main><AirOffset>1</AirOffset><FromCity>NYC</FromCity><ToCity>EDI</ToCity><ReturnFromCity>EDI</ReturnFromCity><ReturnToCity>NYC</ReturnToCity><AirReturnOffset></AirReturnOffset></Main><AIWhoStamp>Biggins_Tr</AIWhoStamp><AIDateStamp>2022-09-06 17:16:49.000</AIDateStamp>,,,<Pre><First>Y</First></Pre>,<Post><Last>Y</Last></Post>,,GDA26,0,N,,10,,"<CarOver24Hrs>N</CarOver24Hrs><PrefCommMethod></PrefCommMethod><Destination>GLA,EDI</Destination><FlexPKGProfile>N</FlexPKGProfile>",Y,1900-01-01,doig_l,2025-04-25 00:00:00.000,Caldeira_N,2025-04-25 16:29:09.263,2025-04-25 00:00:00.000,2025-05-23 06:30:57.903,2025-04-28 19:00:19.260,0
16352,633398,"2026 Scottish Daytripper - 6 Days/ 5 Nights - Olive Travel Group Inc - May 10, 2026",Pending,"2026 Scottish Daytripper - 6 Days/ 5 Nights - Olive Travel Group Inc - May 10, 2026",2026-05-10,2026-05-10,2010-01-01,2026-12-31,SCH-GB-GDA,C,6,Y,N,AA/AAA,Y,N,,<Main><AirOffset>1</AirOffset><FromCity>NYC</FromCity><ToCity>EDI</ToCity><ReturnFromCity>EDI</ReturnFromCity><ReturnToCity>NYC</ReturnToCity><AirReturnOffset></AirReturnOffset></Main><AIWhoStamp>Biggins_Tr</AIWhoStamp><AIDateStamp>2022-09-06 17:16:49.000</AIDateStamp>,,,<Pre><First>Y</First></Pre>,<Post><Last>Y</Last></Post>,,GDA26,0,N,,10,,"<CarOver24Hrs>N</CarOver24Hrs><PrefCommMethod></PrefCommMethod><Destination>GLA,EDI</Destination><FlexPKGProfile>N</FlexPKGProfile>",Y,1900-01-01,doig_l,2025-04-25 00:00:00.000,Tancred_E,2025-05-06 11:29:03.000,2025-05-07 04:32:50.770,2025-05-23 06:30:57.903,2025-05-07 04:32:50.770,0
17264,633398,"2026 Scottish Daytripper - 6 Days/ 5 Nights - Olive Travel Group Inc - May 10, 2026",Pending,"2026 Scottish Daytripper - 6 Days/ 5 Nights - Olive Travel Group Inc - May 10, 2026",2026-05-10,2026-05-10,2010-01-01,2026-12-31,SCH-GB-GDA,C,6,Y,N,AA/AAA,Y,N,,<Main><AirOffset>1</AirOffset><FromCity>NYC</FromCity><ToCity>EDI</ToCity><ReturnFromCity>EDI</ReturnFromCity><ReturnToCity>NYC</ReturnToCity><AirReturnOffset></AirReturnOffset></Main><AIWhoStamp>Biggins_Tr</AIWhoStamp><AIDateStamp>2022-09-06 17:16:49.000</AIDateStamp>,,,<Pre><First>Y</First></Pre>,<Post><Last>Y</Last></Post>,,GDA26,0,N,,10,,"<CarOver24Hrs>N</CarOver24Hrs><PrefCommMethod></PrefCommMethod><Destination>GLA,EDI</Destination><FlexPKGProfile>N</FlexPKGProfile>",Y,1900-01-01,doig_l,2025-04-25 00:00:00.000,Lyons_S,2025-05-22 13:36:16.920,2025-05-23 06:31:23.863,2025-07-12 05:16:00.013,2025-05-23 06:31:23.863,0
15912,633399,"2026 Scottish & Irish Gold - 15 Days/14 Nights - Cruise One Dream Vacations - June 7, 2026",Active,"2026 Scottish & Irish Gold - 15 Days/14 Nights - Cruise One Dream Vacations - June 7, 2026",2026-06-07,2026-06-07,2010-01-01,2026-12-31,SCH-GB-DRA,C,15,Y,N,AA/AAA,Y,N,,<Main><AirOffset>1</AirOffset><FromCity>NYC</FromCity><ToCity>EDI</ToCity><ReturnFromCity>DUB</ReturnFromCity><ReturnToCity>NYC</ReturnToCity><AirReturnOffset></AirReturnOffset></Main><AIWhoStamp>Biggins_Tr</AIWhoStamp><AIDateStamp>2022-09-06 16:50:28.000</AIDateStamp>,,,<Pre><First>Y</First></Pre>,,,DRA26/GOA26,0/7,N,,10,,"<CarOver24Hrs>N</CarOver24Hrs><PrefCommMethod></PrefCommMethod><Destination>EDI,NAI,PES,DUB,GAL,KER,WAT,ARY,GLA,INV</Destination><FlexPKGProfile>N</FlexPKGProfile>",Y,1900-01-01,Wilson_N,2025-04-25 00:00:00.000,Markle_M,2025-04-25 19:10:53.160,2025-04-25 00:00:00.000,2025-05-31 06:46:34.090,2025-04-28 19:00:19.260,0
17265,633399,"2026 Scottish & Irish Gold - 15 Days/14 Nights - Cruise One Dream Vacations - June 7, 2026",Active,"2026 Scottish & Irish Gold - 15 Days/14 Nights - Cruise One Dream Vacations - June 7, 2026",2026-06-07,2026-06-07,2010-01-01,2026-12-31,SCH-GB-DRA,C,15,Y,N,AA/AAA,Y,N,,<Main><AirOffset>1</AirOffset><FromCity>NYC</FromCity><ToCity>EDI</ToCity><ReturnFromCity>DUB</ReturnFromCity><ReturnToCity>NYC</ReturnToCity><AirReturnOffset></AirReturnOffset></Main><AIWhoStamp>Biggins_Tr</AIWhoStamp><AIDateStamp>2022-09-06 16:50:28.000</AIDateStamp>,,,<Pre><First>Y</First></Pre>,,,DRA26/GOA26,0/7,N,,10,,"<CarOver24Hrs>N</CarOver24Hrs><PrefCommMethod></PrefCommMethod><Destination>EDI,NAI,PES,DUB,GAL,KER,WAT,ARY,GLA,INV</Destination><FlexPKGProfile>N</FlexPKGProfile>",Y,1900-01-01,Wilson_N,2025-04-25 00:00:00.000,Lyons_S,2025-05-22 13:21:25.583,2025-05-23 06:31:23.863,2025-05-31 06:46:34.090,2025-05-23 06:31:23.863,0
17913,633399,"2026 Scottish & Irish Gold - 15 Days/14 Nights - Cruise One Dream Vacations - June 7, 2026",Active,"2026 Scottish & Irish Gold - 15 Days/14 Nights - Cruise One Dream Vacations - June 7, 2026",2026-06-07,2026-06-07,2010-01-01,2026-12-31,SCH-GB-DRA,C,15,Y,N,AA/AAA,Y,N,,<Main><AirOffset>1</AirOffset><FromCity>NYC</FromCity><ToCity>EDI</ToCity><ReturnFromCity>DUB</ReturnFromCity><ReturnToCity>NYC</ReturnToCity><AirReturnOffset></AirReturnOffset></Main><AIWhoStamp>Biggins_Tr</AIWhoStamp><AIDateStamp>2022-09-06 16:50:28.000</AIDateStamp>,,,<Pre><First>Y</First></Pre>,,,DRA26/GOA26,0/7,N,,10,,"<CarOver24Hrs>N</CarOver24Hrs><PrefCommMethod></PrefCommMethod><Destination>EDI,NAI,PES,DUB,GAL,KER,WAT,ARY,GLA,INV</Destination><FlexPKGProfile>N</FlexPKGProfile>",Y,1900-01-01,Wilson_N,2025-04-25 00:00:00.000,Tancred_E,2025-05-30 09:02:34.590,2025-05-31 06:47:11.173,2025-07-05 06:00:59.987,2025-05-31 06:47:11.173,0
15913,633407,"2026 Scottish Daytripper - 6 Days/ 5 Nights - Go Irish Tours - June 21, 2026",Pending,"2026 Scottish Daytripper - 6 Days/ 5 Nights - Go Irish Tours - June 21, 2026",2026-06-21,2026-06-21,2010-01-01,2026-12-31,SCH-GB-GDA,C,6,Y,N,AA/AAA,Y,N,,<Main><AirOffset>1</AirOffset><FromCity>NYC</FromCity><ToCity>EDI</ToCity><ReturnFromCity>EDI</ReturnFromCity><ReturnToCity>NYC</ReturnToCity><AirReturnOffset></AirReturnOffset></Main><AIWhoStamp>Biggins_Tr</AIWhoStamp><AIDateStamp>2022-09-06 17:16:49.000</AIDateStamp>,,,<Pre><First>Y</First></Pre>,<Post><Last>Y</Last></Post>,,GDA26,0,N,,44,,"<CarOver24Hrs>N</CarOver24Hrs><PrefCommMethod></PrefCommMethod><Destination>GLA,EDI</Destination><FlexPKGProfile>N</FlexPKGProfile>",Y,1900-01-01,doig_l,2025-04-25 00:00:00.000,Caldeira_N,2025-04-25 17:14:04.303,2025-04-25 00:00:00.000,2025-05-23 06:30:57.903,2025-04-28 19:00:19.260,0
16353,633407,"2026 Scottish Daytripper - 6 Days/ 5 Nights - Go Irish Tours - June 21, 2026",Pending,"2026 Scottish Daytripper - 6 Days/ 5 Nights - Go Irish Tours - June 21, 2026",2026-06-21,2026-06-21,2010-01-01,2026-12-31,SCH-GB-GDA,C,6,Y,N,AA/AAA,Y,N,,<Main><AirOffset>1</AirOffset><FromCity>NYC</FromCity><ToCity>EDI</ToCity><ReturnFromCity>EDI</ReturnFromCity><ReturnToCity>NYC</ReturnToCity><AirReturnOffset></AirReturnOffset></Main><AIWhoStamp>Biggins_Tr</AIWhoStamp><AIDateStamp>2022-09-06 17:16:49.000</AIDateStamp>,,,<Pre><First>Y</First></Pre>,<Post><Last>Y</Last></Post>,,GDA26,0,N,,44,,"<CarOver24Hrs>N</CarOver24Hrs><PrefCommMethod></PrefCommMethod><Destination>GLA,EDI</Destination><FlexPKGProfile>N</FlexPKGProfile>",Y,1900-01-01,doig_l,2025-04-25 00:00:00.000,Tancred_E,2025-05-06 11:29:03.000,2025-05-07 04:32:50.770,2025-05-23 06:30:57.903,2025-05-07 04:32:50.770,0
17266,633407,"2026 Scottish Daytripper - 6 Days/ 5 Nights - Go Irish Tours - June 21, 2026",Pending,"2026 Scottish Daytripper - 6 Days/ 5 Nights - Go Irish Tours - June 21, 2026",2026-06-21,2026-06-21,2010-01-01,2026-12-31,SCH-GB-GDA,C,6,Y,N,AA/AAA,Y,N,,<Main><AirOffset>1</AirOffset><FromCity>NYC</FromCity><ToCity>EDI</ToCity><ReturnFromCity>EDI</ReturnFromCity><ReturnToCity>NYC</ReturnToCity><AirReturnOffset></AirReturnOffset></Main><AIWhoStamp>Biggins_Tr</AIWhoStamp><AIDateStamp>2022-09-06 17:16:49.000</AIDateStamp>,,,<Pre><First>Y</First></Pre>,<Post><Last>Y</Last></Post>,,GDA26,0,N,,44,,"<CarOver24Hrs>N</CarOver24Hrs><PrefCommMethod></PrefCommMethod><Destination>GLA,EDI</Destination><FlexPKGProfile>N</FlexPKGProfile>",Y,1900-01-01,doig_l,2025-04-25 00:00:00.000,Lyons_S,2025-05-22 13:36:16.920,2025-05-23 06:31:23.863,2025-07-12 05:16:00.013,2025-05-23 06:31:23.863,0
16025,633708,"2026 Best of Spain - 9 Days/8 Nights - Tanda Travel - May 24, 2026",Pending,"2026 Best of Spain - 9 Days/8 Nights - Tanda Travel - May 24, 2026",2026-05-24,2026-05-24,2010-01-01,2026-12-31,SCH-ES-BSA,C,9,Y,N,AA/AAA,Y,N,,<Main><AirOffset>1</AirOffset><FromCity>NYC</FromCity><ToCity>MAD</ToCity><ReturnFromCity>BCN</ReturnFromCity><ReturnToCity>NYC</ReturnToCity><AirReturnOffset></AirReturnOffset></Main><AIWhoStamp>Lyons_S</AIWhoStamp><AIDateStamp>2024-03-06 15:52:30.000</AIDateStamp>,,,<Pre><Service><ProductCode>ESPRENIGHTS</ProductCode><SupplierID>ES-MAD-RDM</SupplierID><ServiceID>STD-SBB</ServiceID></Service></Pre>,,,BSA26,0,N,,44,,"<CarOver24Hrs>N</CarOver24Hrs><PrefCommMethod></PrefCommMethod><Destination>SVQ,MAD,GRX,VLC,BCN</Destination><FlexPKGProfile>N</FlexPKGProfile>",Y,1900-01-01,Wilson_N,2025-04-29 00:00:00.000,Davies_Ja,2025-04-29 20:11:18.813,2025-04-29 00:00:00.000,2025-07-25 04:41:47.517,2025-04-30 04:33:14.220,0
16276,633708,"2026 Best of Spain - 9 Days/8 Nights - Tanda Travel - May 3, 2026",Pending,"2026 Best of Spain - 9 Days/8 Nights - Tanda Travel - May 3, 2026",2026-05-03,2026-05-03,2010-01-01,2026-05-03,SCH-ES-BSA,C,9,Y,N,AA/AAA,Y,N,,<Main><AirOffset>1</AirOffset><FromCity>NYC</FromCity><ToCity>MAD</ToCity><ReturnFromCity>BCN</ReturnFromCity><ReturnToCity>NYC</ReturnToCity><AirReturnOffset></AirReturnOffset></Main><AIWhoStamp>Lyons_S</AIWhoStamp><AIDateStamp>2024-03-06 15:52:30.000</AIDateStamp>,,,<Pre><Service><ProductCode>ESPRENIGHTS</ProductCode><SupplierID>ES-MAD-RDM</SupplierID><ServiceID>STD-SBB</ServiceID></Service></Pre>,,,BSA26,0,N,,44,,"<CarOver24Hrs>N</CarOver24Hrs><PrefCommMethod></PrefCommMethod><Destination>SVQ,MAD,GRX,VLC,BCN</Destination><FlexPKGProfile>N</FlexPKGProfile>",Y,1900-01-01,Wilson_N,2025-04-29 00:00:00.000,Davies_Ja,2025-05-05 18:51:20.310,2025-05-06 04:34:49.337,2025-07-25 04:41:47.517,2025-05-06 04:34:49.337,0
16356,633708,"2026 Best of Spain - 9 Days/8 Nights - Tanda Travel - May 3, 2026",Expired,"2026 Best of Spain - 9 Days/8 Nights - Tanda Travel - May 3, 2026",2026-05-03,2026-05-03,2010-01-01,2026-05-03,SCH-ES-BSA,C,9,Y,N,AA/AAA,Y,N,,<Main><AirOffset>1</AirOffset><FromCity>NYC</FromCity><ToCity>MAD</ToCity><ReturnFromCity>BCN</ReturnFromCity><ReturnToCity>NYC</ReturnToCity><AirReturnOffset></AirReturnOffset></Main><AIWhoStamp>Lyons_S</AIWhoStamp><AIDateStamp>2024-03-06 15:52:30.000</AIDateStamp>,,,<Pre><Service><ProductCode>ESPRENIGHTS</ProductCode><SupplierID>ES-MAD-RDM</SupplierID><ServiceID>STD-SBB</ServiceID></Service></Pre>,,,BSA26,0,N,,44,,"<CarOver24Hrs>N</CarOver24Hrs><PrefCommMethod></PrefCommMethod><Destination>SVQ,MAD,GRX,VLC,BCN</Destination><FlexPKGProfile>N</FlexPKGProfile>",Y,1900-01-01,Wilson_N,2025-04-29 00:00:00.000,Wilson_N,2025-05-06 17:55:31.150,2025-05-07 04:32:50.770,2025-07-25 04:41:47.517,2025-05-07 04:32:50.770,0
16413,633708,"2026 Best of Spain - 9 Days/8 Nights - Tanda Travel - May 3, 2026",Active,"2026 Best of Spain - 9 Days/8 Nights - Tanda Travel - May 3, 2026",2026-05-03,2026-05-03,2010-01-01,2026-05-03,SCH-ES-BSA,C,9,Y,N,AA/AAA,Y,N,,<Main><AirOffset>1</AirOffset><FromCity>NYC</FromCity><ToCity>MAD</ToCity><ReturnFromCity>BCN</ReturnFromCity><ReturnToCity>NYC</ReturnToCity><AirReturnOffset></AirReturnOffset></Main><AIWhoStamp>Lyons_S</AIWhoStamp><AIDateStamp>2024-03-06 15:52:30.000</AIDateStamp>,,,<Pre><Service><ProductCode>ESPRENIGHTS</ProductCode><SupplierID>ES-MAD-RDM</SupplierID><ServiceID>STD-SBB</ServiceID></Service></Pre>,,,BSA26,0,N,,44,,"<CarOver24Hrs>N</CarOver24Hrs><PrefCommMethod></PrefCommMethod><Destination>SVQ,MAD,GRX,VLC,BCN</Destination><FlexPKGProfile>N</FlexPKGProfile>",Y,1900-01-01,Wilson_N,2025-04-29 00:00:00.000,Wilson_N,2025-05-07 17:45:38.353,2025-05-08 04:34:50.883,2025-05-23 06:30:57.903,2025-05-08 04:34:50.883,0
17270,633708,"2026 Best of Spain - 9 Days/8 Nights - Tanda Travel - May 3, 2026",Active,"2026 Best of Spain - 9 Days/8 Nights - Tanda Travel - May 3, 2026",2026-05-03,2026-05-03,2010-01-01,2026-05-03,SCH-ES-BSA,C,9,Y,N,AA/AAA,Y,N,,<Main><AirOffset>1</AirOffset><FromCity>NYC</FromCity><ToCity>MAD</ToCity><ReturnFromCity>BCN</ReturnFromCity><ReturnToCity>NYC</ReturnToCity><AirReturnOffset></AirReturnOffset></Main><AIWhoStamp>Lyons_S</AIWhoStamp><AIDateStamp>2024-03-06 15:52:30.000</AIDateStamp>,,,<Pre><Service><ProductCode>ESPRENIGHTS</ProductCode><SupplierID>ES-MAD-RDM</SupplierID><ServiceID>STD-SBB</ServiceID></Service></Pre>,,,BSA26,0,N,,44,,"<CarOver24Hrs>N</CarOver24Hrs><PrefCommMethod></PrefCommMethod><Destination>SVQ,MAD,GRX,VLC,BCN</Destination><FlexPKGProfile>N</FlexPKGProfile>",Y,1900-01-01,Wilson_N,2025-04-29 00:00:00.000,Lyons_S,2025-05-22 14:59:16.497,2025-05-23 06:31:23.863,2025-06-09 05:01:33.147,2025-05-23 06:31:23.863,0
16879,634344,"2026 Scottish Clans & Castles- 10 Days/9 Nights- The Travel Agent Next Door/Right Foot Adventures- May 28, 2026",Active,"2026 Scottish Clans & Castles- 10 Days/9 Nights- The Travel Agent Next Door/Right Foot Adventures- May 28, 2026",2026-05-28,2026-05-28,2010-01-01,2026-12-31,SCH-GB-CCA,C,10,Y,N,AA/AAA,Y,N,,<Main><AirOffset>1</AirOffset><FromCity>NYC</FromCity><ToCity>EDI</ToCity><ReturnFromCity>EDI</ReturnFromCity><ReturnToCity>NYC</ReturnToCity><AirReturnOffset></AirReturnOffset></Main><AIWhoStamp>Biggins_Tr</AIWhoStamp><AIDateStamp>2022-09-06 16:25:23.000</AIDateStamp>,,,<Pre><First>Y</First></Pre>,,,CCA26,0,N,,10,,"<CarOver24Hrs>N</CarOver24Hrs><PrefCommMethod></PrefCommMethod><Destination>RSS,ABD,INV,GLA,FIF</Destination><FlexPKGProfile>N</FlexPKGProfile>",Y,1900-01-01,doig_l,2025-05-08 00:00:00.000,Lyons_S,2025-05-16 19:33:53.530,2025-05-18 06:42:47.047,2025-11-13 06:25:21.820,2025-05-18 06:42:47.047,0
16469,634349,"2026 Irish Adventure - 8 Days/7 Nights - Key to the World Travel - August 28, 2026",Pending,"2026 Irish Adventure - 8 Days/7 Nights - Key to the World Travel - August 28, 2026",2026-08-28,2026-08-28,2010-01-01,2026-12-31,SCH-IE-ADA,C,8,Y,N,AA/AAA,Y,N,,<Main><AirOffset>1</AirOffset><FromCity>NYC</FromCity><ToCity>DUB</ToCity><ReturnFromCity>DUB</ReturnFromCity><ReturnToCity>NYC</ReturnToCity></Main>,,,<Pre><First>Y</First></Pre>,,,ADA26,0,N,,10,,"<CarOver24Hrs>N</CarOver24Hrs><PrefCommMethod></PrefCommMethod><Destination>DUB,WAT,GAL,DER,KER</Destination><FlexPKGProfile>N</FlexPKGProfile>",Y,1900-01-01,doig_l,2025-05-08 00:00:00.000,Davies_Ja,2025-05-08 20:16:33.723,2025-05-08 00:00:00.000,2025-07-25 04:41:47.517,2025-05-09 04:35:46.410,0
16693,634349,"2026 Irish Adventure - 8 Days/7 Nights - Key to the World Travel - August 28, 2026",Pending,"2026 Irish Adventure - 8 Days/7 Nights - Key to the World Travel - August 28, 2026",2026-08-28,2026-08-28,2010-01-01,2026-12-31,SCH-IE-ADA,C,8,Y,N,AA/AAA,Y,N,,<Main><AirOffset>1</AirOffset><FromCity>NYC</FromCity><ToCity>DUB</ToCity><ReturnFromCity>DUB</ReturnFromCity><ReturnToCity>NYC</ReturnToCity></Main>,,,<Pre><First>Y</First></Pre>,,,ADA26,0,N,,10,,"<CarOver24Hrs>N</CarOver24Hrs><PrefCommMethod></PrefCommMethod><Destination>DUB,WAT,GAL,DER,KER</Destination><FlexPKGProfile>N</FlexPKGProfile>",Y,1900-01-01,doig_l,2025-05-08 00:00:00.000,Stynes_A,2025-05-13 14:19:58.707,2025-05-14 06:43:12.710,2025-07-25 04:41:47.517,2025-05-14 06:43:12.710,0
16880,634349,"2026 Irish Adventure - 8 Days/7 Nights - Key to the World Travel - August 28, 2026",Internal,"2026 Irish Adventure - 8 Days/7 Nights - Key to the World Travel - August 28, 2026",2026-08-28,2026-08-28,2010-01-01,2026-12-31,SCH-IE-ADA,C,8,Y,N,AA/AAA,Y,N,,<Main><AirOffset>1</AirOffset><FromCity>NYC</FromCity><ToCity>DUB</ToCity><ReturnFromCity>DUB</ReturnFromCity><ReturnToCity>NYC</ReturnToCity></Main>,,,<Pre><First>Y</First></Pre>,,,ADA26,0,N,,10,,"<CarOver24Hrs>N</CarOver24Hrs><PrefCommMethod></PrefCommMethod><Destination>DUB,WAT,GAL,DER,KER</Destination><FlexPKGProfile>N</FlexPKGProfile>",Y,1900-01-01,doig_l,2025-05-08 00:00:00.000,Davies_Ja,2025-05-16 18:19:53.787,2025-05-18 06:42:47.047,2025-07-25 04:41:47.517,2025-05-18 06:42:47.047,0
17047,634349,"2026 Irish Adventure- 8 Days/7 Nights- Chelsea Hjalmarson- Key to the World Travel- August 28, 2026",Active,"2026 Irish Adventure- 8 Days/7 Nights- Chelsea Hjalmarson- Key to the World Travel- August 28, 2026",2026-08-28,2026-08-28,2010-01-01,2026-12-31,SCH-IE-ADA,C,8,Y,N,AA/AAA,Y,N,,<Main><AirOffset>1</AirOffset><FromCity>NYC</FromCity><ToCity>DUB</ToCity><ReturnFromCity>DUB</ReturnFromCity><ReturnToCity>NYC</ReturnToCity></Main>,,,<Pre><First>Y</First></Pre>,,,ADA26,0,N,,10,,"<CarOver24Hrs>N</CarOver24Hrs><PrefCommMethod></PrefCommMethod><Destination>DUB,WAT,GAL,DER,KER</Destination><FlexPKGProfile>N</FlexPKGProfile>",Y,1900-01-01,doig_l,2025-05-08 00:00:00.000,doig_l,2025-05-20 20:09:51.277,2025-05-21 06:42:32.540,2025-05-28 07:00:44.447,2025-05-21 06:42:32.540,0
17579,634349,"2026 Irish Adventure- 8 Days/7 Nights- Chelsea Hjalmarson- Key to the World Travel- August 28, 2026",Active,"2026 Irish Adventure- 8 Days/7 Nights- Chelsea Hjalmarson- Key to the World Travel- August 28, 2026",2026-08-28,2026-08-28,2010-01-01,2026-12-31,SCH-IE-ADA,C,8,Y,N,AA/AAA,Y,N,,<Main><AirOffset>1</AirOffset><FromCity>NYC</FromCity><ToCity>DUB</ToCity><ReturnFromCity>DUB</ReturnFromCity><ReturnToCity>NYC</ReturnToCity></Main>,,,<Pre><First>Y</First></Pre>,,,ADA26,0,N,,10,,"<CarOver24Hrs>N</CarOver24Hrs><PrefCommMethod></PrefCommMethod><Destination>DUB,WAT,GAL,DER,KER</Destination><FlexPKGProfile>N</FlexPKGProfile>",Y,1900-01-01,doig_l,2025-05-08 00:00:00.000,Stynes_A,2025-05-27 12:09:06.103,2025-05-28 07:01:18.080,2025-07-29 04:43:22.807,2025-05-28 07:01:18.080,0
11611,601225,"CXLD - 2024 Taste of Iceland Coach Tour- 6 Days/5 Nights- O'Leary Travel- August 18, 2024",Closed,"CXLD - 2024 Taste of Iceland Coach Tour- 6 Days/5 Nights- O'Leary Travel- August 18, 2024",2024-08-18,2024-08-18,2010-01-01,2024-12-31,SCH-IS-ICT,C,6,Y,N,AA,Y,N,,<Main><AirOffset>1</AirOffset><FromCity>NYC</FromCity><ToCity>REK</ToCity><ReturnFromCity>REK</ReturnFromCity><ReturnToCity>NYC</ReturnToCity><AirReturnOffset></AirReturnOffset></Main><AIWhoStamp>McInerney_M</AIWhoStamp><AIDateStamp>2018-11-29 09:30:09.000</AIDateStamp>,,,<Pre><First>Y</First></Pre>,<Post><Last>Y</Last></Post>,,,0,N,,0,,<CarOver24Hrs>N</CarOver24Hrs><FlexPKGProfile>N</FlexPKGProfile>,Y,1900-01-01,doig_l,2024-02-29 00:00:00.000,Davies_Ja,2024-04-09 16:59:55.370,2024-02-29 00:00:00.000,9999-12-31 00:00:00.000,2025-04-08 08:40:08.187,1
11612,601227,AVOYA TRAVEL,Expired,AVOYA TRAVEL,2024-09-23,2024-09-23,2024-02-29,2024-09-23,GRP-IE-WH,C,12,Y,N,AA,Y,N,,,,,,,,IE-601227,0,Y,"L:5|7AA-0AA/0A,7.5|9.5AA-0AA/0A,10|12AA-1AA/0A,12.5|14.5AA-1AA/0A,15|17AA-2AA/0A,17.5|19.5AA-2AA/0A,20|22AA-2AA/0A,22.5|24AA-2AA/0A,48X;A:5|7AA-0AA/0A,7.5|9.5AA-0AA/0A,10|12AA-0AA/0A,12.5|14.5AA-0AA/0A,15|17AA-0AA/0A,17.5|19.5AA-0AA/0A,20|22AA-0AA/0A,22.5|24AA-0AA/0A,48X",0,,<CarOver24Hrs>N</CarOver24Hrs><FlexPKGProfile>N</FlexPKGProfile>,N,1900-01-01,Hager_W,2024-02-29 00:00:00.000,Caldeira_N,2024-07-05 16:24:41.783,2024-02-29 00:00:00.000,9999-12-31 00:00:00.000,2025-04-08 08:40:08.187,1
11613,601228,TRAVELMATION,Active,TRAVELMATION,2024-10-02,2024-10-02,2024-02-29,2024-08-19,GRP-IE-WH,C,10,Y,N,AA,Y,N,,,,,,,,IE-601228,0,Y,"L:5|7AA-0AA/0A,7.5|9.5AA-0AA/0A,10|12AA-1AA/0A,12.5|14.5AA-1AA/0A,29X;A:5|7AA-0AA/0A,7.5|9.5AA-0AA/0A,10|12AA-0AA/0A,12.5|14.5AA-0AA/0A,29X",18,,<CarOver24Hrs>N</CarOver24Hrs><FlexPKGProfile>N</FlexPKGProfile>,Y,1900-01-01,Hager_W,2024-02-29 00:00:00.000,Lavery_R,2024-09-17 11:16:39.447,2024-02-29 00:00:00.000,9999-12-31 00:00:00.000,2025-04-08 08:40:08.187,1
12715,615630,"CXLD - 2025 Northern Lights Quest of Iceland- 6 Days/5 Nights- Tabatha's Northern Lighters- October 9, 2025",Closed,"CXLD - 2025 Northern Lights Quest of Iceland- 6 Days/5 Nights- Tabatha's Northern Lighters- October 9, 2025",2025-10-09,2025-10-09,2010-01-01,2025-12-31,SCH-IS-ICT,C,6,Y,N,AA,Y,N,,<Main><AirOffset>1</AirOffset><FromCity>NYC</FromCity><ToCity>REK</ToCity><ReturnFromCity>REK</ReturnFromCity><ReturnToCity>NYC</ReturnToCity><AirReturnOffset></AirReturnOffset></Main><AIWhoStamp>McInerney_M</AIWhoStamp><AIDateStamp>2018-11-29 09:30:09.000</AIDateStamp>,,,<Pre><First>Y</First></Pre>,<Post><Last>Y</Last></Post>,,ICT25,0,N,,0,,"<CarOver24Hrs>N</CarOver24Hrs><PrefCommMethod></PrefCommMethod><Destination>NUP,HLL,REK</Destination><FlexPKGProfile>N</FlexPKGProfile>",Y,1900-01-01,doig_l,2024-09-12 00:00:00.000,Lyons_S,2025-01-08 16:41:20.040,2024-09-12 00:00:00.000,2025-05-28 07:00:44.447,2025-04-08 08:40:08.187,0
17506,615630,"CXLD - 2025 Northern Lights Quest of Iceland- 6 Days/5 Nights- Tabatha's Northern Lighters- October 9, 2025",Closed,"CXLD - 2025 Northern Lights Quest of Iceland- 6 Days/5 Nights- Tabatha's Northern Lighters- October 9, 2025",2025-10-09,2025-10-09,2010-01-01,2025-12-31,SCH-IS-ICT,C,6,Y,N,AA,Y,N,,<Main><AirOffset>1</AirOffset><FromCity>NYC</FromCity><ToCity>REK</ToCity><ReturnFromCity>REK</ReturnFromCity><ReturnToCity>NYC</ReturnToCity><AirReturnOffset></AirReturnOffset></Main><AIWhoStamp>McInerney_M</AIWhoStamp><AIDateStamp>2018-11-29 09:30:09.000</AIDateStamp>,,,<Pre><First>Y</First></Pre>,<Post><Last>Y</Last></Post>,,ICT25,0,N,,0,,"<CarOver24Hrs>N</CarOver24Hrs><PrefCommMethod></PrefCommMethod><Destination>NUP,HLL,REK</Destination><FlexPKGProfile>N</FlexPKGProfile>",Y,1900-01-01,doig_l,2024-09-12 00:00:00.000,Tancred_E,2025-05-27 13:04:41.260,2025-05-28 07:01:18.080,9999-12-31 00:00:00.000,2025-05-28 07:01:18.080,1
12716,615634,"2025 Taste of Scotland & Ireland - 10 Days/9 Nights - Worldvia - Travel Quest - August 29, 2025",Multi-Expired,"2025 Taste of Scotland & Ireland - 10 Days/9 Nights - Worldvia - Travel Quest - August 29, 2025",2025-08-29,2025-08-29,2010-01-01,2025-12-31,SCH-GB-SCA,C,10,Y,N,AA/AAA,Y,N,,<Main><AirOffset>1</AirOffset><FromCity>NYC</FromCity><ToCity>EDI</ToCity><ReturnFromCity>SNN</ReturnFromCity><ReturnToCity>NYC</ReturnToCity><AirReturnOffset></AirReturnOffset></Main><AIWhoStamp>Biggins_Tr</AIWhoStamp><AIDateStamp>2022-09-06 17:00:31.000</AIDateStamp>,,,<Pre><Service><ProductCode>UKPRENIGHTS</ProductCode><SupplierID>GB-GLA-GTH</SupplierID><ServiceID>STD-SBB</ServiceID></Service></Pre>,<Post><Last>Y</Last></Post>,,SCA25,0,N,,24,,"<CarOver24Hrs>N</CarOver24Hrs><PrefCommMethod></PrefCommMethod><Destination>GLA,NAI,EDI,KER,DUB,LIM</Destination><FlexPKGProfile>N</FlexPKGProfile>",Y,1900-01-01,Wilson_N,2024-09-12 00:00:00.000,Lyons_S,2025-01-09 11:49:17.910,2024-09-12 00:00:00.000,9999-12-31 00:00:00.000,2025-04-08 08:40:08.187,1
12717,615636,"2025 Taste of Scotland & Ireland - 11 Days/10 Nights - Worldvia - Travel Quest - Amazing Vacations - September 5, 2025",Active,"2025 Taste of Scotland & Ireland - 11 Days/10 Nights - Worldvia - Travel Quest - Amazing Vacations - September 5, 2025",2025-09-05,2025-09-05,2010-01-01,2025-09-05,SCH-GB-SCA,C,11,Y,N,AA/AAA,Y,Y,,<Main><AirOffset>1</AirOffset><FromCity>SLC</FromCity><ToCity>EDI</ToCity><ReturnFromCity>DUB</ReturnFromCity><ReturnToCity>SLC</ReturnToCity><AirReturnOffset></AirReturnOffset><IncludeContracts>Y</IncludeContracts><IncludeBlkContracts>Y</IncludeBlkContracts><BlockOnly>Y</BlockOnly><FutureAirBlockOnly>Y</FutureAirBlockOnly><Market>615636</Market></Main><AIWhoStamp>Schindler_A</AIWhoStamp><AIDateStamp>2025-04-03 14:29:30.000</AIDateStamp>,"SLC,",,<Pre><Service><ProductCode>UKPRENIGHTS</ProductCode><SupplierID>GB-GLA-GTH</SupplierID><ServiceID>STD-SBB</ServiceID></Service></Pre>,<Post><Last>Y</Last></Post>,,SCA25,0,N,,25,,"<CarOver24Hrs>N</CarOver24Hrs><PrefCommMethod></PrefCommMethod><Destination>GLA,NAI,EDI,KER,DUB,LIM</Destination><FlexPKGProfile>N</FlexPKGProfile>",Y,1900-01-01,Wilson_N,2024-09-12 00:00:00.000,Wilson_N,2025-04-03 19:41:51.913,2024-09-12 00:00:00.000,2025-07-25 04:41:47.517,2025-04-08 08:40:08.187,0
12718,615644,"CXLD - 2025 Classic Sicily - 8 Days/7 Nights - The Travel Mechanic - October 10, 2025",Closed,"CXLD - 2025 Classic Sicily - 8 Days/7 Nights - The Travel Mechanic - October 10, 2025",2025-10-10,2025-10-10,2024-06-04,2025-12-31,SCH-IT-SLA,C,8,Y,N,AA/AAA,Y,N,,<Main><AirOffset>1</AirOffset><FromCity>NYC</FromCity><ToCity>PMO</ToCity><ReturnFromCity>PMO</ReturnFromCity><ReturnToCity>NYC</ReturnToCity><AirReturnOffset></AirReturnOffset></Main><AIWhoStamp>Lyons_S</AIWhoStamp><AIDateStamp>2024-03-06 15:56:05.000</AIDateStamp>,,,<Pre><Service><ProductCode>ITPRENIGHTS</ProductCode><SupplierID>IT-PMO-NHP</SupplierID><ServiceID>STD-SBB</ServiceID></Service></Pre>,<Post><Last>Y</Last></Post>,,,0,N,,0,,"<CarOver24Hrs>N</CarOver24Hrs><PrefCommMethod></PrefCommMethod><Destination>AGO,PMO,TFC</Destination><FlexPKGProfile>N</FlexPKGProfile>",Y,1900-01-01,Wilson_N,2024-09-12 00:00:00.000,Davies_Ja,2024-11-19 14:45:23.800,2024-09-12 00:00:00.000,9999-12-31 00:00:00.000,2025-04-08 08:40:08.187,1
12719,615653,FORA TRAVEL,Expired,FORA TRAVEL,2025-06-20,2025-06-20,2024-09-12,2025-06-20,GRP-IE-WH,C,8,Y,N,AA,Y,N,,,,,,,,IE-615653,0,Y,"L:5|7AA-0AA/0A,7.5|9.5AA-0AA/0A,10|12AA-1AA/0A,12.5|14.5AA-1AA/0A,15|17AA-2AA/0A,17.5|19.5AA-2AA/0A,20|22AA-2AA/0A,22.5|24AA-2AA/0A,48X;A:5|7AA-0AA/0A,7.5|9.5AA-0AA/0A,10|12AA-0AA/0A,12.5|14.5AA-0AA/0A,15|17AA-0AA/0A,17.5|19.5AA-0AA/0A,20|22AA-0AA/0A,22.5|24AA-0AA/0A,48X",20,,<CarOver24Hrs>N</CarOver24Hrs><FlexPKGProfile>N</FlexPKGProfile>,N,1900-01-01,Hager_W,2024-09-12 00:00:00.000,Hager_W,2024-09-19 20:16:28.360,2024-09-12 00:00:00.000,2025-07-25 04:41:47.517,2025-04-08 08:40:08.187,0
12720,615672,Marvelous Mouse Travels,Expired,Marvelous Mouse Travels,2025-01-12,2025-01-12,2024-09-13,2025-01-12,GRP-GBIE-BOS-KS,C,12,Y,N,AA,Y,N,,,,,,,,GBIE-615672,0,Y,"L:5|7AA-0AA/0A,7.5|9.5AA-0AA/0A,10|12AA-1AA/0A,12.5|14.5AA-1AA/0A,15|17AA-2AA/0A,17.5|19.5AA-2AA/0A,20|22AA-2AA/0A,22.5|24AA-2AA/0A,48X;A:5|7AA-0AA/0A,7.5|9.5AA-0AA/0A,10|12AA-0AA/0A,12.5|14.5AA-0AA/0A,15|17AA-0AA/0A,17.5|19.5AA-0AA/0A,20|22AA-0AA/0A,22.5|24AA-0AA/0A,48X",0,,<CarOver24Hrs>N</CarOver24Hrs><FlexPKGProfile>N</FlexPKGProfile>,N,1900-01-01,Smith_K,2024-09-13 00:00:00.000,Smith_K,2024-10-25 17:21:49.340,2024-09-13 00:00:00.000,9999-12-31 00:00:00.000,2025-04-08 08:40:08.187,1
12721,615676,TRAVELMATION,Expired,TRAVELMATION,2025-05-12,2025-05-12,2024-09-13,2025-05-12,GRP-GB-BOS-WH,C,8,Y,N,AA,Y,N,,,,,,,,GB-615676,0,Y,"L:5|7AA-0AA/0A,7.5|9.5AA-0AA/0A,10|12AA-1AA/0A,12.5|14.5AA-1AA/0A,15|17AA-2AA/0A,17.5|19.5AA-2AA/0A,20|22AA-2AA/0A,22.5|24AA-2AA/0A,48X;A:5|7AA-0AA/0A,7.5|9.5AA-0AA/0A,10|12AA-0AA/0A,12.5|14.5AA-0AA/0A,15|17AA-0AA/0A,17.5|19.5AA-0AA/0A,20|22AA-0AA/0A,22.5|24AA-0AA/0A,48X",20,,<CarOver24Hrs>N</CarOver24Hrs><FlexPKGProfile>N</FlexPKGProfile>,N,1900-01-01,Hager_W,2024-09-13 00:00:00.000,Caldeira_N,2025-01-28 19:43:48.160,2024-09-13 00:00:00.000,2025-07-25 04:41:47.517,2025-04-08 08:40:08.187,0
16579,615676,TRAVELMATION,Expired,TRAVELMATION,2025-05-12,2025-05-12,2024-09-13,2025-05-12,GRP-GB-BOS-WH,C,8,Y,N,AA,Y,N,,,,,,,,GB-615676,0,Y,"L:5|7AA-0AA/0A,7.5|9.5AA-0AA/0A,10|12AA-1AA/0A,12.5|14.5AA-1AA/0A,15|17AA-2AA/0A,17.5|19.5AA-2AA/0A,20|22AA-2AA/0A,22.5|24AA-2AA/0A,48X;A:5|7AA-0AA/0A,7.5|9.5AA-0AA/0A,10|12AA-0AA/0A,12.5|14.5AA-0AA/0A,15|17AA-0AA/0A,17.5|19.5AA-0AA/0A,20|22AA-0AA/0A,22.5|24AA-0AA/0A,48X",0,,<CarOver24Hrs>N</CarOver24Hrs><FlexPKGProfile>N</FlexPKGProfile>,N,1900-01-01,Hager_W,2024-09-13 00:00:00.000,Caldeira_N,2025-01-28 19:43:48.160,2025-05-12 04:34:41.630,9999-12-31 00:00:00.000,2025-05-12 04:34:41.630,1
16166,628767,"2026 Taste of Scotland & Ireland - 11 Days/10 Nights - To the Moon and Back Travel - May 12, 2026",Active,"2026 Taste of Scotland & Ireland - 11 Days/10 Nights - To the Moon and Back Travel - May 12, 2026",2026-05-12,2026-05-12,2010-01-01,2026-05-12,SCH-GB-SCA,C,11,Y,N,AA/AAA,Y,N,,<Main><AirOffset>1</AirOffset><FromCity>NYC</FromCity><ToCity>EDI</ToCity><ReturnFromCity>DUB</ReturnFromCity><ReturnToCity>NYC</ReturnToCity><AirReturnOffset></AirReturnOffset></Main><AIWhoStamp>Biggins_Tr</AIWhoStamp><AIDateStamp>2022-09-06 17:09:55.000</AIDateStamp>,,,<Pre><Service><ProductCode>UKPRENIGHTS</ProductCode><SupplierID>GB-GLA-GTH</SupplierID><ServiceID>STD-SBB</ServiceID></Service></Pre>,<Post><Last>Y</Last></Post>,,SCA26,0,N,,21,,"<CarOver24Hrs>N</CarOver24Hrs><PrefCommMethod></PrefCommMethod><Destination>GLA,NAI,EDI,KER,DUB,LIM</Destination><FlexPKGProfile>N</FlexPKGProfile>",Y,1900-01-01,Wilson_N,2025-02-26 00:00:00.000,Stynes_A,2025-05-02 14:25:51.877,2025-05-03 04:35:37.930,2025-05-24 06:26:01.357,2025-05-03 04:35:37.930,0
17351,628767,"2026 Taste of Scotland & Ireland - 11 Days/10 Nights - To the Moon and Back Travel - May 12, 2026",Active,"2026 Taste of Scotland & Ireland - 11 Days/10 Nights - To the Moon and Back Travel - May 12, 2026",2026-05-12,2026-05-12,2010-01-01,2026-05-12,SCH-GB-SCA,C,11,Y,N,AA/AAA,Y,N,,<Main><AirOffset>1</AirOffset><FromCity>NYC</FromCity><ToCity>EDI</ToCity><ReturnFromCity>DUB</ReturnFromCity><ReturnToCity>NYC</ReturnToCity><AirReturnOffset></AirReturnOffset></Main><AIWhoStamp>Biggins_Tr</AIWhoStamp><AIDateStamp>2022-09-06 17:09:55.000</AIDateStamp>,,,<Pre><Service><ProductCode>UKPRENIGHTS</ProductCode><SupplierID>GB-GLA-GTH</SupplierID><ServiceID>STD-SBB</ServiceID></Service></Pre>,<Post><Last>Y</Last></Post>,,SCA26,0,N,,21,,"<CarOver24Hrs>N</CarOver24Hrs><PrefCommMethod></PrefCommMethod><Destination>GLA,NAI,EDI,KER,DUB,LIM</Destination><FlexPKGProfile>N</FlexPKGProfile>",Y,1900-01-01,Wilson_N,2025-02-26 00:00:00.000,Davies_Ja,2025-05-23 18:40:54.307,2025-05-24 06:26:39.947,2025-06-19 06:19:11.827,2025-05-24 06:26:39.947,0
13589,628768,"2026 Scottish & Irish Dream - 13 Days/12 Nights - To the Moon and Back Travel - September 18, 2026",Multi-Expired,"2026 Scottish & Irish Dream - 13 Days/12 Nights - To the Moon and Back Travel - September 18, 2026",2026-09-18,2026-09-18,2010-01-01,2026-12-31,SCH-GB-DRA,C,13,Y,N,AA/AAA,Y,N,,<Main><AirOffset>1</AirOffset><FromCity>NYC</FromCity><ToCity>EDI</ToCity><ReturnFromCity>SNN</ReturnFromCity><ReturnToCity>NYC</ReturnToCity><AirReturnOffset></AirReturnOffset></Main><AIWhoStamp>Biggins_Tr</AIWhoStamp><AIDateStamp>2022-09-06 16:55:06.000</AIDateStamp>,,,<Pre><First>Y</First></Pre>,<Post><Last>Y</Last></Post>,,DRA26/TAA26,0/7,N,,20,,"<CarOver24Hrs>N</CarOver24Hrs><PrefCommMethod></PrefCommMethod><Destination>EDI,NAI,PES,DUB,KER,LIM,ARY,GLA,INV</Destination><FlexPKGProfile>N</FlexPKGProfile>",Y,1900-01-01,Wilson_N,2025-02-26 00:00:00.000,Douglas_P,2025-04-04 12:20:23.480,2025-02-26 00:00:00.000,2025-05-31 06:46:34.090,2025-04-08 08:40:08.187,0
17195,628768,"2026 Scottish & Irish Dream - 13 Days/12 Nights - To the Moon and Back Travel - September 18, 2026",Multi-Expired,"2026 Scottish & Irish Dream - 13 Days/12 Nights - To the Moon and Back Travel - September 18, 2026",2026-09-18,2026-09-18,2010-01-01,2026-12-31,SCH-GB-DRA,C,13,Y,N,AA/AAA,Y,N,,<Main><AirOffset>1</AirOffset><FromCity>NYC</FromCity><ToCity>EDI</ToCity><ReturnFromCity>SNN</ReturnFromCity><ReturnToCity>NYC</ReturnToCity><AirReturnOffset></AirReturnOffset></Main><AIWhoStamp>Biggins_Tr</AIWhoStamp><AIDateStamp>2022-09-06 16:55:06.000</AIDateStamp>,,,<Pre><First>Y</First></Pre>,<Post><Last>Y</Last></Post>,,DRA26/TAA26,0/7,N,,20,,"<CarOver24Hrs>N</CarOver24Hrs><PrefCommMethod></PrefCommMethod><Destination>EDI,NAI,PES,DUB,KER,LIM,ARY,GLA,INV</Destination><FlexPKGProfile>N</FlexPKGProfile>",Y,1900-01-01,Wilson_N,2025-02-26 00:00:00.000,Lyons_S,2025-05-22 13:21:25.553,2025-05-23 06:31:23.863,2025-05-31 06:46:34.090,2025-05-23 06:31:23.863,0
17879,628768,"2026 Scottish & Irish Dream - 13 Days/12 Nights - To the Moon and Back Travel - September 18, 2026",Multi-Expired,"2026 Scottish & Irish Dream - 13 Days/12 Nights - To the Moon and Back Travel - September 18, 2026",2026-09-18,2026-09-18,2010-01-01,2026-12-31,SCH-GB-DRA,C,13,Y,N,AA/AAA,Y,N,,<Main><AirOffset>1</AirOffset><FromCity>NYC</FromCity><ToCity>EDI</ToCity><ReturnFromCity>SNN</ReturnFromCity><ReturnToCity>NYC</ReturnToCity><AirReturnOffset></AirReturnOffset></Main><AIWhoStamp>Biggins_Tr</AIWhoStamp><AIDateStamp>2022-09-06 16:55:06.000</AIDateStamp>,,,<Pre><First>Y</First></Pre>,<Post><Last>Y</Last></Post>,,DRA26/TAA26,0/7,N,,20,,"<CarOver24Hrs>N</CarOver24Hrs><PrefCommMethod></PrefCommMethod><Destination>EDI,NAI,PES,DUB,KER,LIM,ARY,GLA,INV</Destination><FlexPKGProfile>N</FlexPKGProfile>",Y,1900-01-01,Wilson_N,2025-02-26 00:00:00.000,Tancred_E,2025-05-30 09:02:34.230,2025-05-31 06:47:11.173,2025-08-12 05:13:27.650,2025-05-31 06:47:11.173,0
13701,630316,"2026 The Irish Pub Tour- 8 Days/7 Nights - The Pettit Group - August 15, 2026",Active,"2026 The Irish Pub Tour- 8 Days/7 Nights - The Pettit Group - August 15, 2026",2026-08-15,2026-08-15,2010-01-01,2026-12-31,SCH-IE-PUA,C,8,Y,N,AA/AAA,Y,N,,<Main><AirOffset>1</AirOffset><FromCity>NYC</FromCity><ToCity>DUB</ToCity><ReturnFromCity>DUB</ReturnFromCity><ReturnToCity>NYC</ReturnToCity></Main>,,,<Pre><First>Y</First></Pre>,,,PUA26,0,N,,10,,"<CarOver24Hrs>N</CarOver24Hrs><PrefCommMethod></PrefCommMethod><Destination>KER,KIK,DUB,GAL,WES</Destination><FlexPKGProfile>N</FlexPKGProfile>",Y,1900-01-01,Wilson_N,2025-03-13 00:00:00.000,Lyons_S,2025-03-19 18:04:40.620,2025-03-13 00:00:00.000,2025-05-28 07:00:44.447,2025-04-08 08:40:08.187,0
16802,630316,"2026 The Irish Pub Tour- 8 Days/7 Nights - The Pettit Group - August 15, 2026",Active,"2026 The Irish Pub Tour- 8 Days/7 Nights - The Pettit Group - August 15, 2026",2026-08-15,2026-08-15,2010-01-01,2026-12-31,SCH-IE-PUA,C,8,Y,N,AA/AAA,Y,N,,<Main><AirOffset>1</AirOffset><FromCity>NYC</FromCity><ToCity>DUB</ToCity><ReturnFromCity>DUB</ReturnFromCity><ReturnToCity>NYC</ReturnToCity></Main>,,,<Pre><First>Y</First></Pre>,,,PUA26,0,N,,10,,"<CarOver24Hrs>N</CarOver24Hrs><PrefCommMethod></PrefCommMethod><Destination>KER,KIK,DUB,GAL,WES</Destination><FlexPKGProfile>N</FlexPKGProfile>",Y,1900-01-01,Wilson_N,2025-03-13 00:00:00.000,byrne_dr,2025-05-15 10:51:03.790,2025-05-16 06:42:01.470,2025-05-28 07:00:44.447,2025-05-16 06:42:01.470,0
17001,630316,"2026 The Irish Pub Tour- 8 Days/7 Nights - The Pettit Group - August 15, 2026",Active,"2026 The Irish Pub Tour- 8 Days/7 Nights - The Pettit Group - August 15, 2026",2026-08-15,2026-08-15,2010-01-01,2026-12-31,SCH-IE-PUA,C,8,Y,N,AA/AAA,Y,N,,<Main><AirOffset>1</AirOffset><FromCity>NYC</FromCity><ToCity>DUB</ToCity><ReturnFromCity>DUB</ReturnFromCity><ReturnToCity>NYC</ReturnToCity></Main>,,,<Pre><First>Y</First></Pre>,,,PUA26,0,N,,10,,"<CarOver24Hrs>N</CarOver24Hrs><PrefCommMethod></PrefCommMethod><Destination>KER,KIK,DUB,GAL,WES</Destination><FlexPKGProfile>N</FlexPKGProfile>",Y,1900-01-01,Wilson_N,2025-03-13 00:00:00.000,Stynes_A,2025-05-20 11:40:03.467,2025-05-21 06:42:32.540,2025-05-28 07:00:44.447,2025-05-21 06:42:32.540,0
17555,630316,"2026 The Irish Pub Tour- 8 Days/7 Nights - The Pettit Group - August 15, 2026",Active,"2026 The Irish Pub Tour- 8 Days/7 Nights - The Pettit Group - August 15, 2026",2026-08-15,2026-08-15,2010-01-01,2026-12-31,SCH-IE-PUA,C,8,Y,N,AA/AAA,Y,N,,<Main><AirOffset>1</AirOffset><FromCity>NYC</FromCity><ToCity>DUB</ToCity><ReturnFromCity>DUB</ReturnFromCity><ReturnToCity>NYC</ReturnToCity></Main>,,,<Pre><First>Y</First></Pre>,,,PUA26,0,N,,10,,"<CarOver24Hrs>N</CarOver24Hrs><PrefCommMethod></PrefCommMethod><Destination>KER,KIK,DUB,GAL,WES</Destination><FlexPKGProfile>N</FlexPKGProfile>",Y,1900-01-01,Wilson_N,2025-03-13 00:00:00.000,Douglas_P,2025-05-27 15:55:08.983,2025-05-28 07:01:18.080,2025-06-08 05:25:39.740,2025-05-28 07:01:18.080,0
13778,631240,Michael's Travel Centre,Pending,Michael's Travel Centre,2025-09-03,2025-09-03,2025-03-25,2025-09-03,GRP-GB-BOS-WH,C,8,Y,N,AA,Y,N,,,,,,,,GB-631240,0,Y,"L:5|7AA-0AA/0A,7.5|9.5AA-0AA/0A,10|12AA-1AA/0A,12.5|14.5AA-1AA/0A,15|17AA-2AA/0A,17.5|19.5AA-2AA/0A,20|22AA-2AA/0A,22.5|24AA-2AA/0A,48X;A:5|7AA-0AA/0A,7.5|9.5AA-0AA/0A,10|12AA-0AA/0A,12.5|14.5AA-0AA/0A,15|17AA-0AA/0A,17.5|19.5AA-0AA/0A,20|22AA-0AA/0A,22.5|24AA-0AA/0A,48X",15,,<CarOver24Hrs>N</CarOver24Hrs><FlexPKGProfile>N</FlexPKGProfile>,N,1900-01-01,Hager_W,2025-03-25 00:00:00.000,Smith_K,2025-03-25 17:04:47.947,2025-03-25 00:00:00.000,2025-09-04 05:57:56.313,2025-04-08 08:40:08.187,0
13779,631242,SPAIN - JW TRAVEL ASSOCIATES,Pending,SPAIN - JW TRAVEL ASSOCIATES,2026-05-20,2026-05-20,2025-03-25,2026-05-20,GRP-EU-WH,C,8,Y,N,N,Y,N,,,,,,,,EU-631242,0,Y,"L:5|7AA-0AA/0A,7.5|9.5AA-0AA/0A,10|12AA-0AA/0A,12.5|14.5AA-0AA/0A,15|17AA-0AA/0A,17.5|19.5AA-0AA/0A,20|22AA-0AA/0A,22.5|24AA-0AA/0A,48X;A:5|7AA-0AA/0A,7.5|9.5AA-0AA/0A,10|12AA-0AA/0A,12.5|14.5AA-0AA/0A,15|17AA-0AA/0A,17.5|19.5AA-0AA/0A,20|22AA-0AA/0A,22.5|24AA-0AA/0A,48X",20,,<CarOver24Hrs>N</CarOver24Hrs><FlexPKGProfile>N</FlexPKGProfile>,N,1900-01-01,Hager_W,2025-03-25 00:00:00.000,Hager_W,2025-03-25 17:19:46.680,2025-03-25 00:00:00.000,2025-07-25 04:41:47.517,2025-04-08 08:40:08.187,0
13780,631262,"2026 Best of Spain - 9 Days/8 Nights - Cruises & Tours Unlimited - May 3, 2026",Pending,"2026 Best of Spain - 9 Days/8 Nights - Cruises & Tours Unlimited - May 3, 2026",2026-05-03,2026-05-03,2010-01-01,2026-12-31,SCH-ES-BSA,C,9,Y,N,AA/AAA,Y,N,,<Main><AirOffset>1</AirOffset><FromCity>NYC</FromCity><ToCity>MAD</ToCity><ReturnFromCity>BCN</ReturnFromCity><ReturnToCity>NYC</ReturnToCity><AirReturnOffset></AirReturnOffset></Main><AIWhoStamp>Lyons_S</AIWhoStamp><AIDateStamp>2024-03-06 15:52:30.000</AIDateStamp>,,,<Pre><Service><ProductCode>ESPRENIGHTS</ProductCode><SupplierID>ES-MAD-RDM</SupplierID><ServiceID>STD-SBB</ServiceID></Service></Pre>,<Post><Last>Y</Last></Post>,,BSA26,0,N,,10,,"<CarOver24Hrs>N</CarOver24Hrs><PrefCommMethod></PrefCommMethod><Destination>SVQ,MAD,GRX,VLC,BCN</Destination><FlexPKGProfile>N</FlexPKGProfile>",Y,1900-01-01,Wilson_N,2025-03-25 00:00:00.000,Lyons_S,2025-04-04 15:53:39.243,2025-03-25 00:00:00.000,2025-07-25 04:41:47.517,2025-04-08 08:40:08.187,0
15817,631262,"2026 Best of Spain - 9 Days/8 Nights - Cruises & Tours Unlimited - May 3, 2026",Pending,"2026 Best of Spain - 9 Days/8 Nights - Cruises & Tours Unlimited - May 3, 2026",2026-05-03,2026-05-03,2010-01-01,2026-12-31,SCH-ES-BSA,C,9,Y,N,AA/AAA,Y,N,,<Main><AirOffset>1</AirOffset><FromCity>NYC</FromCity><ToCity>MAD</ToCity><ReturnFromCity>BCN</ReturnFromCity><ReturnToCity>NYC</ReturnToCity><AirReturnOffset></AirReturnOffset></Main><AIWhoStamp>Lyons_S</AIWhoStamp><AIDateStamp>2024-03-06 15:52:30.000</AIDateStamp>,,,<Pre><Service><ProductCode>ESPRENIGHTS</ProductCode><SupplierID>ES-MAD-RDM</SupplierID><ServiceID>STD-SBB</ServiceID></Service></Pre>,<Post><Last>Y</Last></Post>,,BSA26,0,N,,10,,"<CarOver24Hrs>N</CarOver24Hrs><PrefCommMethod></PrefCommMethod><Destination>SVQ,MAD,GRX,VLC,BCN</Destination><FlexPKGProfile>N</FlexPKGProfile>",Y,1900-01-01,Wilson_N,2025-03-25 00:00:00.000,edwards_ki,2025-04-17 17:28:26.143,2025-04-28 19:00:19.260,2025-07-25 04:41:47.517,2025-04-28 19:00:19.260,0
15137,632146,"2026 Taste of Scotland & Ireland - 10 Days/9 Nights - Travel with Claudia - September 29, 2026",Pending,"2026 Taste of Scotland & Ireland - 10 Days/9 Nights - Travel with Claudia - September 29, 2026",2026-09-29,2026-09-29,2010-01-01,2026-12-31,SCH-GB-SCA,C,10,Y,N,AA/AAA,Y,N,,<Main><AirOffset>1</AirOffset><FromCity>NYC</FromCity><ToCity>EDI</ToCity><ReturnFromCity>SNN</ReturnFromCity><ReturnToCity>NYC</ReturnToCity><AirReturnOffset></AirReturnOffset></Main><AIWhoStamp>Biggins_Tr</AIWhoStamp><AIDateStamp>2022-09-06 17:00:31.000</AIDateStamp>,,,<Pre><Service><ProductCode>UKPRENIGHTS</ProductCode><SupplierID>GB-GLA-GTH</SupplierID><ServiceID>STD-SBB</ServiceID></Service></Pre>,<Post><Last>Y</Last></Post>,,SCA26,0,N,,30,,"<CarOver24Hrs>N</CarOver24Hrs><PrefCommMethod></PrefCommMethod><Destination>GLA,NAI,EDI,KER,DUB,LIM</Destination><FlexPKGProfile>N</FlexPKGProfile>",Y,1900-01-01,Wilson_N,2025-04-08 00:00:00.000,Davies_Ja,2025-04-08 14:50:30.583,2025-04-08 00:00:00.000,2025-07-25 04:41:47.517,2025-04-10 08:06:55.350,0
15332,632146,"2026 Taste of Scotland & Ireland - 10 Days/9 Nights - Travel with Claudia - September 29, 2026",Pending,"2026 Taste of Scotland & Ireland - 10 Days/9 Nights - Travel with Claudia - September 29, 2026",2026-09-29,2026-09-29,2010-01-01,2026-12-31,SCH-GB-SCA,C,10,Y,N,AA/AAA,Y,N,,<Main><AirOffset>1</AirOffset><FromCity>NYC</FromCity><ToCity>EDI</ToCity><ReturnFromCity>SNN</ReturnFromCity><ReturnToCity>NYC</ReturnToCity><AirReturnOffset></AirReturnOffset></Main><AIWhoStamp>Biggins_Tr</AIWhoStamp><AIDateStamp>2022-09-06 17:00:31.000</AIDateStamp>,,,<Pre><Service><ProductCode>UKPRENIGHTS</ProductCode><SupplierID>GB-GLA-GTH</SupplierID><ServiceID>STD-SBB</ServiceID></Service></Pre>,<Post><Last>Y</Last></Post>,,SCA26,0,N,,30,,"<CarOver24Hrs>N</CarOver24Hrs><PrefCommMethod></PrefCommMethod><Destination>GLA,NAI,EDI,KER,DUB,LIM</Destination><FlexPKGProfile>N</FlexPKGProfile>",Y,1900-01-01,Wilson_N,2025-04-08 00:00:00.000,Lyons_S,2025-04-11 15:30:44.843,2025-04-15 09:44:58.910,2025-07-25 04:41:47.517,2025-04-15 09:44:58.910,0
15843,632146,"2026 Taste of Scotland & Ireland - 10 Days/9 Nights - Travel with Claudia - October 13, 2026",Active,"2026 Taste of Scotland & Ireland - 10 Days/9 Nights - Travel with Claudia - October 13, 2026",2026-10-13,2026-10-13,2010-01-01,2026-10-13,SCH-GB-SCA,C,10,Y,N,AA/AAA,Y,N,,<Main><AirOffset>1</AirOffset><FromCity>NYC</FromCity><ToCity>EDI</ToCity><ReturnFromCity>SNN</ReturnFromCity><ReturnToCity>NYC</ReturnToCity><AirReturnOffset></AirReturnOffset></Main><AIWhoStamp>Biggins_Tr</AIWhoStamp><AIDateStamp>2022-09-06 17:00:31.000</AIDateStamp>,,,<Pre><Service><ProductCode>UKPRENIGHTS</ProductCode><SupplierID>GB-GLA-GTH</SupplierID><ServiceID>STD-SBB</ServiceID></Service></Pre>,<Post><Last>Y</Last></Post>,,SCA26,0,N,,44,,"<CarOver24Hrs>N</CarOver24Hrs><PrefCommMethod></PrefCommMethod><Destination>GLA,NAI,EDI,KER,DUB,LIM</Destination><FlexPKGProfile>N</FlexPKGProfile>",Y,1900-01-01,Wilson_N,2025-04-08 00:00:00.000,Wilson_N,2025-04-22 17:31:04.513,2025-04-28 19:00:19.260,2025-07-25 04:41:47.517,2025-04-28 19:00:19.260,0
15877,632999,"2026 Scottish Dream - 8 Days/7 Nights - Lynn Westphal Travel - Mary Boyle Group - August 30, 2026",Active,"2026 Scottish Dream - 8 Days/7 Nights - Lynn Westphal Travel - Mary Boyle Group - August 30, 2026",2026-08-30,2026-08-30,2010-01-01,2026-12-31,SCH-GB-DRA,C,8,Y,N,AA/AAA,Y,N,,<Main><AirOffset>1</AirOffset><FromCity>NYC</FromCity><ToCity>EDI</ToCity><ReturnFromCity>EDI</ReturnFromCity><ReturnToCity>NYC</ReturnToCity><AirReturnOffset></AirReturnOffset></Main><AIWhoStamp>Biggins_Tr</AIWhoStamp><AIDateStamp>2022-09-06 16:38:11.000</AIDateStamp>,,,<Pre><First>Y</First></Pre>,,,DRA26,0,N,,32,,"<CarOver24Hrs>N</CarOver24Hrs><FlexPKGProfile>N</FlexPKGProfile><PrefCommMethod></PrefCommMethod><Destination>EDI,NAI,PES,ARY,GLA,INV</Destination>",Y,1900-01-01,Wilson_N,2025-04-21 00:00:00.000,Wilson_N,2025-04-23 15:21:21.220,2025-04-21 00:00:00.000,2025-07-25 04:41:47.517,2025-04-28 19:00:19.260,0
17257,632999,"2026 Scottish Dream - 8 Days/7 Nights - Lynn Westphal Travel - Mary Boyle Group - August 30, 2026",Active,"2026 Scottish Dream - 8 Days/7 Nights - Lynn Westphal Travel - Mary Boyle Group - August 30, 2026",2026-08-30,2026-08-30,2010-01-01,2026-12-31,SCH-GB-DRA,C,8,Y,N,AA/AAA,Y,N,,<Main><AirOffset>1</AirOffset><FromCity>NYC</FromCity><ToCity>EDI</ToCity><ReturnFromCity>EDI</ReturnFromCity><ReturnToCity>NYC</ReturnToCity><AirReturnOffset></AirReturnOffset></Main><AIWhoStamp>Biggins_Tr</AIWhoStamp><AIDateStamp>2022-09-06 16:38:11.000</AIDateStamp>,,,<Pre><First>Y</First></Pre>,,,DRA26,0,N,,32,,"<CarOver24Hrs>N</CarOver24Hrs><FlexPKGProfile>N</FlexPKGProfile><PrefCommMethod></PrefCommMethod><Destination>EDI,NAI,PES,ARY,GLA,INV</Destination>",Y,1900-01-01,Wilson_N,2025-04-21 00:00:00.000,Lyons_S,2025-05-22 13:21:25.583,2025-05-23 06:31:23.863,2025-07-25 04:41:47.517,2025-05-23 06:31:23.863,0
17786,632999,"2026 Scottish Dream - 8 Days/7 Nights - Lynn Westphal Travel - Mary Boyle Group - August 30, 2026",Active,"2026 Scottish Dream - 8 Days/7 Nights - Lynn Westphal Travel - Mary Boyle Group - August 30, 2026",2026-08-30,2026-08-30,2010-01-01,2026-12-31,SCH-GB-DRA,C,8,Y,N,AA/AAA,Y,N,,<Main><AirOffset>1</AirOffset><FromCity>NYC</FromCity><ToCity>EDI</ToCity><ReturnFromCity>EDI</ReturnFromCity><ReturnToCity>NYC</ReturnToCity><AirReturnOffset></AirReturnOffset></Main><AIWhoStamp>Biggins_Tr</AIWhoStamp><AIDateStamp>2022-09-06 16:38:11.000</AIDateStamp>,,,<Pre><First>Y</First></Pre>,,,DRA26,0,N,,32,,"<CarOver24Hrs>N</CarOver24Hrs><FlexPKGProfile>N</FlexPKGProfile><PrefCommMethod></PrefCommMethod><Destination>EDI,NAI,PES,ARY,GLA,INV</Destination>",Y,1900-01-01,Wilson_N,2025-04-21 00:00:00.000,Tancred_E,2025-05-29 14:28:50.437,2025-05-30 06:58:40.317,2025-07-25 04:41:47.517,2025-05-30 06:58:40.317,0
15878,633014,Trudies Travel,Pending,Trudies Travel,2026-04-27,2026-04-27,2025-04-21,2026-04-27,GRP-GB-KS,C,5,Y,N,N,Y,N,,,,,,,,GB-633014,0,Y,"L:5|7AA-0AA/0A,7.5|9.5AA-0AA/0A,10|12AA-1AA/0A,12.5|14.5AA-1AA/0A,15|17AA-2AA/0A,17.5|19.5AA-2AA/0A,20|22AA-2AA/0A,22.5|24AA-2AA/0A,48X;A:5|7AA-0AA/0A,7.5|9.5AA-0AA/0A,10|12AA-0AA/0A,12.5|14.5AA-0AA/0A,15|17AA-0AA/0A,17.5|19.5AA-0AA/0A,20|22AA-0AA/0A,22.5|24AA-0AA/0A,48X",10,,<CarOver24Hrs>N</CarOver24Hrs><FlexPKGProfile>N</FlexPKGProfile>,N,1900-01-01,Smith_K,2025-04-21 00:00:00.000,Smith_K,2025-04-21 20:19:04.960,2025-04-21 00:00:00.000,2025-07-25 04:41:47.517,2025-04-28 19:00:19.260,0
16875,633014,Trudies Travel,Expired,Trudies Travel,2026-04-27,2026-04-27,2025-04-21,2026-04-27,GRP-GB-KS,C,5,Y,N,N,Y,N,,,,,,,,GB-633014,0,Y,"L:5|7AA-0AA/0A,7.5|9.5AA-0AA/0A,10|12AA-1AA/0A,12.5|14.5AA-1AA/0A,15|17AA-2AA/0A,17.5|19.5AA-2AA/0A,20|22AA-2AA/0A,22.5|24AA-2AA/0A,48X;A:5|7AA-0AA/0A,7.5|9.5AA-0AA/0A,10|12AA-0AA/0A,12.5|14.5AA-0AA/0A,15|17AA-0AA/0A,17.5|19.5AA-0AA/0A,20|22AA-0AA/0A,22.5|24AA-0AA/0A,48X",10,,<CarOver24Hrs>N</CarOver24Hrs><FlexPKGProfile>N</FlexPKGProfile>,N,1900-01-01,Smith_K,2025-04-21 00:00:00.000,Smith_K,2025-05-16 16:37:49.313,2025-05-18 06:42:47.047,9999-12-31 00:00:00.000,2025-05-18 06:42:47.047,1
16121,633888,"2026 Taste of Italy - 7 Days/6 Nights - Altair International Travel - June 7, 2026",Pending,"2026 Taste of Italy - 7 Days/6 Nights - Altair International Travel - June 7, 2026",2026-06-07,2026-06-07,2010-01-01,2026-12-31,SCH-IT-ITT,C,7,Y,N,AA/AAA,Y,N,,<Main><AirOffset>1</AirOffset><FromCity>NYC</FromCity><ToCity>VCE</ToCity><ReturnFromCity>ROM</ReturnFromCity><ReturnToCity>NYC</ReturnToCity><AirReturnOffset></AirReturnOffset></Main><AIWhoStamp>Biggins_Tr</AIWhoStamp><AIDateStamp>2018-09-25 16:53:08.000</AIDateStamp>,,,<Pre><First>Y</First></Pre>,<Post><Last>Y</Last></Post>,,ITT26,0,N,,13,,"<CarOver24Hrs>N</CarOver24Hrs><PrefCommMethod></PrefCommMethod><Destination>ROM,VCE,FLR</Destination><FlexPKGProfile>N</FlexPKGProfile>",Y,1900-01-01,Markle_M,2025-05-01 00:00:00.000,Davies_Ja,2025-05-01 19:47:24.447,2025-05-01 00:00:00.000,2025-06-04 07:10:59.440,2025-05-02 04:23:56.197,0
16519,633888,"2026 Taste of Italy - 7 Days/6 Nights - Altair International Travel - June 7, 2026",Pending,"2026 Taste of Italy - 7 Days/6 Nights - Altair International Travel - June 7, 2026",2026-06-07,2026-06-07,2010-01-01,2026-12-31,SCH-IT-ITT,C,7,Y,N,AA/AAA,Y,N,,<Main><AirOffset>1</AirOffset><FromCity>NYC</FromCity><ToCity>VCE</ToCity><ReturnFromCity>ROM</ReturnFromCity><ReturnToCity>NYC</ReturnToCity><AirReturnOffset></AirReturnOffset></Main><AIWhoStamp>Biggins_Tr</AIWhoStamp><AIDateStamp>2018-09-25 16:53:08.000</AIDateStamp>,,,<Pre><First>Y</First></Pre>,<Post><Last>Y</Last></Post>,,ITT26,0,N,,13,,"<CarOver24Hrs>N</CarOver24Hrs><PrefCommMethod></PrefCommMethod><Destination>ROM,VCE,FLR</Destination><FlexPKGProfile>N</FlexPKGProfile>",Y,1900-01-01,Markle_M,2025-05-01 00:00:00.000,Tancred_E,2025-05-09 16:18:38.063,2025-05-10 04:34:51.893,2025-06-04 07:10:59.440,2025-05-10 04:34:51.893,0
16821,633888,"2026 Taste of Italy - 7 Days/6 Nights - Altair International Travel - June 7, 2026",Pending,"2026 Taste of Italy - 7 Days/6 Nights - Altair International Travel - June 7, 2026",2026-06-07,2026-06-07,2010-01-01,2026-12-31,SCH-IT-ITT,C,7,Y,N,AA/AAA,Y,N,,<Main><AirOffset>1</AirOffset><FromCity>NYC</FromCity><ToCity>VCE</ToCity><ReturnFromCity>ROM</ReturnFromCity><ReturnToCity>NYC</ReturnToCity><AirReturnOffset></AirReturnOffset></Main><AIWhoStamp>Biggins_Tr</AIWhoStamp><AIDateStamp>2018-09-25 16:53:08.000</AIDateStamp>,,,<Pre><First>Y</First></Pre>,<Post><Last>Y</Last></Post>,,ITT26,0,N,,13,,"<CarOver24Hrs>N</CarOver24Hrs><PrefCommMethod></PrefCommMethod><Destination>ROM,VCE,FLR</Destination><FlexPKGProfile>N</FlexPKGProfile>",Y,1900-01-01,Markle_M,2025-05-01 00:00:00.000,edwards_ki,2025-05-15 18:23:28.987,2025-05-16 06:42:01.470,2025-06-04 07:10:59.440,2025-05-16 06:42:01.470,0
17793,633888,"2026 Taste of Italy - 7 Days/6 Nights - Altair International Travel - June 7, 2026",Pending,"2026 Taste of Italy - 7 Days/6 Nights - Altair International Travel - June 7, 2026",2026-06-07,2026-06-07,2010-01-01,2026-12-31,SCH-IT-ITT,C,7,Y,N,AA/AAA,Y,N,,<Main><AirOffset>1</AirOffset><FromCity>NYC</FromCity><ToCity>VCE</ToCity><ReturnFromCity>ROM</ReturnFromCity><ReturnToCity>NYC</ReturnToCity><AirReturnOffset></AirReturnOffset></Main><AIWhoStamp>Biggins_Tr</AIWhoStamp><AIDateStamp>2018-09-25 16:53:08.000</AIDateStamp>,,,<Pre><First>Y</First></Pre>,<Post><Last>Y</Last></Post>,,ITT26,0,N,,13,,"<CarOver24Hrs>N</CarOver24Hrs><PrefCommMethod></PrefCommMethod><Destination>ROM,VCE,FLR</Destination><FlexPKGProfile>N</FlexPKGProfile>",Y,1900-01-01,Markle_M,2025-05-01 00:00:00.000,Lyons_S,2025-05-29 14:22:18.170,2025-05-30 06:58:40.317,2025-06-04 07:10:59.440,2025-05-30 06:58:40.317,0
16221,633918,"2026 Tuscan Treasures with Cinque Terre - 8 Days/7 Nights - Unique Adventures - September 13, 2026",Pending,"2026 Tuscan Treasures with Cinque Terre - 8 Days/7 Nights - Unique Adventures - September 13, 2026",2026-09-13,2026-09-13,2010-01-01,2026-12-31,SCH-IT-TUA,C,8,Y,N,AA/AAA,Y,N,,<Main><AirOffset></AirOffset><FromCity>NYC</FromCity><ToCity>FLR</ToCity><ReturnFromCity>FLR</ReturnFromCity><ReturnToCity>NYC</ReturnToCity><AirReturnOffset></AirReturnOffset></Main><AIWhoStamp>Lyons_S</AIWhoStamp><AIDateStamp>2023-06-22 11:58:42.000</AIDateStamp>,,,<Pre><First>Y</First></Pre>,<Post><Last>Y</Last></Post>,,TUA26,0,N,,10,,<CarOver24Hrs>N</CarOver24Hrs><PrefCommMethod></PrefCommMethod><Destination>MTC</Destination><FlexPKGProfile>N</FlexPKGProfile>,Y,1900-01-01,doig_l,2025-05-02 00:00:00.000,Davies_Ja,2025-05-02 14:59:07.420,2025-05-02 00:00:00.000,2025-07-25 04:41:47.517,2025-05-03 04:35:37.930,0
16280,633918,"2026 Tuscan Treasures with Cinque Terre - 8 Days/7 Nights - Unique Adventures - September 13, 2026",Internal,"2026 Tuscan Treasures with Cinque Terre - 8 Days/7 Nights - Unique Adventures - September 13, 2026",2026-09-13,2026-09-13,2010-01-01,2026-12-31,SCH-IT-TUA,C,8,Y,N,AA/AAA,Y,N,,<Main><AirOffset></AirOffset><FromCity>NYC</FromCity><ToCity>FLR</ToCity><ReturnFromCity>FLR</ReturnFromCity><ReturnToCity>NYC</ReturnToCity><AirReturnOffset></AirReturnOffset></Main><AIWhoStamp>Lyons_S</AIWhoStamp><AIDateStamp>2023-06-22 11:58:42.000</AIDateStamp>,,,<Pre><First>Y</First></Pre>,<Post><Last>Y</Last></Post>,,TUA26,0,N,,10,,<CarOver24Hrs>N</CarOver24Hrs><PrefCommMethod></PrefCommMethod><Destination>MTC</Destination><FlexPKGProfile>N</FlexPKGProfile>,Y,1900-01-01,doig_l,2025-05-02 00:00:00.000,Davies_Ja,2025-05-05 20:26:35.753,2025-05-06 04:34:49.337,2025-07-25 04:41:47.517,2025-05-06 04:34:49.337,0
16357,633918,"2026 Tuscan Treasures with Cinque Terre- 8 Days/7 Nights- Adventures in Tuscany with Unique Adventures- September 13, 2026",Active,"2026 Tuscan Treasures with Cinque Terre- 8 Days/7 Nights- Adventures in Tuscany with Unique Adventures- September 13, 2026",2026-09-13,2026-09-13,2010-01-01,2026-12-31,SCH-IT-TUA,C,8,Y,N,AA/AAA,Y,N,,<Main><AirOffset></AirOffset><FromCity>NYC</FromCity><ToCity>FLR</ToCity><ReturnFromCity>FLR</ReturnFromCity><ReturnToCity>NYC</ReturnToCity><AirReturnOffset></AirReturnOffset></Main><AIWhoStamp>Lyons_S</AIWhoStamp><AIDateStamp>2023-06-22 11:58:42.000</AIDateStamp>,,,<Pre><First>Y</First></Pre>,<Post><Last>Y</Last></Post>,,TUA26,0,N,,10,,<CarOver24Hrs>N</CarOver24Hrs><PrefCommMethod></PrefCommMethod><Destination>MTC</Destination><FlexPKGProfile>N</FlexPKGProfile>,Y,1900-01-01,doig_l,2025-05-02 00:00:00.000,doig_l,2025-05-06 17:36:46.260,2025-05-07 04:32:50.770,2025-06-03 06:38:26.533,2025-05-07 04:32:50.770,0
18038,633918,"2026 Tuscan Treasures with Cinque Terre- 8 Days/7 Nights- Adventures in Tuscany with Unique Adventures- September 13, 2026",Active,"2026 Tuscan Treasures with Cinque Terre- 8 Days/7 Nights- Adventures in Tuscany with Unique Adventures- September 13, 2026",2026-09-13,2026-09-13,2010-01-01,2026-12-31,SCH-IT-TUA,C,8,Y,N,AA/AAA,Y,N,,<Main><AirOffset></AirOffset><FromCity>NYC</FromCity><ToCity>FLR</ToCity><ReturnFromCity>FLR</ReturnFromCity><ReturnToCity>NYC</ReturnToCity><AirReturnOffset></AirReturnOffset></Main><AIWhoStamp>Lyons_S</AIWhoStamp><AIDateStamp>2023-06-22 11:58:42.000</AIDateStamp>,,,<Pre><First>Y</First></Pre>,<Post><Last>Y</Last></Post>,,TUA26,0,N,,10,,<CarOver24Hrs>N</CarOver24Hrs><PrefCommMethod></PrefCommMethod><Destination>MTC</Destination><FlexPKGProfile>N</FlexPKGProfile>,Y,1900-01-01,doig_l,2025-05-02 00:00:00.000,Foster_S,2025-06-02 11:40:15.923,2025-06-03 06:39:03.193,2025-06-09 05:01:33.147,2025-06-03 06:39:03.193,0
16710,634593,"2026 Scottish & Irish Sampler - 7 Days/6 Nights - LBD Travels - May 3, 2026",Multi-Pending,"2026 Scottish & Irish Sampler - 7 Days/6 Nights - LBD Travels - May 3, 2026",2026-05-03,2026-05-03,2010-01-01,2026-12-31,SCH-GB-CSA,C,7,Y,N,AA/AAA,Y,N,,<Main><AirOffset>1</AirOffset><FromCity>NYC</FromCity><ToCity>EDI</ToCity><ReturnFromCity>DUB</ReturnFromCity><ReturnToCity>NYC</ReturnToCity><AirReturnOffset></AirReturnOffset></Main><AIWhoStamp>Biggins_Tr</AIWhoStamp><AIDateStamp>2023-02-10 12:02:26.000</AIDateStamp>,,,<Pre><First>Y</First></Pre>,<Post><Last>Y</Last></Post>,,CSA26,0,N,,32,,"<CarOver24Hrs>N</CarOver24Hrs><PrefCommMethod></PrefCommMethod><Destination>DUB,BEL,EDI</Destination><FlexPKGProfile>N</FlexPKGProfile>",Y,1900-01-01,Markle_M,2025-05-13 00:00:00.000,Davies_Ja,2025-05-13 18:33:08.587,2025-05-14 06:43:12.710,2025-05-23 06:30:57.903,2025-05-14 06:43:12.710,0
17294,634593,"2026 Scottish & Irish Sampler - 7 Days/6 Nights - LBD Travels - May 3, 2026",Multi-Pending,"2026 Scottish & Irish Sampler - 7 Days/6 Nights - LBD Travels - May 3, 2026",2026-05-03,2026-05-03,2010-01-01,2026-12-31,SCH-GB-CSA,C,7,Y,N,AA/AAA,Y,N,,<Main><AirOffset>1</AirOffset><FromCity>NYC</FromCity><ToCity>EDI</ToCity><ReturnFromCity>DUB</ReturnFromCity><ReturnToCity>NYC</ReturnToCity><AirReturnOffset></AirReturnOffset></Main><AIWhoStamp>Biggins_Tr</AIWhoStamp><AIDateStamp>2023-02-10 12:02:26.000</AIDateStamp>,,,<Pre><First>Y</First></Pre>,<Post><Last>Y</Last></Post>,,CSA26,0,N,,32,,"<CarOver24Hrs>N</CarOver24Hrs><PrefCommMethod></PrefCommMethod><Destination>DUB,BEL,EDI</Destination><FlexPKGProfile>N</FlexPKGProfile>",Y,1900-01-01,Markle_M,2025-05-13 00:00:00.000,Lyons_S,2025-05-22 13:31:02.500,2025-05-23 06:31:23.863,2025-07-18 05:17:44.013,2025-05-23 06:31:23.863,0
16711,634607,"2026 Taste of Britain - 7 Days/6 Nights - World Travel - May 1, 2026",Pending,"2026 Taste of Britain - 7 Days/6 Nights - World Travel - May 1, 2026",2026-05-01,2026-05-01,2010-01-01,2026-12-31,SCH-GB-VOA,C,7,Y,N,AA/AAA,Y,N,,<Main><AirOffset>1</AirOffset><FromCity>NYC</FromCity><ToCity>LON</ToCity><ReturnFromCity>EDI</ReturnFromCity><ReturnToCity>NYC</ReturnToCity><AirReturnOffset></AirReturnOffset></Main><AIWhoStamp>Biggins_Tr</AIWhoStamp><AIDateStamp>2019-04-29 20:43:28.000</AIDateStamp>,,,<Pre><First>Y</First></Pre>,<Post><Last>Y</Last></Post>,,VOA26,0,N,,16,,"<CarOver24Hrs>N</CarOver24Hrs><PrefCommMethod></PrefCommMethod><Destination>BAT,LON,EDI,LIV</Destination><FlexPKGProfile>N</FlexPKGProfile>",Y,1900-01-01,Markle_M,2025-05-13 00:00:00.000,Davies_Ja,2025-05-13 19:43:37.070,2025-05-14 06:43:12.710,2025-05-30 06:58:13.120,2025-05-14 06:43:12.710,0
17295,634607,"2026 Taste of Britain - 7 Days/6 Nights - World Travel - May 1, 2026",Pending,"2026 Taste of Britain - 7 Days/6 Nights - World Travel - May 1, 2026",2026-05-01,2026-05-01,2010-01-01,2026-12-31,SCH-GB-VOA,C,7,Y,N,AA/AAA,Y,N,,<Main><AirOffset>1</AirOffset><FromCity>NYC</FromCity><ToCity>LON</ToCity><ReturnFromCity>EDI</ReturnFromCity><ReturnToCity>NYC</ReturnToCity><AirReturnOffset></AirReturnOffset></Main><AIWhoStamp>Biggins_Tr</AIWhoStamp><AIDateStamp>2019-04-29 20:43:28.000</AIDateStamp>,,,<Pre><First>Y</First></Pre>,<Post><Last>Y</Last></Post>,,VOA26,0,N,,16,,"<CarOver24Hrs>N</CarOver24Hrs><PrefCommMethod></PrefCommMethod><Destination>BAT,LON,EDI,LIV</Destination><FlexPKGProfile>N</FlexPKGProfile>",Y,1900-01-01,Markle_M,2025-05-13 00:00:00.000,Lyons_S,2025-05-22 14:08:05.900,2025-05-23 06:31:23.863,2025-05-30 06:58:13.120,2025-05-23 06:31:23.863,0
17458,634607,"2026 Taste of Britain - 7 Days/6 Nights - World Travel - May 1, 2026",Pending,"2026 Taste of Britain - 7 Days/6 Nights - World Travel - May 1, 2026",2026-05-01,2026-05-01,2010-01-01,2026-12-31,SCH-GB-VOA,C,7,Y,N,AA/AAA,Y,N,,<Main><AirOffset>1</AirOffset><FromCity>NYC</FromCity><ToCity>LON</ToCity><ReturnFromCity>EDI</ReturnFromCity><ReturnToCity>NYC</ReturnToCity><AirReturnOffset></AirReturnOffset></Main><AIWhoStamp>Biggins_Tr</AIWhoStamp><AIDateStamp>2019-04-29 20:43:28.000</AIDateStamp>,,,<Pre><First>Y</First></Pre>,<Post><Last>Y</Last></Post>,,VOA26,0,N,,16,,"<CarOver24Hrs>N</CarOver24Hrs><PrefCommMethod></PrefCommMethod><Destination>BAT,LON,EDI,LIV</Destination><FlexPKGProfile>N</FlexPKGProfile>",Y,1900-01-01,Markle_M,2025-05-13 00:00:00.000,Tancred_E,2025-05-26 10:18:28.967,2025-05-27 07:14:18.497,2025-05-30 06:58:13.120,2025-05-27 07:14:18.497,0
17810,634607,"2026 Taste of Britain - 7 Days/6 Nights - World Travel - May 1, 2026",Pending,"2026 Taste of Britain - 7 Days/6 Nights - World Travel - May 1, 2026",2026-05-01,2026-05-01,2010-01-01,2026-12-31,SCH-GB-VOA,C,7,Y,N,AA/AAA,Y,N,,<Main><AirOffset>1</AirOffset><FromCity>NYC</FromCity><ToCity>LON</ToCity><ReturnFromCity>EDI</ReturnFromCity><ReturnToCity>NYC</ReturnToCity><AirReturnOffset></AirReturnOffset></Main><AIWhoStamp>Biggins_Tr</AIWhoStamp><AIDateStamp>2019-04-29 20:43:28.000</AIDateStamp>,,,<Pre><First>Y</First></Pre>,<Post><Last>Y</Last></Post>,,VOA26,0,N,,16,,"<CarOver24Hrs>N</CarOver24Hrs><PrefCommMethod></PrefCommMethod><Destination>BAT,LON,EDI,LIV</Destination><FlexPKGProfile>N</FlexPKGProfile>",Y,1900-01-01,Markle_M,2025-05-13 00:00:00.000,Lyons_S,2025-05-29 13:03:19.443,2025-05-30 06:58:40.317,2025-09-04 05:57:56.313,2025-05-30 06:58:40.317,0
16712,634610,ELLIOTT EXCURSION,Pending,ELLIOTT EXCURSION,2026-03-13,2026-03-13,2025-05-13,2026-03-13,GRP-IE-WH,C,10,Y,N,N,Y,N,,,,,,,,IE-634610,0,Y,"L:5|7AA-0AA/0A,7.5|9.5AA-0AA/0A,10|12AA-0AA/0A,12.5|14.5AA-0AA/0A,15|17AA-0AA/0A,17.5|19.5AA-0AA/0A,20|22AA-0AA/0A,22.5|24AA-0AA/0A,48X;A:5|7AA-0AA/0A,7.5|9.5AA-0AA/0A,10|12AA-0AA/0A,12.5|14.5AA-0AA/0A,15|17AA-0AA/0A,17.5|19.5AA-0AA/0A,20|22AA-0AA/0A,22.5|24AA-0AA/0A,48X",20,,<CarOver24Hrs>N</CarOver24Hrs><FlexPKGProfile>N</FlexPKGProfile>,N,1900-01-01,Hager_W,2025-05-13 00:00:00.000,Hager_W,2025-05-13 19:55:41.263,2025-05-14 06:43:12.710,2026-01-15 06:51:34.973,2025-05-14 06:43:12.710,0
16713,634611,"2026 Tuscan Treasures with Cinque Terre - 8 Days/7 Nights - Blissful Vacations - May 17, 2026",Pending,"2026 Tuscan Treasures with Cinque Terre - 8 Days/7 Nights - Blissful Vacations - May 17, 2026",2026-05-17,2026-05-17,2010-01-01,2026-12-31,SCH-IT-TUA,C,8,Y,N,AA/AAA,Y,N,,<Main><AirOffset></AirOffset><FromCity>NYC</FromCity><ToCity>FLR</ToCity><ReturnFromCity>FLR</ReturnFromCity><ReturnToCity>NYC</ReturnToCity><AirReturnOffset></AirReturnOffset></Main><AIWhoStamp>Lyons_S</AIWhoStamp><AIDateStamp>2023-06-22 11:58:42.000</AIDateStamp>,,,<Pre><First>Y</First></Pre>,<Post><Last>Y</Last></Post>,,TUA26,0,N,,44,,<CarOver24Hrs>N</CarOver24Hrs><PrefCommMethod></PrefCommMethod><Destination>MTC</Destination><FlexPKGProfile>N</FlexPKGProfile>,Y,1900-01-01,Markle_M,2025-05-13 00:00:00.000,Davies_Ja,2025-05-13 19:56:56.010,2025-05-14 06:43:12.710,2025-07-25 04:41:47.517,2025-05-14 06:43:12.710,0
16757,634685,"2026 Scottish Daytripper - 6 Days/ 5 Nights - Key to the World Travel - October 4, 2026",Pending,"2026 Scottish Daytripper - 6 Days/ 5 Nights - Key to the World Travel - October 4, 2026",2026-10-04,2026-10-04,2010-01-01,2026-12-31,SCH-GB-GDA,C,6,Y,N,AA/AAA,Y,N,,<Main><AirOffset>1</AirOffset><FromCity>NYC</FromCity><ToCity>EDI</ToCity><ReturnFromCity>EDI</ReturnFromCity><ReturnToCity>NYC</ReturnToCity><AirReturnOffset></AirReturnOffset></Main><AIWhoStamp>Biggins_Tr</AIWhoStamp><AIDateStamp>2022-09-06 17:16:49.000</AIDateStamp>,,,<Pre><First>Y</First></Pre>,<Post><Last>Y</Last></Post>,,GDA26,0,N,,10,,"<CarOver24Hrs>N</CarOver24Hrs><PrefCommMethod></PrefCommMethod><Destination>GLA,EDI</Destination><FlexPKGProfile>N</FlexPKGProfile>",Y,1900-01-01,Wilson_N,2025-05-14 00:00:00.000,Davies_Ja,2025-05-14 17:57:36.450,2025-05-15 06:44:55.347,2025-07-25 04:41:47.517,2025-05-15 06:44:55.347,0
16944,634685,"2026 Scottish Daytripper - 6 Days/ 5 Nights - Key to the World Travel - October 4, 2026",Pending,"2026 Scottish Daytripper - 6 Days/ 5 Nights - Key to the World Travel - October 4, 2026",2026-10-04,2026-10-04,2010-01-01,2026-12-31,SCH-GB-GDA,C,6,Y,N,AA/AAA,Y,N,,<Main><AirOffset>1</AirOffset><FromCity>NYC</FromCity><ToCity>EDI</ToCity><ReturnFromCity>EDI</ReturnFromCity><ReturnToCity>NYC</ReturnToCity><AirReturnOffset></AirReturnOffset></Main><AIWhoStamp>Biggins_Tr</AIWhoStamp><AIDateStamp>2022-09-06 17:16:49.000</AIDateStamp>,,,<Pre><First>Y</First></Pre>,<Post><Last>Y</Last></Post>,,GDA26,0,N,,10,,"<CarOver24Hrs>N</CarOver24Hrs><PrefCommMethod></PrefCommMethod><Destination>GLA,EDI</Destination><FlexPKGProfile>N</FlexPKGProfile>",Y,1900-01-01,Wilson_N,2025-05-14 00:00:00.000,Tancred_E,2025-05-19 15:44:36.180,2025-05-20 06:46:13.487,2025-07-25 04:41:47.517,2025-05-20 06:46:13.487,0
17299,634685,"2026 Scottish Daytripper - 6 Days/ 5 Nights - Key to the World Travel - October 4, 2026",Pending,"2026 Scottish Daytripper - 6 Days/ 5 Nights - Key to the World Travel - October 4, 2026",2026-10-04,2026-10-04,2010-01-01,2026-12-31,SCH-GB-GDA,C,6,Y,N,AA/AAA,Y,N,,<Main><AirOffset>1</AirOffset><FromCity>NYC</FromCity><ToCity>EDI</ToCity><ReturnFromCity>EDI</ReturnFromCity><ReturnToCity>NYC</ReturnToCity><AirReturnOffset></AirReturnOffset></Main><AIWhoStamp>Biggins_Tr</AIWhoStamp><AIDateStamp>2022-09-06 17:16:49.000</AIDateStamp>,,,<Pre><First>Y</First></Pre>,<Post><Last>Y</Last></Post>,,GDA26,0,N,,10,,"<CarOver24Hrs>N</CarOver24Hrs><PrefCommMethod></PrefCommMethod><Destination>GLA,EDI</Destination><FlexPKGProfile>N</FlexPKGProfile>",Y,1900-01-01,Wilson_N,2025-05-14 00:00:00.000,Lyons_S,2025-05-22 13:36:16.933,2025-05-23 06:31:23.863,2025-07-25 04:41:47.517,2025-05-23 06:31:23.863,0
17812,634685,"2026 Scottish Daytripper - 6 Days/ 5 Nights - Key to the World Travel - October 4, 2026",Active,"2026 Scottish Daytripper - 6 Days/ 5 Nights - Key to the World Travel - October 4, 2026",2026-10-04,2026-10-04,2010-01-01,2026-12-31,SCH-GB-GDA,C,6,Y,N,AA/AAA,Y,N,,<Main><AirOffset>1</AirOffset><FromCity>NYC</FromCity><ToCity>EDI</ToCity><ReturnFromCity>EDI</ReturnFromCity><ReturnToCity>NYC</ReturnToCity><AirReturnOffset></AirReturnOffset></Main><AIWhoStamp>Biggins_Tr</AIWhoStamp><AIDateStamp>2022-09-06 17:16:49.000</AIDateStamp>,,,<Pre><First>Y</First></Pre>,<Post><Last>Y</Last></Post>,,GDA26,0,N,,10,,"<CarOver24Hrs>N</CarOver24Hrs><PrefCommMethod></PrefCommMethod><Destination>GLA,EDI</Destination><FlexPKGProfile>N</FlexPKGProfile>",Y,1900-01-01,Wilson_N,2025-05-14 00:00:00.000,Wilson_N,2025-05-29 18:26:19.840,2025-05-30 06:58:40.317,2025-07-05 06:00:59.987,2025-05-30 06:58:40.317,0
16758,634708,SHADYSIDE TRAVEL,Internal,SHADYSIDE TRAVEL,2025-09-26,2025-09-26,2025-05-14,2025-09-26,GRP-IE-WH,C,9,Y,N,N,Y,N,,,,,,,,IE-634708,0,Y,"L:5|7AA-0AA/0A,7.5|9.5AA-0AA/0A,10|12AA-0AA/0A,12.5|14.5AA-0AA/0A,15|17AA-0AA/0A,17.5|19.5AA-0AA/0A,20|22AA-0AA/0A,22.5|24AA-0AA/0A,48X;A:5|7AA-0AA/0A,7.5|9.5AA-0AA/0A,10|12AA-0AA/0A,12.5|14.5AA-0AA/0A,15|17AA-0AA/0A,17.5|19.5AA-0AA/0A,20|22AA-0AA/0A,22.5|24AA-0AA/0A,48X",20,,<CarOver24Hrs>N</CarOver24Hrs><FlexPKGProfile>N</FlexPKGProfile>,Y,1900-01-01,Hager_W,2025-05-14 00:00:00.000,Hager_W,2025-05-14 21:40:05.217,2025-05-15 06:44:55.347,2025-07-25 04:41:47.517,2025-05-15 06:44:55.347,0
16827,634708,SHADYSIDE TRAVEL,Internal,SHADYSIDE TRAVEL,2025-09-26,2025-09-26,2025-05-14,2025-09-26,GRP-IE-WH,C,9,Y,N,N,Y,N,,,,,,,,IE-634708,0,Y,"L:5|7AA-0AA/0A,7.5|9.5AA-0AA/0A,10|12AA-0AA/0A,12.5|14.5AA-0AA/0A,15|17AA-0AA/0A,17.5|19.5AA-0AA/0A,20|22AA-0AA/0A,22.5|24AA-0AA/0A,48X;A:5|7AA-0AA/0A,7.5|9.5AA-0AA/0A,10|12AA-0AA/0A,12.5|14.5AA-0AA/0A,15|17AA-0AA/0A,17.5|19.5AA-0AA/0A,20|22AA-0AA/0A,22.5|24AA-0AA/0A,48X",20,,<CarOver24Hrs>N</CarOver24Hrs><FlexPKGProfile>N</FlexPKGProfile>,Y,1900-01-01,Hager_W,2025-05-14 00:00:00.000,Lavery_R,2025-05-15 15:53:29.243,2025-05-16 06:42:01.470,2025-07-25 04:41:47.517,2025-05-16 06:42:01.470,0
17059,634708,SHADYSIDE TRAVEL,Internal,SHADYSIDE TRAVEL,2025-09-26,2025-09-26,2025-05-14,2025-05-20,GRP-IE-WH,C,9,Y,N,AA,Y,N,,,,,,,,IE-634708,0,Y,"L:10|12AA-0AA/0A,12.5|14.5AA-0AA/0A,15|17AA-0AA/0A,17.5|19.5AA-0AA/0A,20|22AA-0AA/0A,22.5|24AA-0AA/0A,48X;A:10|12AA-0AA/0A,12.5|14.5AA-0AA/0A,15|17AA-0AA/0A,17.5|19.5AA-0AA/0A,20|22AA-0AA/0A,22.5|24AA-0AA/0A,48X",20,,<CarOver24Hrs>N</CarOver24Hrs><FlexPKGProfile>N</FlexPKGProfile>,Y,1900-01-01,Hager_W,2025-05-14 00:00:00.000,Mahoney_he,2025-05-20 17:55:59.213,2025-05-21 06:42:32.540,2025-07-25 04:41:47.517,2025-05-21 06:42:32.540,0
17126,634708,SHADYSIDE TRAVEL,Internal,SHADYSIDE TRAVEL,2025-09-26,2025-09-26,2025-05-14,2025-05-20,GRP-IE-WH,C,9,Y,N,AA,Y,N,,,,,,,,IE-634708,0,Y,"L:10|12AA-0AA/0A,12.5|14.5AA-0AA/0A,15|17AA-0AA/0A,17.5|19.5AA-0AA/0A,20|22AA-0AA/0A,22.5|24AA-0AA/0A,48X;A:10|12AA-0AA/0A,12.5|14.5AA-0AA/0A,15|17AA-0AA/0A,17.5|19.5AA-0AA/0A,20|22AA-0AA/0A,22.5|24AA-0AA/0A,48X",20,,<CarOver24Hrs>N</CarOver24Hrs><FlexPKGProfile>N</FlexPKGProfile>,Y,1900-01-01,Hager_W,2025-05-14 00:00:00.000,Lavery_R,2025-05-21 10:16:22.237,2025-05-22 06:56:39.240,2025-07-25 04:41:47.517,2025-05-22 06:56:39.240,0
17300,634708,SHADYSIDE TRAVEL,Internal,SHADYSIDE TRAVEL,2025-09-26,2025-09-26,2025-05-14,2025-05-20,GRP-IE-WH,C,9,Y,N,AA,Y,N,,,,,,,,IE-634708,0,Y,"L:10|12AA-0AA/0A,12.5|14.5AA-0AA/0A,15|17AA-0AA/0A,17.5|19.5AA-0AA/0A,20|22AA-0AA/0A,22.5|24AA-0AA/0A,48X;A:10|12AA-0AA/0A,12.5|14.5AA-0AA/0A,15|17AA-0AA/0A,17.5|19.5AA-0AA/0A,20|22AA-0AA/0A,22.5|24AA-0AA/0A,48X",20,,<CarOver24Hrs>N</CarOver24Hrs><FlexPKGProfile>N</FlexPKGProfile>,Y,1900-01-01,Hager_W,2025-05-14 00:00:00.000,Larkin_B,2025-05-22 16:18:22.780,2025-05-23 06:31:23.863,2025-07-25 04:41:47.517,2025-05-23 06:31:23.863,0
17366,634708,SHADYSIDE TRAVEL,Active,SHADYSIDE TRAVEL,2025-09-26,2025-09-26,2025-05-14,2025-05-20,GRP-IE-WH,C,9,Y,N,AA,Y,N,,,,,,,,IE-634708,0,Y,"L:10|12AA-0AA/0A,12.5|14.5AA-0AA/0A,15|17AA-0AA/0A,17.5|19.5AA-0AA/0A,20|22AA-0AA/0A,22.5|24AA-0AA/0A,48X;A:10|12AA-0AA/0A,12.5|14.5AA-0AA/0A,15|17AA-0AA/0A,17.5|19.5AA-0AA/0A,20|22AA-0AA/0A,22.5|24AA-0AA/0A,48X",20,,<CarOver24Hrs>N</CarOver24Hrs><FlexPKGProfile>N</FlexPKGProfile>,Y,1900-01-01,Hager_W,2025-05-14 00:00:00.000,Mahoney_he,2025-05-23 21:26:24.223,2025-05-24 06:26:39.947,2025-07-25 04:41:47.517,2025-05-24 06:26:39.947,0
17662,634708,SHADYSIDE TRAVEL,Active,SHADYSIDE TRAVEL,2025-09-26,2025-09-26,2025-05-14,2025-05-28,GRP-IE-WH,C,9,Y,N,AA,Y,N,,,,,,,,IE-634708,0,Y,"L:10|12AA-0AA/0A,12.5|14.5AA-0AA/0A,15|17AA-0AA/0A,17.5|19.5AA-0AA/0A,20|22AA-0AA/0A,22.5|24AA-0AA/0A,48X;A:10|12AA-0AA/0A,12.5|14.5AA-0AA/0A,15|17AA-0AA/0A,17.5|19.5AA-0AA/0A,20|22AA-0AA/0A,22.5|24AA-0AA/0A,48X",35,,<CarOver24Hrs>N</CarOver24Hrs><FlexPKGProfile>N</FlexPKGProfile>,Y,1900-01-01,Hager_W,2025-05-14 00:00:00.000,Smith_K,2025-05-28 20:07:32.947,2025-05-29 07:08:00.567,2025-07-25 04:41:47.517,2025-05-29 07:08:00.567,0
16835,634765,Alice Travel,Pending,Alice Travel,2026-09-25,2026-09-25,2025-05-15,2026-09-25,GRP-IE-KS-1,C,9,Y,N,AA,Y,N,,,,,,,,IE-634765,0,Y,"L:5|7AA-0AA/0A,7.5|9.5AA-0AA/0A,10|12AA-0AA/0A,12.5|14.5AA-0AA/0A,15|17AA-0AA/0A,17.5|19.5AA-0AA/0A,20|22AA-0AA/0A,22.5|24AA-0AA/0A,48X;A:5|7AA-0AA/0A,7.5|9.5AA-0AA/0A,10|12AA-0AA/0A,12.5|14.5AA-0AA/0A,15|17AA-0AA/0A,17.5|19.5AA-0AA/0A,20|22AA-0AA/0A,22.5|24AA-0AA/0A,48X",20,,<CarOver24Hrs>N</CarOver24Hrs><FlexPKGProfile>N</FlexPKGProfile>,N,1900-01-01,Smith_K,2025-05-15 00:00:00.000,Smith_K,2025-05-15 17:08:10.580,2025-05-16 06:42:01.470,2025-08-12 05:13:27.650,2025-05-16 06:42:01.470,0
16836,634766,"2026 Taste of Scotland & Ireland - 11 Days/10 Nights - Dream Vacations - August 9, 2026",Pending,"2026 Taste of Scotland & Ireland - 11 Days/10 Nights - Dream Vacations - August 9, 2026",2026-08-09,2026-08-09,2010-01-01,2026-12-31,SCH-GB-SCA,C,11,Y,N,AA/AAA,Y,N,,<Main><AirOffset>1</AirOffset><FromCity>NYC</FromCity><ToCity>EDI</ToCity><ReturnFromCity>DUB</ReturnFromCity><ReturnToCity>NYC</ReturnToCity><AirReturnOffset></AirReturnOffset></Main><AIWhoStamp>Biggins_Tr</AIWhoStamp><AIDateStamp>2022-09-06 17:09:55.000</AIDateStamp>,,,<Pre><Service><ProductCode>UKPRENIGHTS</ProductCode><SupplierID>GB-GLA-GTH</SupplierID><ServiceID>STD-SBB</ServiceID></Service></Pre>,<Post><Last>Y</Last></Post>,,SCA26,0,N,,19,,"<CarOver24Hrs>N</CarOver24Hrs><PrefCommMethod></PrefCommMethod><Destination>GLA,NAI,EDI,KER,DUB,LIM</Destination><FlexPKGProfile>N</FlexPKGProfile>",Y,1900-01-01,doig_l,2025-05-15 00:00:00.000,Davies_Ja,2025-05-15 17:16:58.763,2025-05-16 06:42:01.470,2025-07-25 04:41:47.517,2025-05-16 06:42:01.470,0
16945,634766,"2026 Taste of Scotland & Ireland - 11 Days/10 Nights - Dream Vacations - August 9, 2026",Internal,"2026 Taste of Scotland & Ireland - 11 Days/10 Nights - Dream Vacations - August 9, 2026",2026-08-09,2026-08-09,2010-01-01,2026-12-31,SCH-GB-SCA,C,11,Y,N,AA/AAA,Y,N,,<Main><AirOffset>1</AirOffset><FromCity>NYC</FromCity><ToCity>EDI</ToCity><ReturnFromCity>DUB</ReturnFromCity><ReturnToCity>NYC</ReturnToCity><AirReturnOffset></AirReturnOffset></Main><AIWhoStamp>Biggins_Tr</AIWhoStamp><AIDateStamp>2022-09-06 17:09:55.000</AIDateStamp>,,,<Pre><Service><ProductCode>UKPRENIGHTS</ProductCode><SupplierID>GB-GLA-GTH</SupplierID><ServiceID>STD-SBB</ServiceID></Service></Pre>,<Post><Last>Y</Last></Post>,,SCA26,0,N,,16,,"<CarOver24Hrs>N</CarOver24Hrs><PrefCommMethod></PrefCommMethod><Destination>GLA,NAI,EDI,KER,DUB,LIM</Destination><FlexPKGProfile>N</FlexPKGProfile>",Y,1900-01-01,doig_l,2025-05-15 00:00:00.000,Davies_Ja,2025-05-19 16:58:47.223,2025-05-20 06:46:13.487,2025-07-25 04:41:47.517,2025-05-20 06:46:13.487,0
17063,634766,"2026 Taste of Scotland & Ireland - 11 Days/10 Nights - Dream Vacations - August 9, 2026",Internal,"2026 Taste of Scotland & Ireland - 11 Days/10 Nights - Dream Vacations - August 9, 2026",2026-08-09,2026-08-09,2010-01-01,2026-12-31,SCH-GB-SCA,C,11,Y,N,AA/AAA,Y,N,,<Main><AirOffset>1</AirOffset><FromCity>NYC</FromCity><ToCity>EDI</ToCity><ReturnFromCity>DUB</ReturnFromCity><ReturnToCity>NYC</ReturnToCity><AirReturnOffset></AirReturnOffset></Main><AIWhoStamp>Biggins_Tr</AIWhoStamp><AIDateStamp>2022-09-06 17:09:55.000</AIDateStamp>,,,<Pre><Service><ProductCode>UKPRENIGHTS</ProductCode><SupplierID>GB-GLA-GTH</SupplierID><ServiceID>STD-SBB</ServiceID></Service></Pre>,<Post><Last>Y</Last></Post>,,SCA26,0,N,,16,,"<CarOver24Hrs>N</CarOver24Hrs><PrefCommMethod></PrefCommMethod><Destination>GLA,NAI,EDI,KER,DUB,LIM</Destination><FlexPKGProfile>N</FlexPKGProfile>",Y,1900-01-01,doig_l,2025-05-15 00:00:00.000,Stynes_A,2025-05-20 11:44:42.080,2025-05-21 06:42:32.540,2025-07-25 04:41:47.517,2025-05-21 06:42:32.540,0
17129,634766,"2026 Taste of Scotland & Ireland- 11 Days/10 Nights- Dream Vacations- August 9, 2026",Internal,"2026 Taste of Scotland & Ireland- 11 Days/10 Nights- Dream Vacations- August 9, 2026",2026-08-09,2026-08-09,2010-01-01,2026-12-31,SCH-GB-SCA,C,11,Y,N,AA/AAA,Y,N,,<Main><AirOffset>1</AirOffset><FromCity>NYC</FromCity><ToCity>EDI</ToCity><ReturnFromCity>DUB</ReturnFromCity><ReturnToCity>NYC</ReturnToCity><AirReturnOffset></AirReturnOffset></Main><AIWhoStamp>Biggins_Tr</AIWhoStamp><AIDateStamp>2022-09-06 17:09:55.000</AIDateStamp>,,,<Pre><Service><ProductCode>UKPRENIGHTS</ProductCode><SupplierID>GB-GLA-GTH</SupplierID><ServiceID>STD-SBB</ServiceID></Service></Pre>,<Post><Last>Y</Last></Post>,,SCA26,0,N,,16,,"<CarOver24Hrs>N</CarOver24Hrs><PrefCommMethod></PrefCommMethod><Destination>GLA,NAI,EDI,KER,DUB,LIM</Destination><FlexPKGProfile>N</FlexPKGProfile>",Y,1900-01-01,doig_l,2025-05-15 00:00:00.000,doig_l,2025-05-21 21:58:03.650,2025-05-22 06:56:39.240,2025-07-25 04:41:47.517,2025-05-22 06:56:39.240,0
17304,634766,"2026 Taste of Scotland & Ireland- 11 Days/10 Nights- Dream Vacations- August 9, 2026",Active,"2026 Taste of Scotland & Ireland- 11 Days/10 Nights- Dream Vacations- August 9, 2026",2026-08-09,2026-08-09,2010-01-01,2026-12-31,SCH-GB-SCA,C,11,Y,N,AA/AAA,Y,N,,<Main><AirOffset>1</AirOffset><FromCity>NYC</FromCity><ToCity>EDI</ToCity><ReturnFromCity>DUB</ReturnFromCity><ReturnToCity>NYC</ReturnToCity><AirReturnOffset></AirReturnOffset></Main><AIWhoStamp>Biggins_Tr</AIWhoStamp><AIDateStamp>2022-09-06 17:09:55.000</AIDateStamp>,,,<Pre><Service><ProductCode>UKPRENIGHTS</ProductCode><SupplierID>GB-GLA-GTH</SupplierID><ServiceID>STD-SBB</ServiceID></Service></Pre>,<Post><Last>Y</Last></Post>,,SCA26,0,N,,16,,"<CarOver24Hrs>N</CarOver24Hrs><PrefCommMethod></PrefCommMethod><Destination>GLA,NAI,EDI,KER,DUB,LIM</Destination><FlexPKGProfile>N</FlexPKGProfile>",Y,1900-01-01,doig_l,2025-05-15 00:00:00.000,doig_l,2025-05-22 15:31:24.190,2025-05-23 06:31:23.863,2025-06-19 06:19:11.827,2025-05-23 06:31:23.863,0
14711,IE-ODA-25-12D,2025 Irish Odyssey - 12 Days/11 Nights,Active,2025 Irish Odyssey - 12 Days/11 Nights,2025-01-01,2025-12-31,2010-01-01,2025-12-31,SCH-IE-ODA,T,12,Y,N,N,Y,Y,,<Main><AirOffset>1</AirOffset><FromCity>NYC</FromCity><ToCity>DUB</ToCity><ReturnFromCity>DUB</ReturnFromCity><ReturnToCity>NYC</ReturnToCity></Main>,,,<Pre><First>Y</First></Pre>,<Post><Service><ProductCode>IEPRENIGHTS</ProductCode><SupplierID>IE-CAV-CCA</SupplierID><ServiceID>STD-SBB</ServiceID></Service></Post>,,ODA25,0,N,"L:18|18AA-0AA/0A,36X;A:18|18AA-0AA/0A,36X",36,,"<CarOver24Hrs>N</CarOver24Hrs><PrefCommMethod></PrefCommMethod><Destination>DER,BEL,COR,CAV,KER,GAL,DUB</Destination>",Y,1900-01-01,SoftripA,2023-08-11 00:00:00.000,Lyons_S,2025-01-09 11:47:22.860,2023-08-11 00:00:00.000,9999-12-31 00:00:00.000,2025-04-08 08:40:08.187,1
14712,IE-ODA-25-12D-C-IND,2025 Irish Odyssey Self-Drive - 12 Days/11 Nights,Active,2025 Irish Odyssey Self-Drive - 12 Days/11 Nights,2025-01-01,2025-12-31,2010-01-01,2025-12-31,SCH-IE-ODA,T,12,Y,N,N,Y,Y,,<Main><AirOffset>1</AirOffset><FromCity>NYC</FromCity><ToCity>DUB</ToCity><ReturnFromCity>DUB</ReturnFromCity><ReturnToCity>NYC</ReturnToCity></Main>,,,,,"<Option><ProductCode>TRANSPORT-DUBSCR-DUBAP</ProductCode><ProductType>L</ProductType><OnDay>3</OnDay><SellMethod>CALL,WEB</SellMethod></Option>",ODA25,0,N,,36,,"<CarOver24Hrs>N</CarOver24Hrs><FlexPKGProfile>N</FlexPKGProfile><PrefCommMethod></PrefCommMethod><Destination>DER,BEL,COR,CAV,KER,GAL,DUB</Destination>",Y,1900-01-01,SoftripA,2023-08-11 00:00:00.000,Lyons_S,2025-01-09 11:47:22.920,2023-08-11 00:00:00.000,9999-12-31 00:00:00.000,2025-04-08 08:40:08.187,1
14713,IE-ODA-26-12D,2026 Irish Odyssey - 12 Days/11 Nights,Active,2026 Irish Odyssey - 12 Days/11 Nights,2026-01-01,2026-12-31,2010-01-01,2026-12-31,SCH-IE-ODA,T,12,Y,N,N,Y,Y,,<Main><AirOffset>1</AirOffset><FromCity>NYC</FromCity><ToCity>DUB</ToCity><ReturnFromCity>DUB</ReturnFromCity><ReturnToCity>NYC</ReturnToCity></Main>,,,<Pre><First>Y</First></Pre>,<Post><Service><ProductCode>IEPRENIGHTS</ProductCode><SupplierID>IE-CAV-CCA</SupplierID><ServiceID>STD-SBB</ServiceID></Service></Post>,,ODA26,0,N,"L:18|18AA-0AA/0A,36X;A:18|18AA-0AA/0A,36X",36,,"<CarOver24Hrs>N</CarOver24Hrs><PrefCommMethod></PrefCommMethod><Destination>DER,BEL,COR,CAV,KER,GAL,DUB</Destination>",N,1900-01-01,SoftripA,2024-08-23 16:56:58.230,Douglas_P,2025-03-26 11:43:36.733,2024-08-23 16:56:58.230,2025-07-25 04:41:47.517,2025-04-08 08:40:08.187,0
16846,IE-ODA-26-12D,2026 Irish Odyssey - 12 Days/11 Nights,Active,2026 Irish Odyssey - 12 Days/11 Nights,2026-01-01,2026-12-31,2010-01-01,2026-12-31,SCH-IE-ODA,T,12,Y,N,N,Y,Y,,<Main><AirOffset>1</AirOffset><FromCity>NYC</FromCity><ToCity>DUB</ToCity><ReturnFromCity>DUB</ReturnFromCity><ReturnToCity>NYC</ReturnToCity></Main>,,,<Pre><First>Y</First></Pre>,<Post><Service><ProductCode>IEPRENIGHTS</ProductCode><SupplierID>IE-CAV-CCA</SupplierID><ServiceID>STD-SBB</ServiceID></Service></Post>,,ODA26,0,N,"L:18|18AA-0AA/0A,36X;A:18|18AA-0AA/0A,36X",36,,"<CarOver24Hrs>N</CarOver24Hrs><PrefCommMethod></PrefCommMethod><Destination>DER,BEL,COR,CAV,KER,GAL,DUB</Destination>",N,1900-01-01,SoftripA,2024-08-23 16:56:58.230,Stynes_A,2025-05-15 15:11:56.387,2025-05-16 06:42:01.470,2025-07-25 04:41:47.517,2025-05-16 06:42:01.470,0
14714,IE-ODA-26-12D-C-IND,2026 Irish Odyssey Self-Drive - 12 Days/11 Nights,Loading,2026 Irish Odyssey Self-Drive - 12 Days/11 Nights,2026-01-01,2026-12-31,2010-01-01,2026-12-31,SCH-IE-ODA,T,12,Y,N,N,Y,Y,,<Main><AirOffset>1</AirOffset><FromCity>NYC</FromCity><ToCity>DUB</ToCity><ReturnFromCity>DUB</ReturnFromCity><ReturnToCity>NYC</ReturnToCity></Main>,,,,,"<Option><ProductCode>TRANSPORT-DUBSCR-DUBAP</ProductCode><ProductType>L</ProductType><OnDay>3</OnDay><SellMethod>CALL,WEB</SellMethod></Option>",ODA26,0,N,,36,,"<CarOver24Hrs>N</CarOver24Hrs><FlexPKGProfile>N</FlexPKGProfile><PrefCommMethod></PrefCommMethod><Destination>DER,BEL,COR,CAV,KER,GAL,DUB</Destination>",N,1900-01-01,SoftripA,2024-08-23 16:56:58.230,Lyons_S,2025-03-19 17:57:45.457,2024-08-23 16:56:58.230,2025-07-25 04:41:47.517,2025-04-08 08:40:08.187,0
15941,IE-ODA-26-12D-C-IND,2026 Irish Odyssey Self-Drive - 12 Days/11 Nights,Loading,2026 Irish Odyssey Self-Drive - 12 Days/11 Nights,2026-01-01,2026-12-31,2010-01-01,2026-12-31,SCH-IE-ODA,T,12,Y,N,N,Y,Y,,<Main><AirOffset>1</AirOffset><FromCity>NYC</FromCity><ToCity>DUB</ToCity><ReturnFromCity>DUB</ReturnFromCity><ReturnToCity>NYC</ReturnToCity></Main>,,,,,"<Option><ProductCode>TRANSPORT-DUBSCR-DUBAP</ProductCode><ProductType>L</ProductType><OnDay>3</OnDay><SellMethod>CALL,WEB</SellMethod></Option>",ODA26,0,N,,36,,"<CarOver24Hrs>N</CarOver24Hrs><FlexPKGProfile>N</FlexPKGProfile><PrefCommMethod></PrefCommMethod><Destination>DER,BEL,COR,CAV,KER,GAL,DUB</Destination>",N,1900-01-01,SoftripA,2024-08-23 16:56:58.230,Douglas_P,2025-04-17 09:39:39.013,2025-04-28 19:00:19.260,2025-07-25 04:41:47.517,2025-04-28 19:00:19.260,0
16847,IE-ODA-26-12D-C-IND,2026 Irish Odyssey Self-Drive - 12 Days/11 Nights,Loading,2026 Irish Odyssey Self-Drive - 12 Days/11 Nights,2026-01-01,2026-12-31,2010-01-01,2026-12-31,SCH-IE-ODA,T,12,Y,N,N,Y,Y,,<Main><AirOffset>1</AirOffset><FromCity>NYC</FromCity><ToCity>DUB</ToCity><ReturnFromCity>DUB</ReturnFromCity><ReturnToCity>NYC</ReturnToCity></Main>,,,,,"<Option><ProductCode>TRANSPORT-DUBSCR-DUBAP</ProductCode><ProductType>L</ProductType><OnDay>3</OnDay><SellMethod>CALL,WEB</SellMethod></Option>",ODA26,0,N,,36,,"<CarOver24Hrs>N</CarOver24Hrs><FlexPKGProfile>N</FlexPKGProfile><PrefCommMethod></PrefCommMethod><Destination>DER,BEL,COR,CAV,KER,GAL,DUB</Destination>",N,1900-01-01,SoftripA,2024-08-23 16:56:58.230,Stynes_A,2025-05-15 15:11:56.387,2025-05-16 06:42:01.470,2025-07-25 04:41:47.517,2025-05-16 06:42:01.470,0
17620,IE-ODA-26-12D-C-IND,2026 Irish Odyssey Self-Drive - 12 Days/11 Nights,Loading,2026 Irish Odyssey Self-Drive - 12 Days/11 Nights,2026-01-01,2026-12-31,2010-01-01,2026-12-31,SCH-IE-ODA,T,12,Y,N,N,Y,Y,,<Main><AirOffset>1</AirOffset><FromCity>NYC</FromCity><ToCity>DUB</ToCity><ReturnFromCity>DUB</ReturnFromCity><ReturnToCity>NYC</ReturnToCity></Main>,,,,,"<Option><ProductCode>TRANSPORT-DUBSCR-DUBAP</ProductCode><ProductType>L</ProductType><OnDay>3</OnDay><SellMethod>CALL,WEB</SellMethod></Option>",ODA26,0,N,,36,,"<CarOver24Hrs>N</CarOver24Hrs><FlexPKGProfile>N</FlexPKGProfile><PrefCommMethod></PrefCommMethod><Destination>DER,BEL,COR,CAV,KER,GAL,DUB</Destination>",N,1900-01-01,SoftripA,2024-08-23 16:56:58.230,Lyons_S,2025-05-27 17:35:00.903,2025-05-28 07:01:18.080,2025-07-25 04:41:47.517,2025-05-28 07:01:18.080,0
17086,IE-PUA-26-9D,2026 The Irish Pub Tour - 9 Days/8 Nights,Active,2026 The Irish Pub Tour - 9 Days/8 Nights,2026-01-01,2026-12-31,2010-01-01,2026-12-31,SCH-IE-PUA,T,9,Y,N,N,Y,Y,,<Main><AirOffset>1</AirOffset><FromCity>NYC</FromCity><ToCity>DUB</ToCity><ReturnFromCity>DUB</ReturnFromCity><ReturnToCity>NYC</ReturnToCity></Main>,,,<Pre><First>Y</First></Pre>,<Post><Last>Y</Last></Post>,,PUA26,0,N,"L:9|18AA-0AA/0A,36X;A:9|18AA-0AA/0A,36X",36,,"<CarOver24Hrs>N</CarOver24Hrs><PrefCommMethod></PrefCommMethod><Destination>KER,KIK,DUB,GAL,WES</Destination>",Y,1900-01-01,SoftripA,2024-08-23 16:56:58.230,Stynes_A,2025-05-20 11:40:03.467,2025-05-21 06:42:32.540,2025-05-28 07:00:44.447,2025-05-21 06:42:32.540,0
17622,IE-PUA-26-9D,2026 The Irish Pub Tour - 9 Days/8 Nights,Active,2026 The Irish Pub Tour - 9 Days/8 Nights,2026-01-01,2026-12-31,2010-01-01,2026-12-31,SCH-IE-PUA,T,9,Y,N,N,Y,Y,,<Main><AirOffset>1</AirOffset><FromCity>NYC</FromCity><ToCity>DUB</ToCity><ReturnFromCity>DUB</ReturnFromCity><ReturnToCity>NYC</ReturnToCity></Main>,,,<Pre><First>Y</First></Pre>,<Post><Last>Y</Last></Post>,,PUA26,0,N,"L:9|18AA-0AA/0A,36X;A:9|18AA-0AA/0A,36X",36,,"<CarOver24Hrs>N</CarOver24Hrs><PrefCommMethod></PrefCommMethod><Destination>KER,KIK,DUB,GAL,WES</Destination>",Y,1900-01-01,SoftripA,2024-08-23 16:56:58.230,Douglas_P,2025-05-27 15:55:08.983,2025-05-28 07:01:18.080,2025-06-08 05:25:39.740,2025-05-28 07:01:18.080,0
14750,IE-PUX-20-8D,2020 The Irish Pub Tour- 8 Days/7 Nights (Exclusive Coaches),Loading,2020 The Irish Pub Tour- 8 Days/7 Nights (Exclusive Coaches),2020-01-01,2020-12-31,2018-01-01,2020-12-31,SCH-IE-PUX,T,8,Y,N,N,Y,Y,,<Main><AirOffset>1</AirOffset><FromCity>NYC</FromCity><ToCity>DUB</ToCity><ReturnFromCity>DUB</ReturnFromCity><ReturnToCity>NYC</ReturnToCity></Main>,,,<First>Y</First>,,,PUX20,0,N,"L:18|18AA-0AA/0A,36X;A:18|18AA-0AA/0A,36X",36,,<CarOver24Hrs>N</CarOver24Hrs><FlexPKGProfile>N</FlexPKGProfile>,N,1900-01-01,Biggins_Tr,2020-02-12 00:00:00.000,McInerney_M,2020-09-08 21:04:27.800,2020-02-12 00:00:00.000,9999-12-31 00:00:00.000,2025-04-08 08:40:08.187,1
14751,IE-PUX-24-8D,2024 The Irish Pub Tour- 8 Days/7 Nights,Loading,2024 The Irish Pub Tour- 8 Days/7 Nights,2024-01-01,2024-12-31,2010-01-01,2024-12-31,SCH-IE-PUX,T,8,Y,N,N,Y,Y,,<Main><AirOffset>1</AirOffset><FromCity>NYC</FromCity><ToCity>DUB</ToCity><ReturnFromCity>DUB</ReturnFromCity><ReturnToCity>NYC</ReturnToCity></Main>,,,<Pre><First>Y</First></Pre>,,,PUX24,0,N,"L:9|18AA-0AA/0A,36X;A:9|18AA-0AA/0A,36X",36,,<CarOver24Hrs>N</CarOver24Hrs><FlexPKGProfile>N</FlexPKGProfile>,N,1900-01-01,Lyons_S,2024-02-22 00:00:00.000,Lyons_S,2024-02-22 17:42:22.940,2024-02-22 00:00:00.000,9999-12-31 00:00:00.000,2025-04-08 08:40:08.187,1
14752,IE-PUZ-21-8D,2021 The Irish Pub Tour- 8 Days/7 Nights Ref:901,Internal,2021 The Irish Pub Tour- 8 Days/7 Nights Ref:901,2021-01-01,2021-12-31,2019-01-01,2021-12-31,SCH-IE-PUZ,T,8,Y,N,N,Y,Y,,<Main><AirOffset>1</AirOffset><FromCity>NYC</FromCity><ToCity>DUB</ToCity><ReturnFromCity>DUB</ReturnFromCity><ReturnToCity>NYC</ReturnToCity></Main>,,,<First>Y</First>,,,PUZ21,0,N,"L:9|18AA-0AA/0A,36X;A:9|18AA-0AA/0A,36X",36,,<CarOver24Hrs>N</CarOver24Hrs><FlexPKGProfile>N</FlexPKGProfile>,Y,1900-01-01,Mahnken_J,2020-10-27 00:00:00.000,Markle_M,2020-12-17 17:16:44.340,2020-10-27 00:00:00.000,9999-12-31 00:00:00.000,2025-04-08 08:40:08.187,1
14753,IE-PUZ-21-9D,2021 The Irish Pub Tour - 9 Days/8 Nights Ref:201,Internal,2021 The Irish Pub Tour - 9 Days/8 Nights Ref:201,2021-01-01,2021-12-31,2019-01-01,2021-12-31,SCH-IE-PUZ,T,9,Y,N,N,Y,Y,,<Main><AirOffset>1</AirOffset><FromCity>NYC</FromCity><ToCity>DUB</ToCity><ReturnFromCity>DUB</ReturnFromCity><ReturnToCity>NYC</ReturnToCity></Main>,,,<First>Y</First>,,,PUZ21,0,N,"L:9|18AA-0AA/0A,36X;A:9|18AA-0AA/0A,36X",36,,<CarOver24Hrs>N</CarOver24Hrs><FlexPKGProfile>N</FlexPKGProfile>,Y,1900-01-01,Mahnken_J,2020-10-27 00:00:00.000,Markle_M,2020-12-17 17:19:37.457,2020-10-27 00:00:00.000,9999-12-31 00:00:00.000,2025-04-08 08:40:08.187,1
14754,IE-PUZ-22-8D,2022 The Irish Pub Tour- 8 Days/7 Nights Ref:901,Internal,2022 The Irish Pub Tour- 8 Days/7 Nights Ref:901,2022-01-01,2022-12-31,2020-01-01,2022-12-31,SCH-IE-PUZ,T,8,Y,N,N,Y,Y,,<Main><AirOffset>1</AirOffset><FromCity>NYC</FromCity><ToCity>DUB</ToCity><ReturnFromCity>DUB</ReturnFromCity><ReturnToCity>NYC</ReturnToCity></Main>,,,<First>Y</First>,,,PUZ22,0,N,"L:9|18AA-0AA/0A,36X;A:9|18AA-0AA/0A,36X",36,,<CarOver24Hrs>N</CarOver24Hrs><FlexPKGProfile>N</FlexPKGProfile>,Y,1900-01-01,Lyons_S,2021-06-14 00:00:00.000,Biggins_Tr,2022-02-08 18:31:23.443,2021-06-14 00:00:00.000,9999-12-31 00:00:00.000,2025-04-08 08:40:08.187,1
12861,617368,2026 Taste of Italy with Sorrento - 10 Days/9 Nights - AAA Northeast - September,Multi-Pending,2026 Taste of Italy with Sorrento - 10 Days/9 Nights - AAA Northeast - September,2026-09-13,2026-09-13,2010-01-01,2026-12-31,SCH-IT-ITT,C,10,Y,N,AA/AAA,Y,N,,<Main><AirOffset>1</AirOffset><FromCity>NYC</FromCity><ToCity>VCE</ToCity><ReturnFromCity>NAP</ReturnFromCity><ReturnToCity>NYC</ReturnToCity><AirReturnOffset></AirReturnOffset></Main><AIWhoStamp>McInerney_M</AIWhoStamp><AIDateStamp>2019-06-21 09:20:08.000</AIDateStamp>,,,<Pre><First>Y</First></Pre>,<Post><Last>Y</Last></Post>,,ITT26,0,N,,10,,"<CarOver24Hrs>N</CarOver24Hrs><PrefCommMethod></PrefCommMethod><Destination>ROM,RRO,VCE,FLR</Destination><FlexPKGProfile>N</FlexPKGProfile>",Y,1900-01-01,doig_l,2024-10-08 00:00:00.000,Zanchetta_I,2025-04-07 10:20:12.973,2024-10-08 00:00:00.000,2025-06-04 07:10:59.440,2025-04-08 08:40:08.187,0
15514,617368,2026 Taste of Italy with Sorrento - 10 Days/9 Nights - AAA Northeast - September,Multi-Pending,2026 Taste of Italy with Sorrento - 10 Days/9 Nights - AAA Northeast - September,2026-09-13,2026-09-13,2010-01-01,2026-12-31,SCH-IT-ITT,C,10,Y,N,AA/AAA,Y,N,,<Main><AirOffset>1</AirOffset><FromCity>NYC</FromCity><ToCity>VCE</ToCity><ReturnFromCity>NAP</ReturnFromCity><ReturnToCity>NYC</ReturnToCity><AirReturnOffset></AirReturnOffset></Main><AIWhoStamp>McInerney_M</AIWhoStamp><AIDateStamp>2019-06-21 09:20:08.000</AIDateStamp>,,,<Pre><First>Y</First></Pre>,<Post><Last>Y</Last></Post>,,ITT26,0,N,,10,,"<CarOver24Hrs>N</CarOver24Hrs><PrefCommMethod></PrefCommMethod><Destination>ROM,RRO,VCE,FLR</Destination><FlexPKGProfile>N</FlexPKGProfile>",Y,1900-01-01,doig_l,2024-10-08 00:00:00.000,Tancred_E,2025-04-16 15:40:34.247,2025-04-17 05:07:41.510,2025-06-04 07:10:59.440,2025-04-17 05:07:41.510,0
15688,617368,2026 Taste of Italy with Sorrento - 10 Days/9 Nights - AAA Northeast - September,Multi-Pending,2026 Taste of Italy with Sorrento - 10 Days/9 Nights - AAA Northeast - September,2026-09-13,2026-09-13,2010-01-01,2026-12-31,SCH-IT-ITT,C,10,Y,N,AA/AAA,Y,N,,<Main><AirOffset>1</AirOffset><FromCity>NYC</FromCity><ToCity>VCE</ToCity><ReturnFromCity>NAP</ReturnFromCity><ReturnToCity>NYC</ReturnToCity><AirReturnOffset></AirReturnOffset></Main><AIWhoStamp>McInerney_M</AIWhoStamp><AIDateStamp>2019-06-21 09:20:08.000</AIDateStamp>,,,<Pre><First>Y</First></Pre>,<Post><Last>Y</Last></Post>,,ITT26,0,N,,10,,"<CarOver24Hrs>N</CarOver24Hrs><PrefCommMethod></PrefCommMethod><Destination>ROM,RRO,VCE,FLR</Destination><FlexPKGProfile>N</FlexPKGProfile>",Y,1900-01-01,doig_l,2024-10-08 00:00:00.000,edwards_ki,2025-04-28 10:43:23.593,2025-04-28 19:00:19.260,2025-06-04 07:10:59.440,2025-04-28 19:00:19.260,0
16492,617368,2026 Taste of Italy with Sorrento - 10 Days/9 Nights - AAA Northeast - September,Multi-Pending,2026 Taste of Italy with Sorrento - 10 Days/9 Nights - AAA Northeast - September,2026-09-13,2026-09-13,2010-01-01,2026-12-31,SCH-IT-ITT,C,10,Y,N,AA/AAA,Y,N,,<Main><AirOffset>1</AirOffset><FromCity>NYC</FromCity><ToCity>VCE</ToCity><ReturnFromCity>NAP</ReturnFromCity><ReturnToCity>NYC</ReturnToCity><AirReturnOffset></AirReturnOffset></Main><AIWhoStamp>McInerney_M</AIWhoStamp><AIDateStamp>2019-06-21 09:20:08.000</AIDateStamp>,,,<Pre><First>Y</First></Pre>,<Post><Last>Y</Last></Post>,,ITT26,0,N,,10,,"<CarOver24Hrs>N</CarOver24Hrs><PrefCommMethod></PrefCommMethod><Destination>ROM,RRO,VCE,FLR</Destination><FlexPKGProfile>N</FlexPKGProfile>",Y,1900-01-01,doig_l,2024-10-08 00:00:00.000,Tancred_E,2025-05-09 16:18:37.533,2025-05-10 04:34:51.893,2025-06-04 07:10:59.440,2025-05-10 04:34:51.893,0
17717,617368,2026 Taste of Italy with Sorrento - 10 Days/9 Nights - AAA Northeast - September,Multi-Pending,2026 Taste of Italy with Sorrento - 10 Days/9 Nights - AAA Northeast - September,2026-09-13,2026-09-13,2010-01-01,2026-12-31,SCH-IT-ITT,C,10,Y,N,AA/AAA,Y,N,,<Main><AirOffset>1</AirOffset><FromCity>NYC</FromCity><ToCity>VCE</ToCity><ReturnFromCity>NAP</ReturnFromCity><ReturnToCity>NYC</ReturnToCity><AirReturnOffset></AirReturnOffset></Main><AIWhoStamp>McInerney_M</AIWhoStamp><AIDateStamp>2019-06-21 09:20:08.000</AIDateStamp>,,,<Pre><First>Y</First></Pre>,<Post><Last>Y</Last></Post>,,ITT26,0,N,,10,,"<CarOver24Hrs>N</CarOver24Hrs><PrefCommMethod></PrefCommMethod><Destination>ROM,RRO,VCE,FLR</Destination><FlexPKGProfile>N</FlexPKGProfile>",Y,1900-01-01,doig_l,2024-10-08 00:00:00.000,Lyons_S,2025-05-29 14:22:35.750,2025-05-30 06:58:40.317,2025-06-04 07:10:59.440,2025-05-30 06:58:40.317,0
13006,618804,"2026 Irish Classic - 13 Days/12 Nights - Nexion LLC - April 11, 2026",Active,"2026 Irish Classic - 13 Days/12 Nights - Nexion LLC - April 11, 2026",2026-04-11,2026-04-11,2010-01-01,2026-12-31,SCH-IE-CLA,C,13,Y,N,AA/AAA,Y,N,,<Main><AirOffset>1</AirOffset><FromCity>NYC</FromCity><ToCity>DUB</ToCity><ReturnFromCity>DUB</ReturnFromCity><ReturnToCity>NYC</ReturnToCity></Main>,,,<Pre><First>Y</First></Pre>,<Post><Last>Y</Last></Post>,,CLA26,0,N,,26,,"<CarOver24Hrs>N</CarOver24Hrs><PrefCommMethod></PrefCommMethod><Destination>ANT,KER,WAT,DER,DUB,MAY,LIM</Destination><FlexPKGProfile>N</FlexPKGProfile>",Y,1900-01-01,Wilson_N,2024-10-30 00:00:00.000,Wilson_N,2025-03-18 19:40:44.123,2024-10-30 00:00:00.000,2025-07-25 04:41:47.517,2025-04-08 08:40:08.187,0
15097,618804,"2026 Irish Classic - 13 Days/12 Nights - Nexion LLC - April 11, 2026",Active,"2026 Irish Classic - 13 Days/12 Nights - Nexion LLC - April 11, 2026",2026-04-11,2026-04-11,2010-01-01,2026-12-31,SCH-IE-CLA,C,13,Y,N,AA/AAA,Y,N,,<Main><AirOffset>1</AirOffset><FromCity>NYC</FromCity><ToCity>DUB</ToCity><ReturnFromCity>DUB</ReturnFromCity><ReturnToCity>NYC</ReturnToCity></Main>,,,<Pre><First>Y</First></Pre>,<Post><Last>Y</Last></Post>,,CLA26,0,N,,26,,"<CarOver24Hrs>N</CarOver24Hrs><PrefCommMethod></PrefCommMethod><Destination>ANT,KER,WAT,DER,DUB,MAY,LIM</Destination><FlexPKGProfile>N</FlexPKGProfile>",Y,1900-01-01,Wilson_N,2024-10-30 00:00:00.000,Douglas_P,2025-04-09 16:00:08.233,2025-04-10 08:06:55.350,2025-07-25 04:41:47.517,2025-04-10 08:06:55.350,0
16139,618804,"2026 Irish Classic - 13 Days/12 Nights - Nexion LLC - April 11, 2026",Active,"2026 Irish Classic - 13 Days/12 Nights - Nexion LLC - April 11, 2026",2026-04-11,2026-04-11,2010-01-01,2026-12-31,SCH-IE-CLA,C,13,Y,N,AA/AAA,Y,N,,<Main><AirOffset>1</AirOffset><FromCity>NYC</FromCity><ToCity>DUB</ToCity><ReturnFromCity>DUB</ReturnFromCity><ReturnToCity>NYC</ReturnToCity></Main>,,,<Pre><First>Y</First></Pre>,<Post><Last>Y</Last></Post>,,CLA26,0,N,,26,,"<CarOver24Hrs>N</CarOver24Hrs><PrefCommMethod></PrefCommMethod><Destination>ANT,KER,WAT,DER,DUB,MAY,LIM</Destination><FlexPKGProfile>N</FlexPKGProfile>",Y,1900-01-01,Wilson_N,2024-10-30 00:00:00.000,Stynes_A,2025-05-02 14:24:36.727,2025-05-03 04:35:37.930,2025-07-25 04:41:47.517,2025-05-03 04:35:37.930,0
17643,618804,"2026 Irish Classic - 13 Days/12 Nights - Nexion LLC - April 11, 2026",Active,"2026 Irish Classic - 13 Days/12 Nights - Nexion LLC - April 11, 2026",2026-04-11,2026-04-11,2010-01-01,2026-12-31,SCH-IE-CLA,C,13,Y,N,AA/AAA,Y,N,,<Main><AirOffset>1</AirOffset><FromCity>NYC</FromCity><ToCity>DUB</ToCity><ReturnFromCity>DUB</ReturnFromCity><ReturnToCity>NYC</ReturnToCity></Main>,,,<Pre><First>Y</First></Pre>,<Post><Last>Y</Last></Post>,,CLA26,0,N,,16,,"<CarOver24Hrs>N</CarOver24Hrs><PrefCommMethod></PrefCommMethod><Destination>ANT,KER,WAT,DER,DUB,MAY,LIM</Destination><FlexPKGProfile>N</FlexPKGProfile>",Y,1900-01-01,Wilson_N,2024-10-30 00:00:00.000,Wilson_N,2025-05-28 13:55:11.980,2025-05-29 07:08:00.567,2025-05-30 06:58:13.120,2025-05-29 07:08:00.567,0
17722,618804,"2026 Irish Classic - 13 Days/12 Nights - Nexion LLC - April 11, 2026",Active,"2026 Irish Classic - 13 Days/12 Nights - Nexion LLC - April 11, 2026",2026-04-11,2026-04-11,2010-01-01,2026-12-31,SCH-IE-CLA,C,13,Y,N,AA/AAA,Y,N,,<Main><AirOffset>1</AirOffset><FromCity>NYC</FromCity><ToCity>DUB</ToCity><ReturnFromCity>DUB</ReturnFromCity><ReturnToCity>NYC</ReturnToCity></Main>,,,<Pre><First>Y</First></Pre>,<Post><Last>Y</Last></Post>,,CLA26,0,N,,16,,"<CarOver24Hrs>N</CarOver24Hrs><PrefCommMethod></PrefCommMethod><Destination>ANT,KER,WAT,DER,DUB,MAY,LIM</Destination><FlexPKGProfile>N</FlexPKGProfile>",Y,1900-01-01,Wilson_N,2024-10-30 00:00:00.000,byrne_dr,2025-05-29 12:32:53.147,2025-05-30 06:58:40.317,2025-06-11 06:12:53.013,2025-05-30 06:58:40.317,0
13007,618812,ARGONAUT INC,Pending,ARGONAUT INC,2025-09-28,2025-09-28,2024-10-30,2025-09-28,GRP-IE-WH,C,8,Y,N,AA,Y,N,,,,,,,,IE-618812,0,Y,"L:5|7AA-0AA/0A,7.5|9.5AA-0AA/0A,10|12AA-1AA/0A,12.5|14.5AA-1AA/0A,15|17AA-2AA/0A,17.5|19.5AA-2AA/0A,20|22AA-2AA/0A,22.5|24AA-2AA/0A,48X;A:5|7AA-0AA/0A,7.5|9.5AA-0AA/0A,10|12AA-0AA/0A,12.5|14.5AA-0AA/0A,15|17AA-0AA/0A,17.5|19.5AA-0AA/0A,20|22AA-0AA/0A,22.5|24AA-0AA/0A,48X",20,,<CarOver24Hrs>N</CarOver24Hrs><FlexPKGProfile>N</FlexPKGProfile>,N,1900-01-01,Hager_W,2024-10-30 00:00:00.000,Hager_W,2024-10-30 20:57:13.033,2024-10-30 00:00:00.000,2025-07-25 04:41:47.517,2025-04-08 08:40:08.187,0
15221,618812,ARGONAUT INC,Expired,ARGONAUT INC,2025-09-28,2025-09-28,2024-10-30,2025-09-28,GRP-IE-WH,C,8,Y,N,AA,Y,N,,,,,,,,IE-618812,0,Y,"L:5|7AA-0AA/0A,7.5|9.5AA-0AA/0A,10|12AA-1AA/0A,12.5|14.5AA-1AA/0A,15|17AA-2AA/0A,17.5|19.5AA-2AA/0A,20|22AA-2AA/0A,22.5|24AA-2AA/0A,48X;A:5|7AA-0AA/0A,7.5|9.5AA-0AA/0A,10|12AA-0AA/0A,12.5|14.5AA-0AA/0A,15|17AA-0AA/0A,17.5|19.5AA-0AA/0A,20|22AA-0AA/0A,22.5|24AA-0AA/0A,48X",20,,<CarOver24Hrs>N</CarOver24Hrs><FlexPKGProfile>N</FlexPKGProfile>,N,1900-01-01,Hager_W,2024-10-30 00:00:00.000,Caldeira_N,2025-04-11 22:20:30.150,2025-04-15 09:44:58.910,2025-09-11 02:14:04.910,2025-04-15 09:44:58.910,0
13320,623373,"2025  Irish Gold - 9 Days/8 Nights - The Giordano Group - July 20, 2025",Active,"2025  Irish Gold - 9 Days/8 Nights - The Giordano Group - July 20, 2025",2025-07-20,2025-07-20,2010-01-01,2025-12-31,SCH-IE-GOA,C,9,Y,N,AA/AAA,Y,Y,,<Main><AirOffset>1</AirOffset><FromCity>NYC</FromCity><ToCity>DUB</ToCity><ReturnFromCity>DUB</ReturnFromCity><ReturnToCity>NYC</ReturnToCity><AirReturnOffset></AirReturnOffset><IncludeContracts>Y</IncludeContracts><IncludeBlkContracts>Y</IncludeBlkContracts><BlockOnly>Y</BlockOnly><Market>623373</Market></Main><AIWhoStamp>Schindler_A</AIWhoStamp><AIDateStamp>2025-01-14 14:25:48.000</AIDateStamp>,"JFK,",,<Pre><First>Y</First></Pre>,<Post><Last>Y</Last></Post>,,GOA25,0,N,,14,,"<CarOver24Hrs>N</CarOver24Hrs><PrefCommMethod></PrefCommMethod><Destination>WAT,GAL,DUB,KER</Destination><FlexPKGProfile>N</FlexPKGProfile>",Y,1900-01-01,Wilson_N,2025-01-07 00:00:00.000,Wilson_N,2025-03-07 15:48:22.710,2025-01-07 00:00:00.000,9999-12-31 00:00:00.000,2025-04-08 08:40:08.187,1
13321,623376,"2025 Scottish Dream - 9 Days/8 Nights - The Tom Brett Group - October 16, 2025",Multi-Expired,"2025 Scottish Dream - 9 Days/8 Nights - The Tom Brett Group - October 16, 2025",2025-10-16,2025-10-16,2010-01-01,2025-12-31,SCH-GB-DRA,C,9,Y,N,AA/AAA,Y,N,,<Main><AirOffset>1</AirOffset><FromCity>NYC</FromCity><ToCity>EDI</ToCity><ReturnFromCity>EDI</ReturnFromCity><ReturnToCity>NYC</ReturnToCity><AirReturnOffset></AirReturnOffset></Main><AIWhoStamp>Biggins_Tr</AIWhoStamp><AIDateStamp>2022-09-06 16:38:11.000</AIDateStamp>,,,<Pre><First>Y</First></Pre>,<Post><Service><ProductCode>UKPRENIGHTS</ProductCode><SupplierID>GB-EDI-DAL</SupplierID><ServiceID>STD-SBB</ServiceID></Service></Post>,,DRA25,0,N,,25,,"<CarOver24Hrs>N</CarOver24Hrs><PrefCommMethod></PrefCommMethod><Destination>EDI,NAI,PES,ARY,GLA,INV</Destination><FlexPKGProfile>N</FlexPKGProfile>",Y,1900-01-01,Markle_M,2025-01-07 00:00:00.000,Lyons_S,2025-02-26 17:14:01.223,2025-01-07 00:00:00.000,9999-12-31 00:00:00.000,2025-04-08 08:40:08.187,1
13322,623377,"2026 Irish Classic - 13 Days/12 Nights - AAA North Penn - April 18, 2026",Active,"2026 Irish Classic - 13 Days/12 Nights - AAA North Penn - April 18, 2026",2026-04-18,2026-04-18,2010-01-01,2026-04-18,SCH-IE-CLA,C,13,Y,N,AA/AAA,Y,N,,<Main><AirOffset>1</AirOffset><FromCity>NYC</FromCity><ToCity>DUB</ToCity><ReturnFromCity>DUB</ReturnFromCity><ReturnToCity>NYC</ReturnToCity></Main>,,,,,,CLA26,0,N,,32,,"<CarOver24Hrs>N</CarOver24Hrs><PrefCommMethod></PrefCommMethod><Destination>ANT,KER,WAT,DER,DUB,MAY,LIM</Destination><FlexPKGProfile>N</FlexPKGProfile>",Y,1900-01-01,Markle_M,2025-01-07 00:00:00.000,Lyons_S,2025-03-07 11:42:49.987,2025-01-07 00:00:00.000,2025-07-25 04:41:47.517,2025-04-08 08:40:08.187,0
15106,623377,"2026 Irish Classic - 13 Days/12 Nights - AAA North Penn - April 18, 2026",Active,"2026 Irish Classic - 13 Days/12 Nights - AAA North Penn - April 18, 2026",2026-04-18,2026-04-18,2010-01-01,2026-04-18,SCH-IE-CLA,C,13,Y,N,AA/AAA,Y,N,,<Main><AirOffset>1</AirOffset><FromCity>NYC</FromCity><ToCity>DUB</ToCity><ReturnFromCity>DUB</ReturnFromCity><ReturnToCity>NYC</ReturnToCity></Main>,,,,,,CLA26,0,N,,32,,"<CarOver24Hrs>N</CarOver24Hrs><PrefCommMethod></PrefCommMethod><Destination>ANT,KER,WAT,DER,DUB,MAY,LIM</Destination><FlexPKGProfile>N</FlexPKGProfile>",Y,1900-01-01,Markle_M,2025-01-07 00:00:00.000,Douglas_P,2025-04-09 16:00:08.360,2025-04-10 08:06:55.350,2025-07-25 04:41:47.517,2025-04-10 08:06:55.350,0
16152,623377,"2026 Irish Classic - 13 Days/12 Nights - AAA North Penn - April 18, 2026",Active,"2026 Irish Classic - 13 Days/12 Nights - AAA North Penn - April 18, 2026",2026-04-18,2026-04-18,2010-01-01,2026-04-18,SCH-IE-CLA,C,13,Y,N,AA/AAA,Y,N,,<Main><AirOffset>1</AirOffset><FromCity>NYC</FromCity><ToCity>DUB</ToCity><ReturnFromCity>DUB</ReturnFromCity><ReturnToCity>NYC</ReturnToCity></Main>,,,,,,CLA26,0,N,,32,,"<CarOver24Hrs>N</CarOver24Hrs><PrefCommMethod></PrefCommMethod><Destination>ANT,KER,WAT,DER,DUB,MAY,LIM</Destination><FlexPKGProfile>N</FlexPKGProfile>",Y,1900-01-01,Markle_M,2025-01-07 00:00:00.000,Stynes_A,2025-05-02 14:24:36.727,2025-05-03 04:35:37.930,2025-07-25 04:41:47.517,2025-05-03 04:35:37.930,0
17737,623377,"2026 Irish Classic - 13 Days/12 Nights - AAA North Penn - April 18, 2026",Active,"2026 Irish Classic - 13 Days/12 Nights - AAA North Penn - April 18, 2026",2026-04-18,2026-04-18,2010-01-01,2026-04-18,SCH-IE-CLA,C,13,Y,N,AA/AAA,Y,N,,<Main><AirOffset>1</AirOffset><FromCity>NYC</FromCity><ToCity>DUB</ToCity><ReturnFromCity>DUB</ReturnFromCity><ReturnToCity>NYC</ReturnToCity></Main>,,,,,,CLA26,0,N,,32,,"<CarOver24Hrs>N</CarOver24Hrs><PrefCommMethod></PrefCommMethod><Destination>ANT,KER,WAT,DER,DUB,MAY,LIM</Destination><FlexPKGProfile>N</FlexPKGProfile>",Y,1900-01-01,Markle_M,2025-01-07 00:00:00.000,byrne_dr,2025-05-29 12:32:53.147,2025-05-30 06:58:40.317,2025-07-25 04:41:47.517,2025-05-30 06:58:40.317,0
10676,587488,"2024  Irish Gold - 9 Days/8 Nights - AAA Mid Atlantic: Teri Reilly - October 2, 2024",Active,"2024  Irish Gold - 9 Days/8 Nights - AAA Mid Atlantic: Teri Reilly - October 2, 2024",2024-10-02,2024-10-02,2010-01-01,2024-12-31,SCH-IE-GOA,C,9,Y,N,AA/AAA,Y,N,,<Main><AirOffset>1</AirOffset><FromCity>NYC</FromCity><ToCity>DUB</ToCity><ReturnFromCity>DUB</ReturnFromCity><ReturnToCity>NYC</ReturnToCity></Main>,,,<Pre><First>Y</First></Pre>,<Post><Last>Y</Last></Post>,,GOA24,0,N,,12,,<CarOver24Hrs>N</CarOver24Hrs><FlexPKGProfile>N</FlexPKGProfile>,Y,1900-01-01,Markle_M,2023-09-07 00:00:00.000,Lyons_S,2024-08-30 07:34:20.193,2023-09-07 00:00:00.000,9999-12-31 00:00:00.000,2025-04-08 08:40:08.187,1
10677,587494,Born to Roam Travel,Expired,Born to Roam Travel,2024-03-30,2024-03-30,2023-09-07,2024-03-30,GRP-GB-KS,C,7,Y,N,N,Y,N,,,,,,,,GB-587494,0,Y,"L:5|7AA-0AA/0A,7.5|9.5AA-0AA/0A,10|12AA-1AA/0A,12.5|14.5AA-1AA/0A,15|17AA-2AA/0A,17.5|19.5AA-2AA/0A,20|22AA-2AA/0A,22.5|24AA-2AA/0A,48X;A:5|7AA-0AA/0A,7.5|9.5AA-0AA/0A,10|12AA-0AA/0A,12.5|14.5AA-0AA/0A,15|17AA-0AA/0A,17.5|19.5AA-0AA/0A,20|22AA-0AA/0A,22.5|24AA-0AA/0A,48X",0,,<CarOver24Hrs>N</CarOver24Hrs><FlexPKGProfile>N</FlexPKGProfile>,N,1900-01-01,Smith_K,2023-09-07 00:00:00.000,Smith_K,2023-09-15 18:06:49.410,2023-09-07 00:00:00.000,9999-12-31 00:00:00.000,2025-04-08 08:40:08.187,1
10678,587502,DREAM VACATIONS,Expired,DREAM VACATIONS,2025-05-17,2025-05-17,2023-09-07,2025-05-17,GRP-IE-WH,C,8,Y,N,AA,Y,N,,,,,,,,IE-587502,0,Y,"L:5|7AA-0AA/0A,7.5|9.5AA-0AA/0A,10|12AA-1AA/0A,12.5|14.5AA-1AA/0A,15|17AA-2AA/0A,17.5|19.5AA-2AA/0A,20|22AA-2AA/0A,22.5|24AA-2AA/0A,48X;A:5|7AA-0AA/0A,7.5|9.5AA-0AA/0A,10|12AA-0AA/0A,12.5|14.5AA-0AA/0A,15|17AA-0AA/0A,17.5|19.5AA-0AA/0A,20|22AA-0AA/0A,22.5|24AA-0AA/0A,48X",20,,<CarOver24Hrs>N</CarOver24Hrs><FlexPKGProfile>N</FlexPKGProfile>,N,1900-01-01,Hager_W,2023-09-07 00:00:00.000,vSchirach_J,2024-03-04 16:46:29.527,2023-09-07 00:00:00.000,2025-07-25 04:41:47.517,2025-04-08 08:40:08.187,0
16852,587502,DREAM VACATIONS,Expired,DREAM VACATIONS,2025-05-17,2025-05-17,2023-09-07,2025-05-17,GRP-IE-WH,C,8,Y,N,AA,Y,N,,,,,,,,IE-587502,0,Y,"L:5|7AA-0AA/0A,7.5|9.5AA-0AA/0A,10|12AA-1AA/0A,12.5|14.5AA-1AA/0A,15|17AA-2AA/0A,17.5|19.5AA-2AA/0A,20|22AA-2AA/0A,22.5|24AA-2AA/0A,48X;A:5|7AA-0AA/0A,7.5|9.5AA-0AA/0A,10|12AA-0AA/0A,12.5|14.5AA-0AA/0A,15|17AA-0AA/0A,17.5|19.5AA-0AA/0A,20|22AA-0AA/0A,22.5|24AA-0AA/0A,48X",0,,<CarOver24Hrs>N</CarOver24Hrs><FlexPKGProfile>N</FlexPKGProfile>,N,1900-01-01,Hager_W,2023-09-07 00:00:00.000,vSchirach_J,2024-03-04 16:46:29.527,2025-05-18 06:42:47.047,9999-12-31 00:00:00.000,2025-05-18 06:42:47.047,1
10679,587521,AAA ALLIED GROUP,Internal,AAA ALLIED GROUP,2024-03-28,2024-03-28,2023-09-07,2024-01-12,GRP-IE-WH,C,10,Y,N,AA,Y,N,,<Main><AirOffset>1</AirOffset><FromCity>PHL</FromCity><ToCity>DUB</ToCity><ReturnFromCity>DUB</ReturnFromCity><ReturnToCity>PHL</ReturnToCity><AirReturnOffset></AirReturnOffset><IncludeContracts>Y</IncludeContracts><IncludeBlkContracts>Y</IncludeBlkContracts><BlockOnly>Y</BlockOnly><Market>587521</Market></Main><AIWhoStamp>Schindler_A</AIWhoStamp><AIDateStamp>2023-11-02 15:00:56.000</AIDateStamp>,"PHL,",,,,,IE-587521,0,Y,"L:3.5|4.5AA-0AA/0A,5|7AA-0AA/0A,14X;A:3.5|4.5AA-0AA/0A,5|7AA-0AA/0A,14X",10,,<CarOver24Hrs>N</CarOver24Hrs><FlexPKGProfile>N</FlexPKGProfile>,Y,1900-01-01,Hager_W,2023-09-07 00:00:00.000,Lavery_R,2024-04-19 11:21:39.087,2023-09-07 00:00:00.000,9999-12-31 00:00:00.000,2025-04-08 08:40:08.187,1
10680,587536,"2024 Irish Adventure - 9 Days/8 Nights - Grand American Tours - October 7, 2024",Expired,"2024 Irish Adventure - 9 Days/8 Nights - Grand American Tours - October 7, 2024",2024-10-07,2024-10-07,2010-01-01,2024-12-31,SCH-IE-ADA,C,9,Y,N,AA/AAA,Y,N,,<Main><AirOffset>1</AirOffset><FromCity>NYC</FromCity><ToCity>DUB</ToCity><ReturnFromCity>DUB</ReturnFromCity><ReturnToCity>NYC</ReturnToCity></Main>,,,<Pre><First>Y</First></Pre>,<Post><Last>Y</Last></Post>,,ADA24,0,N,,0,,<CarOver24Hrs>N</CarOver24Hrs><FlexPKGProfile>N</FlexPKGProfile>,Y,1900-01-01,Markle_M,2023-09-08 00:00:00.000,Lyons_S,2024-06-12 10:13:27.493,2023-09-08 00:00:00.000,9999-12-31 00:00:00.000,2025-04-08 08:40:08.187,1
10681,587540,AAA Northeast,Internal,AAA Northeast,2024-06-22,2024-06-22,2023-09-08,2024-04-08,GRP-IE-KS-1,C,10,Y,N,AA/AAA/AAAA,Y,Y,,<Main><AirOffset>1</AirOffset><FromCity>NYC</FromCity><ToCity>SNN</ToCity><ReturnFromCity>SNN</ReturnFromCity><ReturnToCity>NYC</ReturnToCity><AirReturnOffset></AirReturnOffset><IncludeContracts>Y</IncludeContracts><IncludeBlkContracts>Y</IncludeBlkContracts><BlockOnly>Y</BlockOnly><Market>587540</Market></Main><AIWhoStamp>Schindler_A</AIWhoStamp><AIDateStamp>2023-12-18 16:17:09.000</AIDateStamp>,"EWR,",,,,,IE-587540,0,Y,"L:5|7AA-0AA/0A,7.5|9.5AA-0AA/0A,10|12AA-1AA/0A,12.5|14.5AA-1AA/0A,29X;A:5|7AA-0AA/0A,7.5|9.5AA-0AA/0A,10|12AA-0AA/0A,12.5|14.5AA-0AA/0A,29X",18,,<CarOver24Hrs>N</CarOver24Hrs><FlexPKGProfile>N</FlexPKGProfile>,Y,1900-01-01,Smith_K,2023-09-08 00:00:00.000,Smith_R,2024-07-03 12:03:53.747,2023-09-08 00:00:00.000,9999-12-31 00:00:00.000,2025-04-08 08:40:08.187,1
12848,617284,"CXLD - 2025  Irish Gold - 9 Days/8 Nights - AAA Northway Schenectady Travel - September 24, 2025",Closed,"CXLD - 2025  Irish Gold - 9 Days/8 Nights - AAA Northway Schenectady Travel - September 24, 2025",2025-09-24,2025-09-24,2010-01-01,2025-12-31,SCH-IE-GOA,C,9,Y,N,AA/AA,Y,N,,<Main><AirOffset>1</AirOffset><FromCity>NYC</FromCity><ToCity>DUB</ToCity><ReturnFromCity>DUB</ReturnFromCity><ReturnToCity>NYC</ReturnToCity></Main>,,,<Pre><First>Y</First></Pre>,<Post><Last>Y</Last></Post>,,,0,N,,0,,"<CarOver24Hrs>N</CarOver24Hrs><PrefCommMethod></PrefCommMethod><Destination>WAT,GAL,DUB,KER</Destination><FlexPKGProfile>N</FlexPKGProfile>",Y,1900-01-01,Wilson_N,2024-10-07 00:00:00.000,Davies_Ja,2025-01-13 21:50:19.170,2024-10-07 00:00:00.000,9999-12-31 00:00:00.000,2025-04-08 08:40:08.187,1
12849,617288,"CXLD - 2025 Tuscan Treasures with Cinque Terre- 8 Days/7 Nights- Gene Folsom Group- June 29, 2025",Closed,"CXLD - 2025 Tuscan Treasures with Cinque Terre- 8 Days/7 Nights- Gene Folsom Group- June 29, 2025",2025-06-29,2025-06-29,2010-01-01,2025-12-31,SCH-IT-TUA,C,8,Y,N,AA/AAA,Y,N,,<Main><AirOffset></AirOffset><FromCity>NYC</FromCity><ToCity>FLR</ToCity><ReturnFromCity>FLR</ReturnFromCity><ReturnToCity>NYC</ReturnToCity><AirReturnOffset></AirReturnOffset></Main><AIWhoStamp>Lyons_S</AIWhoStamp><AIDateStamp>2023-06-22 11:58:42.000</AIDateStamp>,,,<Pre><Service><ProductCode>ITPRENIGHTS</ProductCode><SupplierID>IT-MTC-CDM</SupplierID><ServiceID>STD-SBB</ServiceID></Service></Pre>,<Post><Last>Y</Last></Post>,,,0,N,,0,,<CarOver24Hrs>N</CarOver24Hrs><PrefCommMethod></PrefCommMethod><Destination>MTC</Destination><FlexPKGProfile>N</FlexPKGProfile>,Y,1900-01-01,Markle_M,2024-10-07 00:00:00.000,Davies_Ja,2025-01-22 21:40:43.360,2024-10-07 00:00:00.000,9999-12-31 00:00:00.000,2025-04-08 08:40:08.187,1
12850,617315,ITALY - TOP NOTCH GETAWAYS,Expired,ITALY - TOP NOTCH GETAWAYS,2025-10-28,2025-10-28,2024-10-08,2025-10-28,GRP-EU-WH,C,12,Y,N,AA,Y,N,,,,,,,,EU-617315,0,Y,"L:5|7AA-0AA/0A,7.5|9.5AA-0AA/0A,10|12AA-1AA/0A,12.5|14.5AA-1AA/0A,15|17AA-2AA/0A,17.5|19.5AA-2AA/0A,20|22AA-2AA/0A,22.5|24AA-2AA/0A,48X;A:5|7AA-0AA/0A,7.5|9.5AA-0AA/0A,10|12AA-0AA/0A,12.5|14.5AA-0AA/0A,15|17AA-0AA/0A,17.5|19.5AA-0AA/0A,20|22AA-0AA/0A,22.5|24AA-0AA/0A,48X",20,,<CarOver24Hrs>N</CarOver24Hrs><FlexPKGProfile>N</FlexPKGProfile>,N,1900-01-01,Hager_W,2024-10-08 00:00:00.000,Davies_Ja,2025-02-14 18:22:01.193,2024-10-08 00:00:00.000,9999-12-31 00:00:00.000,2025-04-08 08:40:08.187,1
12851,617318,"CXLD - 2025 Icelandic Explorer - 10 days/9 nights - Enjoy Mouse Travel - May 26, 2025",Closed,"CXLD - 2025 Icelandic Explorer - 10 days/9 nights - Enjoy Mouse Travel - May 26, 2025",2025-05-26,2025-05-26,2010-01-01,2025-12-31,SCH-IS-IXA,C,10,Y,N,AA,Y,N,,<Main><AirOffset>1</AirOffset><FromCity>NYC</FromCity><ToCity>REK</ToCity><ReturnFromCity>REK</ReturnFromCity><ReturnToCity>NYC</ReturnToCity><AirReturnOffset></AirReturnOffset></Main><AIWhoStamp>Biggins_Tr</AIWhoStamp><AIDateStamp>2022-04-06 10:14:10.000</AIDateStamp>,,,<Pre><First>Y</First></Pre>,<Post><Last>Y</Last></Post>,,,0,N,,0,,"<CarOver24Hrs>N</CarOver24Hrs><PrefCommMethod></PrefCommMethod><Destination>REH,HUS,FAS,HOF,NUP,REK</Destination><FlexPKGProfile>N</FlexPKGProfile>",Y,1900-01-01,Wilson_N,2024-10-08 00:00:00.000,Davies_Ja,2024-12-16 17:12:33.963,2024-10-08 00:00:00.000,9999-12-31 00:00:00.000,2025-04-08 08:40:08.187,1
12852,617319,"2025 Taste of Italy with Sorrento - 10 Days/9 Nights - Travel Factory - May 18, 2025",Expired,"2025 Taste of Italy with Sorrento - 10 Days/9 Nights - Travel Factory - May 18, 2025",2025-05-18,2025-05-18,2010-01-01,2025-12-31,SCH-IT-ITT,C,10,Y,N,AA/AAA,Y,N,,<Main><AirOffset>1</AirOffset><FromCity>NYC</FromCity><ToCity>VCE</ToCity><ReturnFromCity>NAP</ReturnFromCity><ReturnToCity>NYC</ReturnToCity><AirReturnOffset></AirReturnOffset></Main><AIWhoStamp>McInerney_M</AIWhoStamp><AIDateStamp>2019-06-21 09:20:08.000</AIDateStamp>,,,<Pre><First>Y</First></Pre>,<Post><Last>Y</Last></Post>,,ITT25,0,N,,14,,"<CarOver24Hrs>N</CarOver24Hrs><PrefCommMethod></PrefCommMethod><Destination>ROM,RRO,VCE,FLR</Destination><FlexPKGProfile>N</FlexPKGProfile>",Y,1900-01-01,Wilson_N,2024-10-08 00:00:00.000,edwards_ki,2025-03-26 11:36:05.593,2024-10-08 00:00:00.000,2025-07-25 04:41:47.517,2025-04-08 08:40:08.187,0
16865,617319,"2025 Taste of Italy with Sorrento - 10 Days/9 Nights - Travel Factory - May 18, 2025",Expired,"2025 Taste of Italy with Sorrento - 10 Days/9 Nights - Travel Factory - May 18, 2025",2025-05-18,2025-05-18,2010-01-01,2025-12-31,SCH-IT-ITT,C,10,Y,N,AA/AAA,Y,N,,<Main><AirOffset>1</AirOffset><FromCity>NYC</FromCity><ToCity>VCE</ToCity><ReturnFromCity>NAP</ReturnFromCity><ReturnToCity>NYC</ReturnToCity><AirReturnOffset></AirReturnOffset></Main><AIWhoStamp>McInerney_M</AIWhoStamp><AIDateStamp>2019-06-21 09:20:08.000</AIDateStamp>,,,<Pre><First>Y</First></Pre>,<Post><Last>Y</Last></Post>,,ITT25,0,N,,0,,"<CarOver24Hrs>N</CarOver24Hrs><PrefCommMethod></PrefCommMethod><Destination>ROM,RRO,VCE,FLR</Destination><FlexPKGProfile>N</FlexPKGProfile>",Y,1900-01-01,Wilson_N,2024-10-08 00:00:00.000,edwards_ki,2025-04-28 10:40:52.153,2025-05-18 06:42:47.047,9999-12-31 00:00:00.000,2025-05-18 06:42:47.047,1
16830,634747,FRANCE - AVOYA TRAVEL,Pending,FRANCE - AVOYA TRAVEL,2026-11-07,2026-11-07,2025-05-15,2026-11-07,GRP-EU-WH,C,8,Y,N,N,Y,N,,,,,,,,EU-634747,0,Y,"L:5|7AA-0AA/0A,7.5|9.5AA-0AA/0A,10|12AA-0AA/0A,12.5|14.5AA-0AA/0A,15|17AA-0AA/0A,17.5|19.5AA-0AA/0A,20|22AA-0AA/0A,22.5|24AA-0AA/0A,48X;A:5|7AA-0AA/0A,7.5|9.5AA-0AA/0A,10|12AA-0AA/0A,12.5|14.5AA-0AA/0A,15|17AA-0AA/0A,17.5|19.5AA-0AA/0A,20|22AA-0AA/0A,22.5|24AA-0AA/0A,48X",20,,<CarOver24Hrs>N</CarOver24Hrs><FlexPKGProfile>N</FlexPKGProfile>,N,1900-01-01,Hager_W,2025-05-15 00:00:00.000,Hager_W,2025-05-15 15:01:50.667,2025-05-16 06:42:01.470,2025-09-05 05:56:23.310,2025-05-16 06:42:01.470,0
16831,634750,"2026 Northern Lights Quest of Iceland - 6 Days/5 Nights - Expedia Cruises - November 1, 2026",Pending,"2026 Northern Lights Quest of Iceland - 6 Days/5 Nights - Expedia Cruises - November 1, 2026",2026-11-01,2026-11-01,2010-01-01,2026-12-31,SCH-IS-ICN,C,6,Y,N,AA,Y,N,,<Main><AirOffset>1</AirOffset><FromCity>NYC</FromCity><ToCity>REK</ToCity><ReturnFromCity>REK</ReturnFromCity><ReturnToCity>NYC</ReturnToCity><AirReturnOffset></AirReturnOffset></Main><AIWhoStamp>McInerney_M</AIWhoStamp><AIDateStamp>2018-11-29 09:30:09.000</AIDateStamp>,,,<Pre><First>Y</First></Pre>,<Post><Last>Y</Last></Post>,,ICN26,0,N,,20,,"<CarOver24Hrs>N</CarOver24Hrs><PrefCommMethod></PrefCommMethod><Destination>NUP,REK,HLL</Destination><FlexPKGProfile>N</FlexPKGProfile>",Y,1900-01-01,Wilson_N,2025-05-15 00:00:00.000,Davies_Ja,2025-05-15 15:27:06.817,2025-05-16 06:42:01.470,2025-07-25 04:41:47.517,2025-05-16 06:42:01.470,0
16891,634750,"2026 Northern Lights Quest of Iceland - 6 Days/5 Nights - Expedia Cruises - November 1, 2026",Active,"2026 Northern Lights Quest of Iceland - 6 Days/5 Nights - Expedia Cruises - November 1, 2026",2026-11-01,2026-11-01,2010-01-01,2026-12-31,SCH-IS-ICN,C,6,Y,N,AA,Y,N,,<Main><AirOffset>1</AirOffset><FromCity>NYC</FromCity><ToCity>REK</ToCity><ReturnFromCity>REK</ReturnFromCity><ReturnToCity>NYC</ReturnToCity><AirReturnOffset></AirReturnOffset></Main><AIWhoStamp>McInerney_M</AIWhoStamp><AIDateStamp>2018-11-29 09:30:09.000</AIDateStamp>,,,<Pre><First>Y</First></Pre>,<Post><Last>Y</Last></Post>,,ICN26,0,N,,20,,"<CarOver24Hrs>N</CarOver24Hrs><PrefCommMethod></PrefCommMethod><Destination>NUP,REK,HLL</Destination><FlexPKGProfile>N</FlexPKGProfile>",Y,1900-01-01,Wilson_N,2025-05-15 00:00:00.000,Wilson_N,2025-05-16 20:01:10.903,2025-05-18 06:42:47.047,2025-05-28 07:00:44.447,2025-05-18 06:42:47.047,0
17588,634750,"2026 Northern Lights Quest of Iceland - 6 Days/5 Nights - Expedia Cruises - November 1, 2026",Active,"2026 Northern Lights Quest of Iceland - 6 Days/5 Nights - Expedia Cruises - November 1, 2026",2026-11-01,2026-11-01,2010-01-01,2026-12-31,SCH-IS-ICN,C,6,Y,N,AA,Y,N,,<Main><AirOffset>1</AirOffset><FromCity>NYC</FromCity><ToCity>REK</ToCity><ReturnFromCity>REK</ReturnFromCity><ReturnToCity>NYC</ReturnToCity><AirReturnOffset></AirReturnOffset></Main><AIWhoStamp>McInerney_M</AIWhoStamp><AIDateStamp>2018-11-29 09:30:09.000</AIDateStamp>,,,<Pre><First>Y</First></Pre>,<Post><Last>Y</Last></Post>,,ICN26,0,N,,20,,"<CarOver24Hrs>N</CarOver24Hrs><PrefCommMethod></PrefCommMethod><Destination>NUP,REK,HLL</Destination><FlexPKGProfile>N</FlexPKGProfile>",Y,1900-01-01,Wilson_N,2025-05-15 00:00:00.000,Tancred_E,2025-05-27 15:09:26.787,2025-05-28 07:01:18.080,2025-06-16 11:39:06.717,2025-05-28 07:01:18.080,0
16832,634752,"2026 Best of Spain - 9 Days/8 Nights - Sun Connections - September 6, 2026",Pending,"2026 Best of Spain - 9 Days/8 Nights - Sun Connections - September 6, 2026",2026-09-06,2026-09-06,2010-01-01,2026-12-31,SCH-ES-BSA,C,9,Y,N,AA/AAA,Y,N,,<Main><AirOffset>1</AirOffset><FromCity>NYC</FromCity><ToCity>MAD</ToCity><ReturnFromCity>BCN</ReturnFromCity><ReturnToCity>NYC</ReturnToCity><AirReturnOffset></AirReturnOffset></Main><AIWhoStamp>Lyons_S</AIWhoStamp><AIDateStamp>2024-03-06 15:52:30.000</AIDateStamp>,,,<Pre><Service><ProductCode>ESPRENIGHTS</ProductCode><SupplierID>ES-MAD-RDM</SupplierID><ServiceID>STD-SBB</ServiceID></Service></Pre>,,,BSA26,0,N,,16,,"<CarOver24Hrs>N</CarOver24Hrs><PrefCommMethod></PrefCommMethod><Destination>SVQ,MAD,GRX,BCN,VLC</Destination><FlexPKGProfile>N</FlexPKGProfile>",Y,1900-01-01,Wilson_N,2025-05-15 00:00:00.000,Davies_Ja,2025-05-15 15:59:01.977,2025-05-16 06:42:01.470,2025-07-25 04:41:47.517,2025-05-16 06:42:01.470,0
13010,618838,"2025 Scottish Isles & Glens - 12 Days/11 Nights - Assiniboia Travel - May 17, 2025",Multi-Expired,"2025 Scottish Isles & Glens - 12 Days/11 Nights - Assiniboia Travel - May 17, 2025",2025-05-17,2025-05-17,2010-01-01,2025-12-31,SCH-GB-SIA,C,12,Y,N,AA/AAA,Y,N,,<Main><AirOffset>1</AirOffset><FromCity>NYC</FromCity><ToCity>EDI</ToCity><ReturnFromCity>EDI</ReturnFromCity><ReturnToCity>NYC</ReturnToCity><AirReturnOffset></AirReturnOffset></Main><AIWhoStamp>Biggins_Tr</AIWhoStamp><AIDateStamp>2022-09-06 11:50:21.000</AIDateStamp>,,,<Pre><Service><ProductCode>UKPRENIGHTS</ProductCode><SupplierID>GB-GLA-NOV</SupplierID><ServiceID>STD-SBB</ServiceID></Service></Pre>,,,SIA25,0,N,,15,,"<CarOver24Hrs>N</CarOver24Hrs><PrefCommMethod></PrefCommMethod><Destination>RSS,KIO,GLA,EDI,PES,GAI,INV</Destination><FlexPKGProfile>N</FlexPKGProfile>",Y,1900-01-01,Markle_M,2024-10-31 00:00:00.000,Caldeira_N,2025-03-05 16:07:40.413,2024-10-31 00:00:00.000,2025-07-25 04:41:47.517,2025-04-08 08:40:08.187,0
16867,618838,"2025 Scottish Isles & Glens - 12 Days/11 Nights - Assiniboia Travel - May 17, 2025",Multi-Expired,"2025 Scottish Isles & Glens - 12 Days/11 Nights - Assiniboia Travel - May 17, 2025",2025-05-17,2025-05-17,2010-01-01,2025-12-31,SCH-GB-SIA,C,12,Y,N,AA/AAA,Y,N,,<Main><AirOffset>1</AirOffset><FromCity>NYC</FromCity><ToCity>EDI</ToCity><ReturnFromCity>EDI</ReturnFromCity><ReturnToCity>NYC</ReturnToCity><AirReturnOffset></AirReturnOffset></Main><AIWhoStamp>Biggins_Tr</AIWhoStamp><AIDateStamp>2022-09-06 11:50:21.000</AIDateStamp>,,,<Pre><Service><ProductCode>UKPRENIGHTS</ProductCode><SupplierID>GB-GLA-NOV</SupplierID><ServiceID>STD-SBB</ServiceID></Service></Pre>,,,SIA25,0,N,,0,,"<CarOver24Hrs>N</CarOver24Hrs><PrefCommMethod></PrefCommMethod><Destination>RSS,KIO,GLA,EDI,PES,GAI,INV</Destination><FlexPKGProfile>N</FlexPKGProfile>",Y,1900-01-01,Markle_M,2024-10-31 00:00:00.000,Caldeira_N,2025-03-05 16:07:40.413,2025-05-18 06:42:47.047,9999-12-31 00:00:00.000,2025-05-18 06:42:47.047,1
13011,618868,SHARON CLOGHLAN GERC,Pending,SHARON CLOGHLAN GERC,2025-06-08,2025-06-08,2024-10-31,2025-06-08,GRP-IE-WH,C,14,Y,N,AA,Y,N,,,,,,,,IE-618868,0,Y,"L:5|7AA-0AA/0A,7.5|9.5AA-0AA/0A,10|12AA-1AA/0A,12.5|14.5AA-1AA/0A,15|17AA-2AA/0A,17.5|19.5AA-2AA/0A,20|22AA-2AA/0A,22.5|24AA-2AA/0A,48X;A:5|7AA-0AA/0A,7.5|9.5AA-0AA/0A,10|12AA-0AA/0A,12.5|14.5AA-0AA/0A,15|17AA-0AA/0A,17.5|19.5AA-0AA/0A,20|22AA-0AA/0A,22.5|24AA-0AA/0A,48X",20,,<CarOver24Hrs>N</CarOver24Hrs><FlexPKGProfile>N</FlexPKGProfile>,N,1900-01-01,Hager_W,2024-10-31 00:00:00.000,Hager_W,2024-10-31 18:30:44.547,2024-10-31 00:00:00.000,2025-07-25 04:41:47.517,2025-04-08 08:40:08.187,0
15222,618868,SHARON CLOGHLAN GERC,Expired,SHARON CLOGHLAN GERC,2025-06-08,2025-06-08,2024-10-31,2025-06-08,GRP-IE-WH,C,14,Y,N,AA,Y,N,,,,,,,,IE-618868,0,Y,"L:5|7AA-0AA/0A,7.5|9.5AA-0AA/0A,10|12AA-1AA/0A,12.5|14.5AA-1AA/0A,15|17AA-2AA/0A,17.5|19.5AA-2AA/0A,20|22AA-2AA/0A,22.5|24AA-2AA/0A,48X;A:5|7AA-0AA/0A,7.5|9.5AA-0AA/0A,10|12AA-0AA/0A,12.5|14.5AA-0AA/0A,15|17AA-0AA/0A,17.5|19.5AA-0AA/0A,20|22AA-0AA/0A,22.5|24AA-0AA/0A,48X",20,,<CarOver24Hrs>N</CarOver24Hrs><FlexPKGProfile>N</FlexPKGProfile>,N,1900-01-01,Hager_W,2024-10-31 00:00:00.000,Caldeira_N,2025-04-11 22:19:12.797,2025-04-15 09:44:58.910,2025-07-25 04:41:47.517,2025-04-15 09:44:58.910,0
13012,618879,"2025 Southern Gems- 7 Days/6 Nights- Elite Travel Ltd- September 21, 2025",Active,"2025 Southern Gems- 7 Days/6 Nights- Elite Travel Ltd- September 21, 2025",2025-09-21,2025-09-21,2010-01-01,2025-12-31,SCH-IE-JEA,C,7,Y,N,AA/AAA,Y,N,,<Main><AirOffset>1</AirOffset><FromCity>NYC</FromCity><ToCity>DUB</ToCity><ReturnFromCity>SNN</ReturnFromCity><ReturnToCity>NYC</ReturnToCity><AirReturnOffset></AirReturnOffset></Main><AIWhoStamp>BigginsT</AIWhoStamp><AIDateStamp>2016-01-19 16:24:21.000</AIDateStamp>,,,<Pre><First>Y</First></Pre>,<Post><Last>Y</Last></Post>,,JEA25,0,N,,10,,"<CarOver24Hrs>N</CarOver24Hrs><PrefCommMethod></PrefCommMethod><Destination>COR,KER,CLA,DUB</Destination><FlexPKGProfile>N</FlexPKGProfile>",Y,1900-01-01,doig_l,2024-10-31 00:00:00.000,Lyons_S,2025-01-08 16:46:42.780,2024-10-31 00:00:00.000,2025-07-25 04:41:47.517,2025-04-08 08:40:08.187,0
17864,618879,"CXLD - 2025 Southern Gems- 7 Days/6 Nights- Elite Travel Ltd- September 21, 2025",Closed,"CXLD - 2025 Southern Gems- 7 Days/6 Nights- Elite Travel Ltd- September 21, 2025",2025-09-21,2025-09-21,2010-01-01,2025-12-31,SCH-IE-JEA,C,7,Y,N,AA/AAA,Y,N,,<Main><AirOffset>1</AirOffset><FromCity>NYC</FromCity><ToCity>DUB</ToCity><ReturnFromCity>SNN</ReturnFromCity><ReturnToCity>NYC</ReturnToCity><AirReturnOffset></AirReturnOffset></Main><AIWhoStamp>BigginsT</AIWhoStamp><AIDateStamp>2016-01-19 16:24:21.000</AIDateStamp>,,,<Pre><First>Y</First></Pre>,<Post><Last>Y</Last></Post>,,,0,N,,0,,"<CarOver24Hrs>N</CarOver24Hrs><PrefCommMethod></PrefCommMethod><Destination>COR,KER,CLA,DUB</Destination><FlexPKGProfile>N</FlexPKGProfile>",Y,1900-01-01,doig_l,2024-10-31 00:00:00.000,Davies_Ja,2025-05-30 20:17:02.920,2025-05-31 06:47:11.173,9999-12-31 00:00:00.000,2025-05-31 06:47:11.173,1
13013,618890,ANCHOR FULL SERVICE TRAVEL,Active,ANCHOR FULL SERVICE TRAVEL,2025-08-09,2025-08-09,2024-10-31,2025-05-26,GRP-IE-WH,C,11,Y,N,AA/AAA,Y,N,,,,,,,,IE-618890,0,Y,"L:5|7AA-0AA/0A,7.5|9.5AA-0AA/0A,19X;A:5|7AA-0AA/0A,7.5|9.5AA-0AA/0A,19X",15,,<CarOver24Hrs>N</CarOver24Hrs><FlexPKGProfile>N</FlexPKGProfile>,Y,1900-01-01,Hager_W,2024-10-31 00:00:00.000,McCloskey_C,2025-02-27 15:05:49.433,2024-10-31 00:00:00.000,2025-04-28 18:59:10.807,2025-04-08 08:40:08.187,0
15098,618890,ANCHOR FULL SERVICE TRAVEL,Active,ANCHOR FULL SERVICE TRAVEL,2025-08-09,2025-08-09,2024-10-31,2025-05-26,GRP-IE-WH,C,11,Y,N,AA/AAA,Y,N,,,,,,,,IE-618890,0,Y,"L:5|7AA-0AA/0A,7.5|9.5AA-0AA/0A,19X;A:5|7AA-0AA/0A,7.5|9.5AA-0AA/0A,19X",15,,<CarOver24Hrs>N</CarOver24Hrs><FlexPKGProfile>N</FlexPKGProfile>,Y,1900-01-01,Hager_W,2024-10-31 00:00:00.000,Greene_Dh,2025-04-08 09:56:47.887,2025-04-10 08:06:55.350,2025-04-28 18:59:10.807,2025-04-10 08:06:55.350,0
15700,618890,ANCHOR FULL SERVICE TRAVEL,Active,ANCHOR FULL SERVICE TRAVEL,2025-08-09,2025-08-09,2024-10-31,2025-05-26,GRP-IE-WH,C,11,Y,N,AA/AAA,Y,N,,,,,,,,IE-618890,0,Y,"L:5|7AA-0AA/0A,7.5|9.5AA-0AA/0A,19X;A:5|7AA-0AA/0A,7.5|9.5AA-0AA/0A,19X",15,,<CarOver24Hrs>N</CarOver24Hrs><FlexPKGProfile>N</FlexPKGProfile>,Y,1900-01-01,Hager_W,2024-10-31 00:00:00.000,Larkin_B,2025-04-22 15:19:25.800,2025-04-28 19:00:19.260,2025-06-11 06:12:53.013,2025-04-28 19:00:19.260,0
11996,606407,"2025 Scottish Clans & Castles- 10 Days/9 Nights- Scotland Friends- May 29, 2025",Active,"2025 Scottish Clans & Castles- 10 Days/9 Nights- Scotland Friends- May 29, 2025",2025-05-29,2025-05-29,2010-01-01,2025-12-31,SCH-GB-CCA,C,10,Y,N,AA/AAA,Y,N,,<Main><AirOffset>1</AirOffset><FromCity>NYC</FromCity><ToCity>EDI</ToCity><ReturnFromCity>EDI</ReturnFromCity><ReturnToCity>NYC</ReturnToCity><AirReturnOffset></AirReturnOffset></Main><AIWhoStamp>Biggins_Tr</AIWhoStamp><AIDateStamp>2022-09-06 16:25:23.000</AIDateStamp>,,,<Pre><Service><ProductCode>UKPRENIGHTS</ProductCode><SupplierID>GB-GLA-SND</SupplierID><ServiceID>STD-SBB</ServiceID></Service></Pre>,,,CCA25,0,N,,23,,"<CarOver24Hrs>N</CarOver24Hrs><PrefCommMethod></PrefCommMethod><Destination>FIF,RSS,GLA,ABD,INV</Destination><FlexPKGProfile>N</FlexPKGProfile>",Y,1900-01-01,doig_l,2024-05-02 00:00:00.000,Lyons_S,2025-04-07 16:17:52.770,2024-05-02 00:00:00.000,2025-05-20 06:45:40.350,2025-04-08 08:40:08.187,0
16921,606407,"2025 Scottish Clans & Castles- 10 Days/9 Nights- Scotland Friends- May 29, 2025",Active,"2025 Scottish Clans & Castles- 10 Days/9 Nights- Scotland Friends- May 29, 2025",2025-05-29,2025-05-29,2010-01-01,2025-12-31,SCH-GB-CCA,C,10,Y,N,AA/AAA,Y,N,,<Main><AirOffset>1</AirOffset><FromCity>NYC</FromCity><ToCity>EDI</ToCity><ReturnFromCity>EDI</ReturnFromCity><ReturnToCity>NYC</ReturnToCity><AirReturnOffset></AirReturnOffset></Main><AIWhoStamp>Biggins_Tr</AIWhoStamp><AIDateStamp>2022-09-06 16:25:23.000</AIDateStamp>,,,<Pre><Service><ProductCode>UKPRENIGHTS</ProductCode><SupplierID>GB-GLA-SND</SupplierID><ServiceID>STD-SBB</ServiceID></Service></Pre>,,,CCA25,0,N,,23,,"<CarOver24Hrs>N</CarOver24Hrs><PrefCommMethod></PrefCommMethod><Destination>FIF,RSS,GLA,ABD,INV</Destination><FlexPKGProfile>N</FlexPKGProfile>",Y,1900-01-01,doig_l,2024-05-02 00:00:00.000,Markle_M,2025-05-19 20:14:51.137,2025-05-20 06:46:13.487,9999-12-31 00:00:00.000,2025-05-20 06:46:13.487,1
11997,606413,"2024 London Daytripper - 6 Days/5 Nights - Premier Travel - October 17, 2024",Expired,"2024 London Daytripper - 6 Days/5 Nights - Premier Travel - October 17, 2024",2024-10-17,2024-10-17,2010-01-01,2024-12-31,SCH-GB-LNA,C,6,Y,N,AA/AAA,Y,N,,<Main><AirOffset>1</AirOffset><FromCity>NYC</FromCity><ToCity>LON</ToCity><ReturnFromCity>LON</ReturnFromCity><ReturnToCity>NYC</ReturnToCity><AirReturnOffset></AirReturnOffset></Main><AIWhoStamp>Tsao_R</AIWhoStamp><AIDateStamp>2019-08-09 15:10:58.000</AIDateStamp>,,,<Pre><First>Y</First></Pre>,<Post><Last>Y</Last></Post>,,LNA24,0,N,,0,,<CarOver24Hrs>N</CarOver24Hrs><FlexPKGProfile>N</FlexPKGProfile>,Y,1900-01-01,Markle_M,2024-05-02 00:00:00.000,Davies_Ja,2024-07-10 21:08:55.860,2024-05-02 00:00:00.000,9999-12-31 00:00:00.000,2025-04-08 08:40:08.187,1
11998,606427,"2025 Best of Ireland South (Tour A) - 8 Days/7 Nights - Super Destinations Travel LLC - April 26, 2025",Expired,"2025 Best of Ireland South (Tour A) - 8 Days/7 Nights - Super Destinations Travel LLC - April 26, 2025",2025-04-26,2025-04-26,2010-01-01,2025-12-31,SCH-IE-ISA,C,8,Y,N,AA/AAA,Y,N,,<Main><AirOffset>1</AirOffset><FromCity>NYC</FromCity><ToCity>DUB</ToCity><ReturnFromCity>DUB</ReturnFromCity><ReturnToCity>NYC</ReturnToCity></Main>,,,<Pre><First>Y</First><Duration>1</Duration></Pre>,,,ISA25,0,N,,23,,"<CarOver24Hrs>N</CarOver24Hrs><PrefCommMethod></PrefCommMethod><Destination>DUB,CLA,KER</Destination><FlexPKGProfile>N</FlexPKGProfile>",Y,1900-01-01,doig_l,2024-05-02 00:00:00.000,Lyons_S,2025-01-08 16:43:40.530,2024-05-02 00:00:00.000,2025-07-25 04:41:47.517,2025-04-08 08:40:08.187,0
15623,606427,"2025 Best of Ireland South (Tour A) - 8 Days/7 Nights - Super Destinations Travel LLC - April 26, 2025",Expired,"2025 Best of Ireland South (Tour A) - 8 Days/7 Nights - Super Destinations Travel LLC - April 26, 2025",2025-04-26,2025-04-26,2010-01-01,2025-12-31,SCH-IE-ISA,C,8,Y,N,AA/AAA,Y,N,,<Main><AirOffset>1</AirOffset><FromCity>NYC</FromCity><ToCity>DUB</ToCity><ReturnFromCity>DUB</ReturnFromCity><ReturnToCity>NYC</ReturnToCity></Main>,,,<Pre><First>Y</First><Duration>1</Duration></Pre>,,,ISA25,0,N,,0,,"<CarOver24Hrs>N</CarOver24Hrs><PrefCommMethod></PrefCommMethod><Destination>DUB,CLA,KER</Destination><FlexPKGProfile>N</FlexPKGProfile>",Y,1900-01-01,doig_l,2024-05-02 00:00:00.000,Lyons_S,2025-01-08 16:43:40.530,2025-04-28 19:00:19.260,9999-12-31 00:00:00.000,2025-04-28 19:00:19.260,1
16942,634568,"2026 Scottish Daytripper - 6 Days/ 5 Nights - Worldvia - April 19, 2026",Pending,"2026 Scottish Daytripper - 6 Days/ 5 Nights - Worldvia - April 19, 2026",2026-04-19,2026-04-19,2010-01-01,2026-12-31,SCH-GB-GDA,C,6,Y,N,AA/AAA,Y,N,,<Main><AirOffset>1</AirOffset><FromCity>NYC</FromCity><ToCity>EDI</ToCity><ReturnFromCity>EDI</ReturnFromCity><ReturnToCity>NYC</ReturnToCity><AirReturnOffset></AirReturnOffset></Main><AIWhoStamp>Biggins_Tr</AIWhoStamp><AIDateStamp>2022-09-06 17:16:49.000</AIDateStamp>,,,<Pre><First>Y</First></Pre>,<Post><Last>Y</Last></Post>,,GDA26,0,N,,10,,"<CarOver24Hrs>N</CarOver24Hrs><PrefCommMethod></PrefCommMethod><Destination>GLA,EDI</Destination><FlexPKGProfile>N</FlexPKGProfile>",Y,1900-01-01,Wilson_N,2025-05-13 00:00:00.000,Tancred_E,2025-05-19 15:44:36.180,2025-05-20 06:46:13.487,2025-07-25 04:41:47.517,2025-05-20 06:46:13.487,0
17291,634568,"2026 Scottish Daytripper - 6 Days/ 5 Nights - Worldvia - April 19, 2026",Pending,"2026 Scottish Daytripper - 6 Days/ 5 Nights - Worldvia - April 19, 2026",2026-04-19,2026-04-19,2010-01-01,2026-12-31,SCH-GB-GDA,C,6,Y,N,AA/AAA,Y,N,,<Main><AirOffset>1</AirOffset><FromCity>NYC</FromCity><ToCity>EDI</ToCity><ReturnFromCity>EDI</ReturnFromCity><ReturnToCity>NYC</ReturnToCity><AirReturnOffset></AirReturnOffset></Main><AIWhoStamp>Biggins_Tr</AIWhoStamp><AIDateStamp>2022-09-06 17:16:49.000</AIDateStamp>,,,<Pre><First>Y</First></Pre>,<Post><Last>Y</Last></Post>,,GDA26,0,N,,10,,"<CarOver24Hrs>N</CarOver24Hrs><PrefCommMethod></PrefCommMethod><Destination>GLA,EDI</Destination><FlexPKGProfile>N</FlexPKGProfile>",Y,1900-01-01,Wilson_N,2025-05-13 00:00:00.000,Lyons_S,2025-05-22 13:36:16.933,2025-05-23 06:31:23.863,2025-07-25 04:41:47.517,2025-05-23 06:31:23.863,0
16702,634572,"2026 Ireland South Daytripper - 8 Days/7 Nights - Direct Travel - March 22, 2026",Pending,"2026 Ireland South Daytripper - 8 Days/7 Nights - Direct Travel - March 22, 2026",2026-03-22,2026-03-22,2010-01-01,2026-12-31,SCH-IE-IDA,C,8,Y,N,AA,Y,N,,<Main><AirOffset>1</AirOffset><FromCity>NYC</FromCity><ToCity>SNN</ToCity><ReturnFromCity>DUB</ReturnFromCity><ReturnToCity>NYC</ReturnToCity><AirReturnOffset></AirReturnOffset></Main><AIWhoStamp>Biggins_Tr</AIWhoStamp><AIDateStamp>2020-04-21 17:32:50.000</AIDateStamp>,,,<Pre><First>Y</First></Pre>,<Post><Last>Y</Last></Post>,,IDA26,0,N,,30,,"<CarOver24Hrs>N</CarOver24Hrs><PrefCommMethod></PrefCommMethod><Destination>LIM,DUB</Destination><FlexPKGProfile>N</FlexPKGProfile>",Y,1900-01-01,Wilson_N,2025-05-13 00:00:00.000,Davies_Ja,2025-05-13 16:36:03.467,2025-05-14 06:43:12.710,2025-07-25 04:41:47.517,2025-05-14 06:43:12.710,0
17057,634572,"2026 Ireland South Daytripper - 8 Days/7 Nights - Direct Travel - March 22, 2026",Internal,"2026 Ireland South Daytripper - 8 Days/7 Nights - Direct Travel - March 22, 2026",2026-03-22,2026-03-22,2010-01-01,2026-12-31,SCH-IE-IDA,C,8,Y,N,AA,Y,N,,<Main><AirOffset>1</AirOffset><FromCity>NYC</FromCity><ToCity>SNN</ToCity><ReturnFromCity>DUB</ReturnFromCity><ReturnToCity>NYC</ReturnToCity><AirReturnOffset></AirReturnOffset></Main><AIWhoStamp>Biggins_Tr</AIWhoStamp><AIDateStamp>2020-04-21 17:32:50.000</AIDateStamp>,,,<Pre><First>Y</First></Pre>,<Post><Last>Y</Last></Post>,,IDA26,0,N,,30,,"<CarOver24Hrs>N</CarOver24Hrs><PrefCommMethod></PrefCommMethod><Destination>LIM,DUB</Destination><FlexPKGProfile>N</FlexPKGProfile>",Y,1900-01-01,Wilson_N,2025-05-13 00:00:00.000,Davies_Ja,2025-05-20 21:43:57.637,2025-05-21 06:42:32.540,2025-07-25 04:41:47.517,2025-05-21 06:42:32.540,0
17124,634572,"2026 Ireland South Daytripper - 8 Days/7 Nights - Direct Travel - March 22, 2026",Active,"2026 Ireland South Daytripper - 8 Days/7 Nights - Direct Travel - March 22, 2026",2026-03-22,2026-03-22,2010-01-01,2026-12-31,SCH-IE-IDA,C,8,Y,N,AA,Y,N,,<Main><AirOffset>1</AirOffset><FromCity>NYC</FromCity><ToCity>SNN</ToCity><ReturnFromCity>DUB</ReturnFromCity><ReturnToCity>NYC</ReturnToCity><AirReturnOffset></AirReturnOffset></Main><AIWhoStamp>Biggins_Tr</AIWhoStamp><AIDateStamp>2020-04-21 17:32:50.000</AIDateStamp>,,,<Pre><First>Y</First></Pre>,<Post><Last>Y</Last></Post>,,IDA26,0,N,,30,,"<CarOver24Hrs>N</CarOver24Hrs><PrefCommMethod></PrefCommMethod><Destination>LIM,DUB</Destination><FlexPKGProfile>N</FlexPKGProfile>",Y,1900-01-01,Wilson_N,2025-05-13 00:00:00.000,Wilson_N,2025-05-21 14:40:36.727,2025-05-22 06:56:39.240,2025-07-25 04:41:47.517,2025-05-22 06:56:39.240,0
16703,634578,"2026 Irish Adventure - 9 Days/8 Nights - Odyssey Travel - May 29, 2026",Internal,"2026 Irish Adventure - 9 Days/8 Nights - Odyssey Travel - May 29, 2026",2026-05-29,2026-05-29,2010-01-01,2026-12-31,SCH-IE-ADA,C,9,Y,N,AA/AAA,Y,N,,<Main><AirOffset>1</AirOffset><FromCity>NYC</FromCity><ToCity>DUB</ToCity><ReturnFromCity>DUB</ReturnFromCity><ReturnToCity>NYC</ReturnToCity></Main>,,,<Pre><First>Y</First></Pre>,<Post><Last>Y</Last></Post>,,ADA26,0,N,,20,,"<CarOver24Hrs>N</CarOver24Hrs><PrefCommMethod></PrefCommMethod><Destination>DUB,WAT,GAL,DER,KER</Destination><FlexPKGProfile>N</FlexPKGProfile>",Y,1900-01-01,Wilson_N,2025-05-13 00:00:00.000,Davies_Ja,2025-05-13 20:40:23.533,2025-05-14 06:43:12.710,2025-07-25 04:41:47.517,2025-05-14 06:43:12.710,0
16751,634578,"2026 Irish Adventure - 9 Days/8 Nights - Odyssey Travel - May 29, 2026",Active,"2026 Irish Adventure - 9 Days/8 Nights - Odyssey Travel - May 29, 2026",2026-05-29,2026-05-29,2010-01-01,2026-12-31,SCH-IE-ADA,C,9,Y,N,AA/AAA,Y,N,,<Main><AirOffset>1</AirOffset><FromCity>NYC</FromCity><ToCity>DUB</ToCity><ReturnFromCity>DUB</ReturnFromCity><ReturnToCity>NYC</ReturnToCity></Main>,,,<Pre><First>Y</First></Pre>,<Post><Last>Y</Last></Post>,,ADA26,0,N,,20,,"<CarOver24Hrs>N</CarOver24Hrs><PrefCommMethod></PrefCommMethod><Destination>DUB,WAT,GAL,DER,KER</Destination><FlexPKGProfile>N</FlexPKGProfile>",Y,1900-01-01,Wilson_N,2025-05-13 00:00:00.000,Davies_Ja,2025-05-14 14:49:38.220,2025-05-15 06:44:55.347,2025-05-28 07:00:44.447,2025-05-15 06:44:55.347,0
17584,634578,"2026 Irish Adventure - 9 Days/8 Nights - Odyssey Travel - May 29, 2026",Active,"2026 Irish Adventure - 9 Days/8 Nights - Odyssey Travel - May 29, 2026",2026-05-29,2026-05-29,2010-01-01,2026-12-31,SCH-IE-ADA,C,9,Y,N,AA/AAA,Y,N,,<Main><AirOffset>1</AirOffset><FromCity>NYC</FromCity><ToCity>DUB</ToCity><ReturnFromCity>DUB</ReturnFromCity><ReturnToCity>NYC</ReturnToCity></Main>,,,<Pre><First>Y</First></Pre>,<Post><Last>Y</Last></Post>,,ADA26,0,N,,20,,"<CarOver24Hrs>N</CarOver24Hrs><PrefCommMethod></PrefCommMethod><Destination>DUB,WAT,GAL,DER,KER</Destination><FlexPKGProfile>N</FlexPKGProfile>",Y,1900-01-01,Wilson_N,2025-05-13 00:00:00.000,Stynes_A,2025-05-27 12:09:06.103,2025-05-28 07:01:18.080,2025-07-29 04:43:22.807,2025-05-28 07:01:18.080,0
13487,626951,"2026 Tuscan Treasures with Cinque Terre - 8 Days/7 Nights - Cruise Planners - May 24, 2026",Pending,"2026 Tuscan Treasures with Cinque Terre - 8 Days/7 Nights - Cruise Planners - May 24, 2026",2026-05-24,2026-05-24,2010-01-01,2026-12-31,SCH-IT-TUA,C,8,Y,N,AA/AAA,Y,N,,<Main><AirOffset></AirOffset><FromCity>NYC</FromCity><ToCity>FLR</ToCity><ReturnFromCity>FLR</ReturnFromCity><ReturnToCity>NYC</ReturnToCity><AirReturnOffset></AirReturnOffset></Main><AIWhoStamp>Lyons_S</AIWhoStamp><AIDateStamp>2023-06-22 11:58:42.000</AIDateStamp>,,,<Pre><Service><ProductCode>ITPRENIGHTS</ProductCode><SupplierID>IT-MTC-CDM</SupplierID><ServiceID>STD-SBB</ServiceID></Service></Pre>,<Post><Last>Y</Last></Post>,,TUA26,0,N,,44,,<CarOver24Hrs>N</CarOver24Hrs><PrefCommMethod></PrefCommMethod><Destination>MTC</Destination><FlexPKGProfile>N</FlexPKGProfile>,Y,1900-01-01,doig_l,2025-02-06 00:00:00.000,Smith_R,2025-02-18 09:02:17.283,2025-02-06 00:00:00.000,2025-07-25 04:41:47.517,2025-04-08 08:40:08.187,0
15443,626951,"2026 Tuscan Treasures with Cinque Terre - 8 Days/7 Nights - Cruise Planners - May 24, 2026",Expired,"2026 Tuscan Treasures with Cinque Terre - 8 Days/7 Nights - Cruise Planners - May 24, 2026",2026-05-24,2026-05-24,2010-01-01,2026-12-31,SCH-IT-TUA,C,8,Y,N,AA/AAA,Y,N,,<Main><AirOffset></AirOffset><FromCity>NYC</FromCity><ToCity>FLR</ToCity><ReturnFromCity>FLR</ReturnFromCity><ReturnToCity>NYC</ReturnToCity><AirReturnOffset></AirReturnOffset></Main><AIWhoStamp>Lyons_S</AIWhoStamp><AIDateStamp>2023-06-22 11:58:42.000</AIDateStamp>,,,<Pre><Service><ProductCode>ITPRENIGHTS</ProductCode><SupplierID>IT-MTC-CDM</SupplierID><ServiceID>STD-SBB</ServiceID></Service></Pre>,<Post><Last>Y</Last></Post>,,TUA26,0,N,,44,,<CarOver24Hrs>N</CarOver24Hrs><PrefCommMethod></PrefCommMethod><Destination>MTC</Destination><FlexPKGProfile>N</FlexPKGProfile>,Y,1900-01-01,doig_l,2025-02-06 00:00:00.000,Davies_Ja,2025-04-15 15:47:44.720,2025-04-16 04:53:38.903,2025-06-03 06:38:26.533,2025-04-16 04:53:38.903,0
15756,626951,"2026 Tuscan Treasures with Cinque Terre - 8 Days/7 Nights - Cruise Planners - May 24, 2026",Expired,"2026 Tuscan Treasures with Cinque Terre - 8 Days/7 Nights - Cruise Planners - May 24, 2026",2026-05-24,2026-05-24,2010-01-01,2026-12-31,SCH-IT-TUA,C,8,Y,N,AA/AAA,Y,N,,<Main><AirOffset></AirOffset><FromCity>NYC</FromCity><ToCity>FLR</ToCity><ReturnFromCity>FLR</ReturnFromCity><ReturnToCity>NYC</ReturnToCity><AirReturnOffset></AirReturnOffset></Main><AIWhoStamp>Lyons_S</AIWhoStamp><AIDateStamp>2023-06-22 11:58:42.000</AIDateStamp>,,,<Pre><Service><ProductCode>ITPRENIGHTS</ProductCode><SupplierID>IT-MTC-CDM</SupplierID><ServiceID>STD-SBB</ServiceID></Service></Pre>,<Post><Last>Y</Last></Post>,,TUA26,0,N,,44,,<CarOver24Hrs>N</CarOver24Hrs><PrefCommMethod></PrefCommMethod><Destination>MTC</Destination><FlexPKGProfile>N</FlexPKGProfile>,Y,1900-01-01,doig_l,2025-02-06 00:00:00.000,Lyons_S,2025-04-25 11:16:20.060,2025-04-28 19:00:19.260,2025-06-03 06:38:26.533,2025-04-28 19:00:19.260,0
18021,626951,"2026 Tuscan Treasures with Cinque Terre - 8 Days/7 Nights - Cruise Planners - May 24, 2026",Expired,"2026 Tuscan Treasures with Cinque Terre - 8 Days/7 Nights - Cruise Planners - May 24, 2026",2026-05-24,2026-05-24,2010-01-01,2026-12-31,SCH-IT-TUA,C,8,Y,N,AA/AAA,Y,N,,<Main><AirOffset></AirOffset><FromCity>NYC</FromCity><ToCity>FLR</ToCity><ReturnFromCity>FLR</ReturnFromCity><ReturnToCity>NYC</ReturnToCity><AirReturnOffset></AirReturnOffset></Main><AIWhoStamp>Lyons_S</AIWhoStamp><AIDateStamp>2023-06-22 11:58:42.000</AIDateStamp>,,,<Pre><Service><ProductCode>ITPRENIGHTS</ProductCode><SupplierID>IT-MTC-CDM</SupplierID><ServiceID>STD-SBB</ServiceID></Service></Pre>,<Post><Last>Y</Last></Post>,,TUA26,0,N,,44,,<CarOver24Hrs>N</CarOver24Hrs><PrefCommMethod></PrefCommMethod><Destination>MTC</Destination><FlexPKGProfile>N</FlexPKGProfile>,Y,1900-01-01,doig_l,2025-02-06 00:00:00.000,Foster_S,2025-06-02 11:40:15.593,2025-06-03 06:39:03.193,2025-07-17 05:20:38.223,2025-06-03 06:39:03.193,0
16667,631205,"2026 Irish Adventure - 8 Days/7 Nights - Cruises & Tours Unlimited - Wildish Wander  - March 9, 2026",Active,"2026 Irish Adventure - 8 Days/7 Nights - Cruises & Tours Unlimited - Wildish Wander  - March 9, 2026",2026-03-09,2026-03-09,2010-01-01,2026-12-31,SCH-IE-ADA,C,8,Y,N,AA/AAA,Y,N,,<Main><AirOffset>1</AirOffset><FromCity>NYC</FromCity><ToCity>DUB</ToCity><ReturnFromCity>DUB</ReturnFromCity><ReturnToCity>NYC</ReturnToCity></Main>,,,,,,ADA26,0,N,,16,,"<CarOver24Hrs>N</CarOver24Hrs><PrefCommMethod></PrefCommMethod><Destination>DUB,WAT,GAL,DER,KER</Destination><FlexPKGProfile>N</FlexPKGProfile>",Y,1900-01-01,Wilson_N,2025-03-25 00:00:00.000,Stynes_A,2025-05-13 14:19:58.707,2025-05-14 06:43:12.710,2025-07-25 04:41:47.517,2025-05-14 06:43:12.710,0
13775,631207,"2026 Scottish Clans & Castles - 10 Days/9 Nights - Cruise Planners - June 25, 2026",Pending,"2026 Scottish Clans & Castles - 10 Days/9 Nights - Cruise Planners - June 25, 2026",2026-06-25,2026-06-25,2010-01-01,2026-12-31,SCH-GB-CCA,C,10,Y,N,AA/AAA,Y,N,,<Main><AirOffset>1</AirOffset><FromCity>NYC</FromCity><ToCity>EDI</ToCity><ReturnFromCity>EDI</ReturnFromCity><ReturnToCity>NYC</ReturnToCity><AirReturnOffset></AirReturnOffset></Main><AIWhoStamp>Biggins_Tr</AIWhoStamp><AIDateStamp>2022-09-06 16:25:23.000</AIDateStamp>,,,<Pre><First>Y</First></Pre>,,,CCA26,0,N,,10,,"<CarOver24Hrs>N</CarOver24Hrs><PrefCommMethod></PrefCommMethod><Destination>FIF,RSS,GLA,ABD,INV</Destination><FlexPKGProfile>N</FlexPKGProfile>",Y,1900-01-01,Wilson_N,2025-03-25 00:00:00.000,Davies_Ja,2025-03-25 13:47:31.640,2025-03-25 00:00:00.000,2025-07-25 04:41:47.517,2025-04-08 08:40:08.187,0
15311,631207,"2026 Scottish Clans & Castles - 10 Days/9 Nights - Cruise Planners - June 25, 2026",Pending,"2026 Scottish Clans & Castles - 10 Days/9 Nights - Cruise Planners - June 25, 2026",2026-06-25,2026-06-25,2010-01-01,2026-12-31,SCH-GB-CCA,C,10,Y,N,AA/AAA,Y,N,,<Main><AirOffset>1</AirOffset><FromCity>NYC</FromCity><ToCity>EDI</ToCity><ReturnFromCity>EDI</ReturnFromCity><ReturnToCity>NYC</ReturnToCity><AirReturnOffset></AirReturnOffset></Main><AIWhoStamp>Biggins_Tr</AIWhoStamp><AIDateStamp>2022-09-06 16:25:23.000</AIDateStamp>,,,<Pre><First>Y</First></Pre>,,,CCA26,0,N,,10,,"<CarOver24Hrs>N</CarOver24Hrs><PrefCommMethod></PrefCommMethod><Destination>FIF,RSS,GLA,ABD,INV</Destination><FlexPKGProfile>N</FlexPKGProfile>",Y,1900-01-01,Wilson_N,2025-03-25 00:00:00.000,Lyons_S,2025-04-11 11:35:08.460,2025-04-15 09:44:58.910,2025-07-25 04:41:47.517,2025-04-15 09:44:58.910,0
15465,631207,"2026 Scottish Clans & Castles - 10 Days/9 Nights - Cruise Planners - June 25, 2026",Expired,"2026 Scottish Clans & Castles - 10 Days/9 Nights - Cruise Planners - June 25, 2026",2026-06-25,2026-06-25,2010-01-01,2026-12-31,SCH-GB-CCA,C,10,Y,N,AA/AAA,Y,N,,<Main><AirOffset>1</AirOffset><FromCity>NYC</FromCity><ToCity>EDI</ToCity><ReturnFromCity>EDI</ReturnFromCity><ReturnToCity>NYC</ReturnToCity><AirReturnOffset></AirReturnOffset></Main><AIWhoStamp>Biggins_Tr</AIWhoStamp><AIDateStamp>2022-09-06 16:25:23.000</AIDateStamp>,,,<Pre><First>Y</First></Pre>,,,CCA26,0,N,,10,,"<CarOver24Hrs>N</CarOver24Hrs><PrefCommMethod></PrefCommMethod><Destination>FIF,RSS,GLA,ABD,INV</Destination><FlexPKGProfile>N</FlexPKGProfile>",Y,1900-01-01,Wilson_N,2025-03-25 00:00:00.000,Lyons_S,2025-04-15 17:29:25.230,2025-04-16 04:53:38.903,2025-05-18 06:42:14.730,2025-04-16 04:53:38.903,0
16100,631207,"2026 Scottish Clans & Castles - 10 Days/9 Nights - Cruise Planners - June 25, 2026",Expired,"2026 Scottish Clans & Castles - 10 Days/9 Nights - Cruise Planners - June 25, 2026",2026-06-25,2026-06-25,2010-01-01,2026-12-31,SCH-GB-CCA,C,10,Y,N,AA/AAA,Y,N,,<Main><AirOffset>1</AirOffset><FromCity>NYC</FromCity><ToCity>EDI</ToCity><ReturnFromCity>EDI</ReturnFromCity><ReturnToCity>NYC</ReturnToCity><AirReturnOffset></AirReturnOffset></Main><AIWhoStamp>Biggins_Tr</AIWhoStamp><AIDateStamp>2022-09-06 16:25:23.000</AIDateStamp>,,,<Pre><First>Y</First></Pre>,,,CCA26,0,N,,10,,"<CarOver24Hrs>N</CarOver24Hrs><PrefCommMethod></PrefCommMethod><Destination>RSS,ABD,INV,GLA,FIF</Destination><FlexPKGProfile>N</FlexPKGProfile>",Y,1900-01-01,Wilson_N,2025-03-25 00:00:00.000,Zanchetta_I,2025-05-01 10:12:37.693,2025-05-02 04:23:56.197,2025-05-18 06:42:14.730,2025-05-02 04:23:56.197,0
16873,631207,"2026 Scottish Clans & Castles - 10 Days/9 Nights - Cruise Planners - June 25, 2026",Expired,"2026 Scottish Clans & Castles - 10 Days/9 Nights - Cruise Planners - June 25, 2026",2026-06-25,2026-06-25,2010-01-01,2026-12-31,SCH-GB-CCA,C,10,Y,N,AA/AAA,Y,N,,<Main><AirOffset>1</AirOffset><FromCity>NYC</FromCity><ToCity>EDI</ToCity><ReturnFromCity>EDI</ReturnFromCity><ReturnToCity>NYC</ReturnToCity><AirReturnOffset></AirReturnOffset></Main><AIWhoStamp>Biggins_Tr</AIWhoStamp><AIDateStamp>2022-09-06 16:25:23.000</AIDateStamp>,,,<Pre><First>Y</First></Pre>,,,CCA26,0,N,,10,,"<CarOver24Hrs>N</CarOver24Hrs><PrefCommMethod></PrefCommMethod><Destination>RSS,ABD,INV,GLA,FIF</Destination><FlexPKGProfile>N</FlexPKGProfile>",Y,1900-01-01,Wilson_N,2025-03-25 00:00:00.000,Lyons_S,2025-05-16 19:33:53.390,2025-05-18 06:42:47.047,2025-11-13 06:25:21.820,2025-05-18 06:42:47.047,0
15343,632396,"2026 Taste of Scotland & Ireland - 11 Days/10 Nights - The Gifford Group - October 9, 2026",Pending,"2026 Taste of Scotland & Ireland - 11 Days/10 Nights - The Gifford Group - October 9, 2026",2026-10-09,2026-10-09,2010-01-01,2026-12-31,SCH-GB-SCA,C,11,Y,N,AA/AAA,Y,N,,<Main><AirOffset>1</AirOffset><FromCity>NYC</FromCity><ToCity>EDI</ToCity><ReturnFromCity>DUB</ReturnFromCity><ReturnToCity>NYC</ReturnToCity><AirReturnOffset></AirReturnOffset></Main><AIWhoStamp>Biggins_Tr</AIWhoStamp><AIDateStamp>2022-09-06 17:09:55.000</AIDateStamp>,,,<Pre><Service><ProductCode>UKPRENIGHTS</ProductCode><SupplierID>GB-GLA-GTH</SupplierID><ServiceID>STD-SBB</ServiceID></Service></Pre>,<Post><Last>Y</Last></Post>,,SCA26,0,N,,12,,"<CarOver24Hrs>N</CarOver24Hrs><PrefCommMethod></PrefCommMethod><Destination>GLA,NAI,EDI,KER,DUB,LIM</Destination><FlexPKGProfile>N</FlexPKGProfile>",Y,1900-01-01,doig_l,2025-04-10 00:00:00.000,Lyons_S,2025-04-11 15:30:44.843,2025-04-10 00:00:00.000,2025-07-25 04:41:47.517,2025-04-15 09:44:58.910,0
16196,632396,"2026 Taste of Scotland & Ireland - 11 Days/10 Nights - The Gifford Group - October 9, 2026",Pending,"2026 Taste of Scotland & Ireland - 11 Days/10 Nights - The Gifford Group - October 9, 2026",2026-10-09,2026-10-09,2010-01-01,2026-12-31,SCH-GB-SCA,C,11,Y,N,AA/AAA,Y,N,,<Main><AirOffset>1</AirOffset><FromCity>NYC</FromCity><ToCity>EDI</ToCity><ReturnFromCity>DUB</ReturnFromCity><ReturnToCity>NYC</ReturnToCity><AirReturnOffset></AirReturnOffset></Main><AIWhoStamp>Biggins_Tr</AIWhoStamp><AIDateStamp>2022-09-06 17:09:55.000</AIDateStamp>,,,<Pre><Service><ProductCode>UKPRENIGHTS</ProductCode><SupplierID>GB-GLA-GTH</SupplierID><ServiceID>STD-SBB</ServiceID></Service></Pre>,<Post><Last>Y</Last></Post>,,SCA26,0,N,,12,,"<CarOver24Hrs>N</CarOver24Hrs><PrefCommMethod></PrefCommMethod><Destination>GLA,NAI,EDI,KER,DUB,LIM</Destination><FlexPKGProfile>N</FlexPKGProfile>",Y,1900-01-01,doig_l,2025-04-10 00:00:00.000,Stynes_A,2025-05-02 14:25:51.877,2025-05-03 04:35:37.930,2025-07-25 04:41:47.517,2025-05-03 04:35:37.930,0
16346,632396,"2026 Taste of Scotland & Ireland - 11 Days/10 Nights - The Gifford Group - October 9, 2026",Expired,"2026 Taste of Scotland & Ireland - 11 Days/10 Nights - The Gifford Group - October 9, 2026",2026-10-09,2026-10-09,2010-01-01,2026-12-31,SCH-GB-SCA,C,11,Y,N,AA/AAA,Y,N,,<Main><AirOffset>1</AirOffset><FromCity>NYC</FromCity><ToCity>EDI</ToCity><ReturnFromCity>DUB</ReturnFromCity><ReturnToCity>NYC</ReturnToCity><AirReturnOffset></AirReturnOffset></Main><AIWhoStamp>Biggins_Tr</AIWhoStamp><AIDateStamp>2022-09-06 17:09:55.000</AIDateStamp>,,,<Pre><Service><ProductCode>UKPRENIGHTS</ProductCode><SupplierID>GB-GLA-GTH</SupplierID><ServiceID>STD-SBB</ServiceID></Service></Pre>,<Post><Last>Y</Last></Post>,,SCA26,0,N,,12,,"<CarOver24Hrs>N</CarOver24Hrs><PrefCommMethod></PrefCommMethod><Destination>GLA,NAI,EDI,KER,DUB,LIM</Destination><FlexPKGProfile>N</FlexPKGProfile>",Y,1900-01-01,doig_l,2025-04-10 00:00:00.000,Markle_M,2025-05-06 21:45:14.657,2025-05-07 04:32:50.770,2026-01-15 06:51:34.973,2025-05-07 04:32:50.770,0
15344,632403,TRAVELMATION,Pending,TRAVELMATION,2025-09-25,2025-09-25,2025-04-10,2025-09-25,GRP-IE-ND-WH,C,6,Y,N,N,Y,N,,,,,,,,IE-632403,0,Y,"L:5|7AA-0AA/0A,7.5|9.5AA-0AA/0A,10|12AA-0AA/0A,12.5|14.5AA-0AA/0A,15|17AA-0AA/0A,17.5|19.5AA-0AA/0A,20|22AA-0AA/0A,22.5|24AA-0AA/0A,48X;A:5|7AA-0AA/0A,7.5|9.5AA-0AA/0A,10|12AA-0AA/0A,12.5|14.5AA-0AA/0A,15|17AA-0AA/0A,17.5|19.5AA-0AA/0A,20|22AA-0AA/0A,22.5|24AA-0AA/0A,48X",20,,<CarOver24Hrs>N</CarOver24Hrs><FlexPKGProfile>N</FlexPKGProfile>,N,1900-01-01,Hager_W,2025-04-10 00:00:00.000,Hager_W,2025-04-10 22:10:33.730,2025-04-10 00:00:00.000,2025-07-25 04:41:47.517,2025-04-15 09:44:58.910,0
15345,632441,"2026 Northern Lights Quest of Iceland - 6 Days/5 Nights - The Copley Group - February 22, 2026",Pending,"2026 Northern Lights Quest of Iceland - 6 Days/5 Nights - The Copley Group - February 22, 2026",2026-02-22,2026-02-22,2010-01-01,2026-12-31,SCH-IS-ICN,C,6,Y,N,AA,Y,N,,<Main><AirOffset>1</AirOffset><FromCity>NYC</FromCity><ToCity>REK</ToCity><ReturnFromCity>REK</ReturnFromCity><ReturnToCity>NYC</ReturnToCity><AirReturnOffset></AirReturnOffset></Main><AIWhoStamp>McInerney_M</AIWhoStamp><AIDateStamp>2018-11-29 09:30:09.000</AIDateStamp>,,,<Pre><First>Y</First></Pre>,<Post><Last>Y</Last></Post>,,ICN26,0,N,,10,,"<CarOver24Hrs>N</CarOver24Hrs><PrefCommMethod></PrefCommMethod><Destination>NUP,REK,HLL</Destination><FlexPKGProfile>N</FlexPKGProfile>",Y,1900-01-01,doig_l,2025-04-11 00:00:00.000,Davies_Ja,2025-04-11 17:57:11.543,2025-04-11 00:00:00.000,2025-07-25 04:41:47.517,2025-04-15 09:44:58.910,0
15851,632441,"2026 Northern Lights Quest of Iceland - 6 Days/5 Nights - The Copley Group - February 22, 2026",Expired,"2026 Northern Lights Quest of Iceland - 6 Days/5 Nights - The Copley Group - February 22, 2026",2026-02-22,2026-02-22,2010-01-01,2026-12-31,SCH-IS-ICN,C,6,Y,N,AA,Y,N,,<Main><AirOffset>1</AirOffset><FromCity>NYC</FromCity><ToCity>REK</ToCity><ReturnFromCity>REK</ReturnFromCity><ReturnToCity>NYC</ReturnToCity><AirReturnOffset></AirReturnOffset></Main><AIWhoStamp>McInerney_M</AIWhoStamp><AIDateStamp>2018-11-29 09:30:09.000</AIDateStamp>,,,<Pre><First>Y</First></Pre>,<Post><Last>Y</Last></Post>,,ICN26,0,N,,10,,"<CarOver24Hrs>N</CarOver24Hrs><PrefCommMethod></PrefCommMethod><Destination>NUP,REK,HLL</Destination><FlexPKGProfile>N</FlexPKGProfile>",Y,1900-01-01,doig_l,2025-04-11 00:00:00.000,doig_l,2025-04-25 18:18:46.850,2025-04-28 19:00:19.260,2025-05-28 07:00:44.447,2025-04-28 19:00:19.260,0
17569,632441,"2026 Northern Lights Quest of Iceland - 6 Days/5 Nights - The Copley Group - February 22, 2026",Expired,"2026 Northern Lights Quest of Iceland - 6 Days/5 Nights - The Copley Group - February 22, 2026",2026-02-22,2026-02-22,2010-01-01,2026-12-31,SCH-IS-ICN,C,6,Y,N,AA,Y,N,,<Main><AirOffset>1</AirOffset><FromCity>NYC</FromCity><ToCity>REK</ToCity><ReturnFromCity>REK</ReturnFromCity><ReturnToCity>NYC</ReturnToCity><AirReturnOffset></AirReturnOffset></Main><AIWhoStamp>McInerney_M</AIWhoStamp><AIDateStamp>2018-11-29 09:30:09.000</AIDateStamp>,,,<Pre><First>Y</First></Pre>,<Post><Last>Y</Last></Post>,,ICN26,0,N,,10,,"<CarOver24Hrs>N</CarOver24Hrs><PrefCommMethod></PrefCommMethod><Destination>NUP,REK,HLL</Destination><FlexPKGProfile>N</FlexPKGProfile>",Y,1900-01-01,doig_l,2025-04-11 00:00:00.000,Tancred_E,2025-05-27 15:09:26.723,2025-05-28 07:01:18.080,2025-06-16 11:39:06.717,2025-05-28 07:01:18.080,0
16456,634128,"2026 Irish Adventure- 9 Days/8 Nights- Write Your Adventures Travel- August 14, 2026",Active,"2026 Irish Adventure- 9 Days/8 Nights- Write Your Adventures Travel- August 14, 2026",2026-08-14,2026-08-14,2010-01-01,2026-12-31,SCH-IE-ADA,C,9,Y,N,AA/AAA,Y,N,,<Main><AirOffset>1</AirOffset><FromCity>NYC</FromCity><ToCity>DUB</ToCity><ReturnFromCity>DUB</ReturnFromCity><ReturnToCity>NYC</ReturnToCity></Main>,,,<Pre><First>Y</First></Pre>,<Post><Last>Y</Last></Post>,,ADA26,0,N,,24,,"<CarOver24Hrs>N</CarOver24Hrs><PrefCommMethod></PrefCommMethod><Destination>DUB,WAT,GAL,DER,KER</Destination><FlexPKGProfile>N</FlexPKGProfile>",Y,1900-01-01,doig_l,2025-05-06 00:00:00.000,doig_l,2025-05-08 20:19:21.127,2025-05-09 04:35:46.410,2025-05-14 06:42:39.163,2025-05-09 04:35:46.410,0
16688,634128,"2026 Irish Adventure- 9 Days/8 Nights- Write Your Adventures Travel- August 14, 2026",Active,"2026 Irish Adventure- 9 Days/8 Nights- Write Your Adventures Travel- August 14, 2026",2026-08-14,2026-08-14,2010-01-01,2026-12-31,SCH-IE-ADA,C,9,Y,N,AA/AAA,Y,N,,<Main><AirOffset>1</AirOffset><FromCity>NYC</FromCity><ToCity>DUB</ToCity><ReturnFromCity>DUB</ReturnFromCity><ReturnToCity>NYC</ReturnToCity></Main>,,,<Pre><First>Y</First></Pre>,<Post><Last>Y</Last></Post>,,ADA26,0,N,,24,,"<CarOver24Hrs>N</CarOver24Hrs><PrefCommMethod></PrefCommMethod><Destination>DUB,WAT,GAL,DER,KER</Destination><FlexPKGProfile>N</FlexPKGProfile>",Y,1900-01-01,doig_l,2025-05-06 00:00:00.000,Stynes_A,2025-05-13 14:19:58.707,2025-05-14 06:43:12.710,2025-07-29 04:43:22.807,2025-05-14 06:43:12.710,0
16364,634137,"2026 Scottish Clans & Castles - 10 Days/9 Nights - Integrity Destinations - September 3, 2026",Multi-Pending,"2026 Scottish Clans & Castles - 10 Days/9 Nights - Integrity Destinations - September 3, 2026",2026-09-03,2026-09-03,2010-01-01,2026-12-31,SCH-GB-CCA,C,10,Y,N,AA/AAA,Y,N,,<Main><AirOffset>1</AirOffset><FromCity>NYC</FromCity><ToCity>EDI</ToCity><ReturnFromCity>EDI</ReturnFromCity><ReturnToCity>NYC</ReturnToCity><AirReturnOffset></AirReturnOffset></Main><AIWhoStamp>Biggins_Tr</AIWhoStamp><AIDateStamp>2022-09-06 16:25:23.000</AIDateStamp>,,,<Pre><First>Y</First></Pre>,,,CCA26,0,N,,10,,"<CarOver24Hrs>N</CarOver24Hrs><PrefCommMethod></PrefCommMethod><Destination>RSS,ABD,INV,GLA,FIF</Destination><FlexPKGProfile>N</FlexPKGProfile>",Y,1900-01-01,Wilson_N,2025-05-06 00:00:00.000,Davies_Ja,2025-05-06 17:58:03.450,2025-05-06 00:00:00.000,2025-07-25 04:41:47.517,2025-05-07 04:32:50.770,0
16415,634137,"2026 Scottish Clans & Castles - 10 Days/9 Nights - Integrity Destinations - September 3, 2026",Active,"2026 Scottish Clans & Castles - 10 Days/9 Nights - Integrity Destinations - September 3, 2026",2026-09-03,2026-09-03,2010-01-01,2026-12-31,SCH-GB-CCA,C,10,Y,N,AA/AAA,Y,N,,<Main><AirOffset>1</AirOffset><FromCity>NYC</FromCity><ToCity>EDI</ToCity><ReturnFromCity>EDI</ReturnFromCity><ReturnToCity>NYC</ReturnToCity><AirReturnOffset></AirReturnOffset></Main><AIWhoStamp>Biggins_Tr</AIWhoStamp><AIDateStamp>2022-09-06 16:25:23.000</AIDateStamp>,,,<Pre><First>Y</First></Pre>,,,CCA26,0,N,,10,,"<CarOver24Hrs>N</CarOver24Hrs><PrefCommMethod></PrefCommMethod><Destination>RSS,ABD,INV,GLA,FIF</Destination><FlexPKGProfile>N</FlexPKGProfile>",Y,1900-01-01,Wilson_N,2025-05-06 00:00:00.000,Wilson_N,2025-05-07 21:18:22.973,2025-05-08 04:34:50.883,2025-05-18 06:42:14.730,2025-05-08 04:34:50.883,0
16457,634137,"2026 Scottish Clans & Castles - 10 Days/9 Nights - Integrity Destinations - September 3, 2026",Active,"2026 Scottish Clans & Castles - 10 Days/9 Nights - Integrity Destinations - September 3, 2026",2026-09-03,2026-09-03,2010-01-01,2026-12-31,SCH-GB-CCA,C,10,Y,N,AA/AAA,Y,N,,<Main><AirOffset>1</AirOffset><FromCity>NYC</FromCity><ToCity>EDI</ToCity><ReturnFromCity>EDI</ReturnFromCity><ReturnToCity>NYC</ReturnToCity><AirReturnOffset></AirReturnOffset></Main><AIWhoStamp>Biggins_Tr</AIWhoStamp><AIDateStamp>2022-09-06 16:25:23.000</AIDateStamp>,,,<Pre><First>Y</First></Pre>,,,CCA26,0,N,,10,,"<CarOver24Hrs>N</CarOver24Hrs><PrefCommMethod></PrefCommMethod><Destination>RSS,ABD,INV,GLA,FIF</Destination><FlexPKGProfile>N</FlexPKGProfile>",Y,1900-01-01,Wilson_N,2025-05-06 00:00:00.000,Tancred_E,2025-05-08 16:32:12.920,2025-05-09 04:35:46.410,2025-05-18 06:42:14.730,2025-05-09 04:35:46.410,0
16878,634137,"2026 Scottish Clans & Castles - 10 Days/9 Nights - Integrity Destinations - September 3, 2026",Active,"2026 Scottish Clans & Castles - 10 Days/9 Nights - Integrity Destinations - September 3, 2026",2026-09-03,2026-09-03,2010-01-01,2026-12-31,SCH-GB-CCA,C,10,Y,N,AA/AAA,Y,N,,<Main><AirOffset>1</AirOffset><FromCity>NYC</FromCity><ToCity>EDI</ToCity><ReturnFromCity>EDI</ReturnFromCity><ReturnToCity>NYC</ReturnToCity><AirReturnOffset></AirReturnOffset></Main><AIWhoStamp>Biggins_Tr</AIWhoStamp><AIDateStamp>2022-09-06 16:25:23.000</AIDateStamp>,,,<Pre><First>Y</First></Pre>,,,CCA26,0,N,,10,,"<CarOver24Hrs>N</CarOver24Hrs><PrefCommMethod></PrefCommMethod><Destination>RSS,ABD,INV,GLA,FIF</Destination><FlexPKGProfile>N</FlexPKGProfile>",Y,1900-01-01,Wilson_N,2025-05-06 00:00:00.000,Lyons_S,2025-05-16 19:33:53.483,2025-05-18 06:42:47.047,2025-06-08 05:25:39.740,2025-05-18 06:42:47.047,0
16895,634834,"2026 Northern Lights Quest of Iceland - 6 Days/5 Nights - Dream Vacations - September 27, 2026",Pending,"2026 Northern Lights Quest of Iceland - 6 Days/5 Nights - Dream Vacations - September 27, 2026",2026-09-27,2026-09-27,2010-01-01,2026-12-31,SCH-IS-ICN,C,6,Y,N,AA,Y,N,,<Main><AirOffset>1</AirOffset><FromCity>NYC</FromCity><ToCity>REK</ToCity><ReturnFromCity>REK</ReturnFromCity><ReturnToCity>NYC</ReturnToCity><AirReturnOffset></AirReturnOffset></Main><AIWhoStamp>McInerney_M</AIWhoStamp><AIDateStamp>2018-11-29 09:30:09.000</AIDateStamp>,,,<Pre><First>Y</First></Pre>,<Post><Last>Y</Last></Post>,,ICN26,0,N,,20,,"<CarOver24Hrs>N</CarOver24Hrs><PrefCommMethod></PrefCommMethod><Destination>NUP,REK,HLL</Destination><FlexPKGProfile>N</FlexPKGProfile>",Y,1900-01-01,Wilson_N,2025-05-16 00:00:00.000,Davies_Ja,2025-05-16 16:02:58.933,2025-05-18 06:42:47.047,2025-05-28 07:00:44.447,2025-05-18 06:42:47.047,0
17591,634834,"2026 Northern Lights Quest of Iceland - 6 Days/5 Nights - Dream Vacations - September 27, 2026",Pending,"2026 Northern Lights Quest of Iceland - 6 Days/5 Nights - Dream Vacations - September 27, 2026",2026-09-27,2026-09-27,2010-01-01,2026-12-31,SCH-IS-ICN,C,6,Y,N,AA,Y,N,,<Main><AirOffset>1</AirOffset><FromCity>NYC</FromCity><ToCity>REK</ToCity><ReturnFromCity>REK</ReturnFromCity><ReturnToCity>NYC</ReturnToCity><AirReturnOffset></AirReturnOffset></Main><AIWhoStamp>McInerney_M</AIWhoStamp><AIDateStamp>2018-11-29 09:30:09.000</AIDateStamp>,,,<Pre><First>Y</First></Pre>,<Post><Last>Y</Last></Post>,,ICN26,0,N,,20,,"<CarOver24Hrs>N</CarOver24Hrs><PrefCommMethod></PrefCommMethod><Destination>NUP,REK,HLL</Destination><FlexPKGProfile>N</FlexPKGProfile>",Y,1900-01-01,Wilson_N,2025-05-16 00:00:00.000,Tancred_E,2025-05-27 15:09:26.800,2025-05-28 07:01:18.080,2025-06-16 11:39:06.717,2025-05-28 07:01:18.080,0
16896,634842,Italy - Joy of the Journey Travel,Pending,Italy - Joy of the Journey Travel,2026-04-11,2026-04-11,2025-05-16,2026-04-11,GRP-EU-KS,C,10,Y,N,N,Y,N,,,,,,,,EU-634842,0,Y,"L:5|7AA-0AA/0A,7.5|9.5AA-0AA/0A,10|12AA-0AA/0A,12.5|14.5AA-0AA/0A,15|17AA-0AA/0A,17.5|19.5AA-0AA/0A,20|22AA-0AA/0A,22.5|24AA-0AA/0A,48X;A:5|7AA-0AA/0A,7.5|9.5AA-0AA/0A,10|12AA-0AA/0A,12.5|14.5AA-0AA/0A,15|17AA-0AA/0A,17.5|19.5AA-0AA/0A,20|22AA-0AA/0A,22.5|24AA-0AA/0A,48X",15,,<CarOver24Hrs>N</CarOver24Hrs><FlexPKGProfile>N</FlexPKGProfile>,N,1900-01-01,Smith_K,2025-05-16 00:00:00.000,Smith_K,2025-05-16 16:56:13.443,2025-05-18 06:42:47.047,2025-07-25 04:41:47.517,2025-05-18 06:42:47.047,0
17592,634842,Italy - Joy of the Journey Travel,Internal,Italy - Joy of the Journey Travel,2026-04-11,2026-04-11,2025-05-16,2026-04-11,GRP-EU-KS,C,10,Y,N,N,Y,N,,,,,,,,EU-634842,0,Y,"L:5|7AA-0AA/0A,14X;A:5|7AA-0AA/0A,14X",10,,<CarOver24Hrs>N</CarOver24Hrs><FlexPKGProfile>N</FlexPKGProfile>,Y,1900-01-01,Smith_K,2025-05-16 00:00:00.000,Smith_K,2025-05-27 21:02:47.543,2025-05-28 07:01:18.080,2025-07-25 04:41:47.517,2025-05-28 07:01:18.080,0
16897,634846,"2026 Irish Adventure - 9 Days/8 Nights - Cruises & Tours Unlimited - April 8, 2026",Pending,"2026 Irish Adventure - 9 Days/8 Nights - Cruises & Tours Unlimited - April 8, 2026",2026-04-08,2026-04-08,2010-01-01,2026-12-31,SCH-IE-ADA,C,9,Y,N,AA/AAA,Y,N,,<Main><AirOffset>1</AirOffset><FromCity>NYC</FromCity><ToCity>DUB</ToCity><ReturnFromCity>DUB</ReturnFromCity><ReturnToCity>NYC</ReturnToCity></Main>,,,<Pre><First>Y</First></Pre>,<Post><Last>Y</Last></Post>,,ADA26,0,N,,16,,"<CarOver24Hrs>N</CarOver24Hrs><PrefCommMethod></PrefCommMethod><Destination>DUB,WAT,GAL,DER,KER</Destination><FlexPKGProfile>N</FlexPKGProfile>",Y,1900-01-01,Wilson_N,2025-05-16 00:00:00.000,Caldeira_N,2025-05-16 17:30:50.127,2025-05-18 06:42:47.047,2025-07-25 04:41:47.517,2025-05-18 06:42:47.047,0
17593,634846,"2026 Irish Adventure - 9 Days/8 Nights - Cruises & Tours Unlimited - April 8, 2026",Active,"2026 Irish Adventure - 9 Days/8 Nights - Cruises & Tours Unlimited - April 8, 2026",2026-04-08,2026-04-08,2010-01-01,2026-12-31,SCH-IE-ADA,C,9,Y,N,AA/AAA,Y,N,,<Main><AirOffset>1</AirOffset><FromCity>NYC</FromCity><ToCity>DUB</ToCity><ReturnFromCity>DUB</ReturnFromCity><ReturnToCity>NYC</ReturnToCity></Main>,,,<Pre><First>Y</First></Pre>,<Post><Last>Y</Last></Post>,,ADA26,0,N,,16,,"<CarOver24Hrs>N</CarOver24Hrs><PrefCommMethod></PrefCommMethod><Destination>DUB,WAT,GAL,DER,KER</Destination><FlexPKGProfile>N</FlexPKGProfile>",Y,1900-01-01,Wilson_N,2025-05-16 00:00:00.000,Wilson_N,2025-05-27 17:50:01.630,2025-05-28 07:01:18.080,2025-07-25 04:41:47.517,2025-05-28 07:01:18.080,0
14207,GB-SIA-26-13D,2026 Scottish Isles & Glens - 13 Days/12 Nights,Active,2026 Scottish Isles & Glens - 13 Days/12 Nights,2026-01-01,2026-12-31,2010-01-01,2026-12-31,SCH-GB-SIA,T,13,Y,N,N,Y,Y,,<Main><AirOffset>1</AirOffset><FromCity>NYC</FromCity><ToCity>EDI</ToCity><ReturnFromCity>EDI</ReturnFromCity><ReturnToCity>NYC</ReturnToCity><AirReturnOffset></AirReturnOffset></Main><AIWhoStamp>Biggins_Tr</AIWhoStamp><AIDateStamp>2022-09-06 11:50:21.000</AIDateStamp>,,,<Pre><Service><ProductCode>UKPRENIGHTS</ProductCode><SupplierID>GB-GLA-GGH</SupplierID><ServiceID>STD-SBB</ServiceID></Service></Pre>,<Post><Last>Y</Last></Post>,,SIA26,0,N,"L:9|18AA-0AA/0A,36X;A:9|18AA-0AA/0A,36X",36,,"<CarOver24Hrs>N</CarOver24Hrs><PrefCommMethod></PrefCommMethod><Destination>RSS,KIO,EDI,PES,GAI,INV,GLA</Destination><FlexPKGProfile>N</FlexPKGProfile>",N,1900-01-01,SoftripA,2024-08-23 00:00:00.000,Tancred_E,2025-04-03 12:00:03.873,2024-08-23 00:00:00.000,2025-05-27 07:13:52.930,2025-04-08 08:40:08.187,0
17335,GB-SIA-26-13D,2026 Scottish Isles & Glens - 13 Days/12 Nights,Active,2026 Scottish Isles & Glens - 13 Days/12 Nights,2026-01-01,2026-12-31,2010-01-01,2026-12-31,SCH-GB-SIA,T,13,Y,N,N,Y,Y,,<Main><AirOffset>1</AirOffset><FromCity>NYC</FromCity><ToCity>EDI</ToCity><ReturnFromCity>EDI</ReturnFromCity><ReturnToCity>NYC</ReturnToCity><AirReturnOffset></AirReturnOffset></Main><AIWhoStamp>Biggins_Tr</AIWhoStamp><AIDateStamp>2022-09-06 11:50:21.000</AIDateStamp>,,,<Pre><Service><ProductCode>UKPRENIGHTS</ProductCode><SupplierID>GB-GLA-GGH</SupplierID><ServiceID>STD-SBB</ServiceID></Service></Pre>,<Post><Last>Y</Last></Post>,,SIA26,0,N,"L:9|18AA-0AA/0A,36X;A:9|18AA-0AA/0A,36X",36,,"<CarOver24Hrs>N</CarOver24Hrs><PrefCommMethod></PrefCommMethod><Destination>RSS,KIO,EDI,PES,GAI,INV,GLA</Destination><FlexPKGProfile>N</FlexPKGProfile>",N,1900-01-01,SoftripA,2024-08-23 00:00:00.000,Foster_S,2025-05-22 15:27:32.133,2025-05-23 06:31:23.863,2025-05-27 07:13:52.930,2025-05-23 06:31:23.863,0
17464,GB-SIA-26-13D,2026 Scottish Isles & Glens - 13 Days/12 Nights,Active,2026 Scottish Isles & Glens - 13 Days/12 Nights,2026-01-01,2026-12-31,2010-01-01,2026-12-31,SCH-GB-SIA,T,13,Y,N,N,Y,Y,,<Main><AirOffset>1</AirOffset><FromCity>NYC</FromCity><ToCity>EDI</ToCity><ReturnFromCity>EDI</ReturnFromCity><ReturnToCity>NYC</ReturnToCity><AirReturnOffset></AirReturnOffset></Main><AIWhoStamp>Biggins_Tr</AIWhoStamp><AIDateStamp>2022-09-06 11:50:21.000</AIDateStamp>,,,<Pre><Service><ProductCode>UKPRENIGHTS</ProductCode><SupplierID>GB-GLA-GGH</SupplierID><ServiceID>STD-SBB</ServiceID></Service></Pre>,<Post><Last>Y</Last></Post>,,SIA26,0,N,"L:9|18AA-0AA/0A,36X;A:9|18AA-0AA/0A,36X",36,,"<CarOver24Hrs>N</CarOver24Hrs><PrefCommMethod></PrefCommMethod><Destination>RSS,KIO,EDI,PES,GAI,INV,GLA</Destination><FlexPKGProfile>N</FlexPKGProfile>",N,1900-01-01,SoftripA,2024-08-23 00:00:00.000,Lyons_S,2025-05-26 16:37:04.620,2025-05-27 07:14:18.497,2025-06-12 06:15:05.763,2025-05-27 07:14:18.497,0
14208,GB-SIB-19-12D,2019 Scottish Isles & Glens - 12 Days/11 Nights,Internal,2019 Scottish Isles & Glens - 12 Days/11 Nights,2019-01-01,2019-12-31,2017-01-01,2019-12-31,SCH-GB-SIB,T,12,Y,N,N,Y,Y,,<Main><AirOffset>1</AirOffset><FromCity>NYC</FromCity><ToCity>GLA</ToCity><ReturnFromCity>EDI</ReturnFromCity><ReturnToCity>NYC</ReturnToCity></Main>,,,<Service><ProductCode>UKPRENIGHTS</ProductCode><SupplierID>GB-GLA-NOV</SupplierID><ServiceID>STD-SBBSIA</ServiceID></Service><Duration>1</Duration>,<Last>Y</Last>,,SIB19,0,N,"L:15|15AA-0AA/0A,30X;A:15|15AA-0AA/0A,30X",30,,<CarOver24Hrs>N</CarOver24Hrs><FlexPKGProfile>N</FlexPKGProfile>,Y,1900-01-01,Folsom_G,2018-09-14 00:00:00.000,Biggins_Tr,2019-07-03 13:02:46.620,2018-09-14 00:00:00.000,9999-12-31 00:00:00.000,2025-04-08 08:40:08.187,1
14209,GB-SIX-24-12D,2024 Scottish Isles & Glens - 12 Days/11 Nights,Loading,2024 Scottish Isles & Glens - 12 Days/11 Nights,2024-01-01,2024-12-31,2010-01-01,2024-12-31,SCH-GB-SIX,T,12,Y,N,N,Y,Y,,<Main><AirOffset>1</AirOffset><FromCity>NYC</FromCity><ToCity>EDI</ToCity><ReturnFromCity>EDI</ReturnFromCity><ReturnToCity>NYC</ReturnToCity><AirReturnOffset></AirReturnOffset></Main><AIWhoStamp>Biggins_Tr</AIWhoStamp><AIDateStamp>2022-09-06 11:50:21.000</AIDateStamp>,,,<Pre><Service><ProductCode>UKPRENIGHTS</ProductCode><SupplierID>GB-GLA-NOV</SupplierID><ServiceID>STD-SBB</ServiceID></Service></Pre>,,,SIX24,0,N,"L:9|18AA-0AA/0A,36X;A:9|18AA-0AA/0A,36X",36,,"<CarOver24Hrs>N</CarOver24Hrs><FlexPKGProfile>N</FlexPKGProfile><PrefCommMethod></PrefCommMethod><Destination>RSS,ULL,KIO,GLA,EDI,INV,PES</Destination>",N,1900-01-01,Lyons_S,2024-02-22 00:00:00.000,Lyons_S,2024-03-07 17:12:02.830,2024-02-22 00:00:00.000,9999-12-31 00:00:00.000,2025-04-08 08:40:08.187,1
14210,GB-SIZ-21-12D,2021 Scottish Isles & Glens - 12 Days/11 Nights Ref: 901,Internal,2021 Scottish Isles & Glens - 12 Days/11 Nights Ref: 901,2021-01-01,2021-12-31,2019-01-01,2021-12-31,SCH-GB-SIZ,T,12,Y,N,N,Y,Y,,<Main><AirOffset>1</AirOffset><FromCity>NYC</FromCity><ToCity>GLA</ToCity><ReturnFromCity>EDI</ReturnFromCity><ReturnToCity>NYC</ReturnToCity></Main>,,,<Service><ProductCode>UKPRENIGHTS</ProductCode><SupplierID>GB-GLA-NOV</SupplierID><ServiceID>STD-SBB</ServiceID></Service>,<Last>Y</Last><Duration>1</Duration>,,SIZ21,0,N,"L:15|15AA-0AA/0A,30X;A:15|15AA-0AA/0A,30X",30,,<CarOver24Hrs>N</CarOver24Hrs><FlexPKGProfile>N</FlexPKGProfile>,Y,1900-01-01,Nolan_Amy,2020-10-28 00:00:00.000,Coade_L,2021-01-07 12:02:57.007,2020-10-28 00:00:00.000,9999-12-31 00:00:00.000,2025-04-08 08:40:08.187,1
14211,GB-SIZ-22-12D,2022 Scottish Isles & Glens - 12 Days/11 Nights Ref:901,Internal,2022 Scottish Isles & Glens - 12 Days/11 Nights Ref:901,2022-01-01,2022-12-31,2020-01-01,2022-12-31,SCH-GB-SIZ,T,12,Y,N,N,Y,Y,,<Main><AirOffset>1</AirOffset><FromCity>NYC</FromCity><ToCity>EDI</ToCity><ReturnFromCity>EDI</ReturnFromCity><ReturnToCity>NYC</ReturnToCity><AirReturnOffset></AirReturnOffset></Main><AIWhoStamp>McInerney_M</AIWhoStamp><AIDateStamp>2021-12-14 15:18:28.000</AIDateStamp>,,,<Service><ProductCode>UKPRENIGHTS</ProductCode><SupplierID>GB-GLA-NOV</SupplierID><ServiceID>STD-SBB</ServiceID></Service>,<Last>Y</Last>,,SIZ22,0,N,"L:18|18AA-0AA/0A,36X;A:18|18AA-0AA/0A,36X",36,,<CarOver24Hrs>N</CarOver24Hrs><FlexPKGProfile>N</FlexPKGProfile>,Y,1900-01-01,Markle_M,2021-06-16 00:00:00.000,Biggins_Tr,2022-05-18 15:37:24.860,2021-06-16 00:00:00.000,9999-12-31 00:00:00.000,2025-04-08 08:40:08.187,1
14212,GB-SNA-18-11D,2018 Scots Irish Tour - 11 Days/10 Nights,Active,2018 Scots Irish Tour - 11 Days/10 Nights,2018-01-01,2018-12-31,2016-01-01,2018-12-31,SCH-GB-SNA,T,11,Y,N,N,Y,Y,,<Main><AirOffset>1</AirOffset><FromCity>NYC</FromCity><ToCity>EDI</ToCity><ReturnFromCity>SNN</ReturnFromCity><ReturnToCity>NYC</ReturnToCity><AirReturnOffset></AirReturnOffset></Main><AIWhoStamp>BigginsT</AIWhoStamp><AIDateStamp>2016-01-22 14:33:35.000</AIDateStamp>,,,<Service><ProductCode>UKPRENIGHTS</ProductCode><SupplierID>GB-EDI-MAR</SupplierID><ServiceID>STD-SBBSNA</ServiceID></Service>,,,SNA18,0,N,"L:9|18AA-0AA/0A,36X;A:9|18AA-0AA/0A,36X",36,,<CarOver24Hrs>N</CarOver24Hrs><FlexPKGProfile>N</FlexPKGProfile>,Y,1900-01-01,Biggins_Tr,2016-08-04 00:00:00.000,Nolan_Amy,2018-05-08 10:04:33.537,2016-08-04 00:00:00.000,9999-12-31 00:00:00.000,2025-04-08 08:40:08.187,1
14213,GB-SNA-18-15D,2018 Scots Irish Tour - 15 Days/14 Nights,Active,2018 Scots Irish Tour - 15 Days/14 Nights,2018-01-01,2018-12-31,2016-01-01,2018-12-31,SCH-GB-SNA,T,15,Y,N,N,Y,Y,,<Main><AirOffset>1</AirOffset><FromCity>NYC</FromCity><ToCity>EDI</ToCity><ReturnFromCity>DUB</ReturnFromCity><ReturnToCity>NYC</ReturnToCity><AirReturnOffset></AirReturnOffset></Main>,,,<Service><ProductCode>UKPRENIGHTS</ProductCode><SupplierID>GB-EDI-MAR</SupplierID><ServiceID>STD-SBBSNA</ServiceID></Service>,,,SNA18,0,N,"L:9|18AA-0AA/0A,36X;A:9|18AA-0AA/0A,36X",36,,<CarOver24Hrs>N</CarOver24Hrs><FlexPKGProfile>N</FlexPKGProfile>,Y,1900-01-01,Biggins_Tr,2016-08-04 00:00:00.000,Nolan_Amy,2018-05-08 10:04:33.550,2016-08-04 00:00:00.000,9999-12-31 00:00:00.000,2025-04-08 08:40:08.187,1
16907,IT-ITT-26-7D,2026 Taste of Italy - 7 Days/6 Nights,Active,2026 Taste of Italy - 7 Days/6 Nights,2026-01-01,2026-12-31,2010-01-01,2026-12-31,SCH-IT-ITT,T,7,Y,N,N,Y,Y,,<Main><AirOffset>1</AirOffset><FromCity>NYC</FromCity><ToCity>VCE</ToCity><ReturnFromCity>ROM</ReturnFromCity><ReturnToCity>NYC</ReturnToCity><AirReturnOffset></AirReturnOffset></Main><AIWhoStamp>Biggins_Tr</AIWhoStamp><AIDateStamp>2018-09-25 16:53:08.000</AIDateStamp>,,,<Pre><First>Y</First></Pre>,<Post><Last>Y</Last></Post>,,ITT26,0,N,"L:9|18AA-0AA/0A,36X;A:9|18AA-0AA/0A,36X",36,,"<CarOver24Hrs>N</CarOver24Hrs><PrefCommMethod></PrefCommMethod><Destination>ROM,VCE,FLR</Destination>",N,1900-01-01,SoftripA,2024-08-23 16:56:58.230,Tancred_E,2025-05-16 08:58:36.067,2025-05-18 06:42:47.047,2025-06-03 06:38:26.533,2025-05-18 06:42:47.047,0
17684,IT-ITT-26-7D,2026 Taste of Italy - 7 Days/6 Nights,Active,2026 Taste of Italy - 7 Days/6 Nights,2026-01-01,2026-12-31,2010-01-01,2026-12-31,SCH-IT-ITT,T,7,Y,N,N,Y,Y,,<Main><AirOffset>1</AirOffset><FromCity>NYC</FromCity><ToCity>VCE</ToCity><ReturnFromCity>ROM</ReturnFromCity><ReturnToCity>NYC</ReturnToCity><AirReturnOffset></AirReturnOffset></Main><AIWhoStamp>Biggins_Tr</AIWhoStamp><AIDateStamp>2018-09-25 16:53:08.000</AIDateStamp>,,,<Pre><First>Y</First></Pre>,<Post><Last>Y</Last></Post>,,ITT26,0,N,"L:9|18AA-0AA/0A,36X;A:9|18AA-0AA/0A,36X",36,,"<CarOver24Hrs>N</CarOver24Hrs><PrefCommMethod></PrefCommMethod><Destination>ROM,VCE,FLR</Destination>",N,1900-01-01,SoftripA,2024-08-23 16:56:58.230,Biggins_Tr,2025-05-28 15:58:38.397,2025-05-29 07:08:00.567,2025-06-03 06:38:26.533,2025-05-29 07:08:00.567,0
17857,IT-ITT-26-7D,2026 Taste of Italy - 7 Days/6 Nights,Active,2026 Taste of Italy - 7 Days/6 Nights,2026-01-01,2026-12-31,2010-01-01,2026-12-31,SCH-IT-ITT,T,7,Y,N,N,Y,Y,,<Main><AirOffset>1</AirOffset><FromCity>NYC</FromCity><ToCity>VCE</ToCity><ReturnFromCity>ROM</ReturnFromCity><ReturnToCity>NYC</ReturnToCity><AirReturnOffset></AirReturnOffset></Main><AIWhoStamp>Biggins_Tr</AIWhoStamp><AIDateStamp>2018-09-25 16:53:08.000</AIDateStamp>,,,<Pre><First>Y</First></Pre>,<Post><Last>Y</Last></Post>,,ITT26,0,N,"L:9|18AA-0AA/0A,36X;A:9|18AA-0AA/0A,36X",36,,"<CarOver24Hrs>N</CarOver24Hrs><PrefCommMethod></PrefCommMethod><Destination>ROM,VCE,FLR</Destination>",N,1900-01-01,SoftripA,2024-08-23 16:56:58.230,Lyons_S,2025-05-29 14:22:18.200,2025-05-30 06:58:40.317,2025-06-03 06:38:26.533,2025-05-30 06:58:40.317,0
18074,IT-ITT-26-7D,2026 Taste of Italy - 7 Days/6 Nights,Active,2026 Taste of Italy - 7 Days/6 Nights,2026-01-01,2026-12-31,2010-01-01,2026-12-31,SCH-IT-ITT,T,7,Y,N,N,Y,Y,,<Main><AirOffset>1</AirOffset><FromCity>NYC</FromCity><ToCity>VCE</ToCity><ReturnFromCity>ROM</ReturnFromCity><ReturnToCity>NYC</ReturnToCity><AirReturnOffset></AirReturnOffset></Main><AIWhoStamp>Biggins_Tr</AIWhoStamp><AIDateStamp>2018-09-25 16:53:08.000</AIDateStamp>,,,<Pre><First>Y</First></Pre>,<Post><Last>Y</Last></Post>,,ITT26,0,N,"L:9|18AA-0AA/0A,36X;A:9|18AA-0AA/0A,36X",36,,"<CarOver24Hrs>N</CarOver24Hrs><PrefCommMethod></PrefCommMethod><Destination>ROM,VCE,FLR</Destination>",N,1900-01-01,SoftripA,2024-08-23 16:56:58.230,edwards_ki,2025-06-02 17:33:54.100,2025-06-03 06:39:03.193,2025-06-26 06:02:26.673,2025-06-03 06:39:03.193,0
11161,592953,"2025 Scottish Daytripper - 6 Days/ 5 Nights - Travel Well - October 5, 2025",Multi-Expired,"2025 Scottish Daytripper - 6 Days/ 5 Nights - Travel Well - October 5, 2025",2025-10-05,2025-10-05,2010-01-01,2025-12-31,SCH-GB-GDA,C,6,Y,N,AA/AAA,Y,N,,<Main><AirOffset>1</AirOffset><FromCity>NYC</FromCity><ToCity>EDI</ToCity><ReturnFromCity>EDI</ReturnFromCity><ReturnToCity>NYC</ReturnToCity><AirReturnOffset></AirReturnOffset></Main><AIWhoStamp>Biggins_Tr</AIWhoStamp><AIDateStamp>2022-09-06 17:16:49.000</AIDateStamp>,,,<Pre><First>Y</First></Pre>,<Post><Last>Y</Last></Post>,,GDA25,0,N,,20,,<CarOver24Hrs>N</CarOver24Hrs><FlexPKGProfile>N</FlexPKGProfile><PrefCommMethod></PrefCommMethod><Destination>GLA</Destination>,Y,1900-01-01,doig_l,2023-11-29 00:00:00.000,Lyons_S,2024-11-22 16:45:12.920,2023-11-29 00:00:00.000,2025-06-03 06:38:26.533,2025-04-08 08:40:08.187,0
17997,592953,"2025 Scottish Daytripper - 6 Days/ 5 Nights - Travel Well - October 5, 2025",Multi-Expired,"2025 Scottish Daytripper - 6 Days/ 5 Nights - Travel Well - October 5, 2025",2025-10-05,2025-10-05,2010-01-01,2025-12-31,SCH-GB-GDA,C,6,Y,N,AA/AAA,Y,N,,<Main><AirOffset>1</AirOffset><FromCity>NYC</FromCity><ToCity>EDI</ToCity><ReturnFromCity>EDI</ReturnFromCity><ReturnToCity>NYC</ReturnToCity><AirReturnOffset></AirReturnOffset></Main><AIWhoStamp>Biggins_Tr</AIWhoStamp><AIDateStamp>2022-09-06 17:16:49.000</AIDateStamp>,,,<Pre><First>Y</First></Pre>,<Post><Last>Y</Last></Post>,,GDA25,0,N,,20,,<CarOver24Hrs>N</CarOver24Hrs><FlexPKGProfile>N</FlexPKGProfile><PrefCommMethod></PrefCommMethod><Destination>GLA</Destination>,Y,1900-01-01,doig_l,2023-11-29 00:00:00.000,edwards_ki,2025-06-02 14:44:20.403,2025-06-03 06:39:03.193,2025-06-21 06:08:11.310,2025-06-03 06:39:03.193,0
11162,592955,"2025 Taste of Ireland (Tour D) - 6 Days/5 Nights - Travel Well - October 11, 2025",Multi-Expired,"2025 Taste of Ireland (Tour D) - 6 Days/5 Nights - Travel Well - October 11, 2025",2025-10-11,2025-10-11,2010-01-01,2025-12-31,SCH-IE-TAA,C,6,Y,N,AA/AAA,Y,N,,<Main><AirOffset>1</AirOffset><FromCity>NYC</FromCity><ToCity>DUB</ToCity><ReturnFromCity>DUB</ReturnFromCity><ReturnToCity>NYC</ReturnToCity></Main>,,,<Pre><First>Y</First><Duration>1</Duration></Pre>,<Post><Last>Y</Last><Duration>1</Duration></Post>,,TAA25,-1,N,,20,,"<CarOver24Hrs>N</CarOver24Hrs><FlexPKGProfile>N</FlexPKGProfile><PrefCommMethod></PrefCommMethod><Destination>LIM,DUB,KER</Destination>",Y,1900-01-01,doig_l,2023-11-29 00:00:00.000,Larkin_B,2025-01-17 15:21:52.423,2023-11-29 00:00:00.000,2025-09-07 05:53:35.717,2025-04-08 08:40:08.187,0
11163,592975,"2024 Taste of Ireland (Tour A) - 7 Days/6 Nights - The Childress Group - May 24, 2024",Expired,"2024 Taste of Ireland (Tour A) - 7 Days/6 Nights - The Childress Group - May 24, 2024",2024-05-24,2024-05-24,2010-01-01,2024-12-31,SCH-IE-TAA,C,7,Y,N,AA/AAA,Y,N,,<Main><AirOffset>1</AirOffset><FromCity>NYC</FromCity><ToCity>DUB</ToCity><ReturnFromCity>DUB</ReturnFromCity><ReturnToCity>NYC</ReturnToCity></Main>,,,<Pre><First>Y</First></Pre>,<Post><Last>Y</Last></Post>,,TAA24,0,N,,0,,<CarOver24Hrs>N</CarOver24Hrs><FlexPKGProfile>N</FlexPKGProfile>,Y,1900-01-01,doig_l,2023-11-29 00:00:00.000,Stynes_A,2024-04-08 11:27:18.997,2023-11-29 00:00:00.000,9999-12-31 00:00:00.000,2025-04-08 08:40:08.187,1
11164,592978,"CXLD - 2024 Taste of Britain- 7 Days/6 Nights- Pioneer Travel- CIE Tours- November 3, 2024",Closed,"CXLD - 2024 Taste of Britain- 7 Days/6 Nights- Pioneer Travel- CIE Tours- November 3, 2024",2024-11-03,2024-11-03,2010-01-01,2024-12-31,SCH-GB-VOA,C,7,Y,N,AA/AAA,Y,N,,<Main><AirOffset>1</AirOffset><FromCity>NYC</FromCity><ToCity>LON</ToCity><ReturnFromCity>EDI</ReturnFromCity><ReturnToCity>NYC</ReturnToCity><AirReturnOffset></AirReturnOffset></Main><AIWhoStamp>Biggins_Tr</AIWhoStamp><AIDateStamp>2019-04-29 20:43:28.000</AIDateStamp>,,,<Pre><First>Y</First></Pre>,<Post><Last>Y</Last></Post>,,,0,N,,0,,<CarOver24Hrs>N</CarOver24Hrs><FlexPKGProfile>N</FlexPKGProfile>,Y,1900-01-01,Markle_M,2023-11-29 00:00:00.000,Davies_Ja,2024-06-04 15:32:34.650,2023-11-29 00:00:00.000,9999-12-31 00:00:00.000,2025-04-08 08:40:08.187,1
11165,592983,"2024 Best of Britain - 10 Days/9 Nights - Cruise One / Dream Vacations - November 10, 2024",Expired,"2024 Best of Britain - 10 Days/9 Nights - Cruise One / Dream Vacations - November 10, 2024",2024-11-10,2024-11-10,2010-01-01,2024-12-31,SCH-GB-BEA,C,10,Y,N,AA,Y,N,,<Main><AirOffset>1</AirOffset><FromCity>NYC</FromCity><ToCity>LON</ToCity><ReturnFromCity>LON</ReturnFromCity><ReturnToCity>NYC</ReturnToCity><AirReturnOffset></AirReturnOffset></Main>,,,<Pre><First>Y</First></Pre>,<Post><Last>Y</Last></Post>,,BEA24,0,N,,0,,<CarOver24Hrs>N</CarOver24Hrs><FlexPKGProfile>N</FlexPKGProfile>,Y,1900-01-01,Wilson_N,2023-11-29 00:00:00.000,Caldeira_N,2024-03-28 19:27:14.287,2023-11-29 00:00:00.000,9999-12-31 00:00:00.000,2025-04-08 08:40:08.187,1
11166,592988,1000 MILE TRAVEL,Expired,1000 MILE TRAVEL,2024-07-22,2024-07-22,2023-11-29,2024-07-22,GRP-IE-WH,C,9,Y,N,AA,Y,N,,,,,,,,IE-592988,0,Y,"L:5|7AA-0AA/0A,7.5|9.5AA-0AA/0A,10|12AA-1AA/0A,12.5|14.5AA-1AA/0A,15|17AA-2AA/0A,17.5|19.5AA-2AA/0A,20|22AA-2AA/0A,22.5|24AA-2AA/0A,48X;A:5|7AA-0AA/0A,7.5|9.5AA-0AA/0A,10|12AA-0AA/0A,12.5|14.5AA-0AA/0A,15|17AA-0AA/0A,17.5|19.5AA-0AA/0A,20|22AA-0AA/0A,22.5|24AA-0AA/0A,48X",0,,<CarOver24Hrs>N</CarOver24Hrs><FlexPKGProfile>N</FlexPKGProfile>,N,1900-01-01,Hager_W,2023-11-29 00:00:00.000,Hager_W,2024-02-08 22:12:52.657,2023-11-29 00:00:00.000,9999-12-31 00:00:00.000,2025-04-08 08:40:08.187,1
11167,593018,AAA WCNY,Multi-Expired,AAA WCNY,2024-06-03,2024-06-03,2023-11-29,2024-06-03,GRP-IE-KS-1,C,8,Y,N,AA,Y,N,,,,,,,,IE-593018,0,Y,"L:5|7AA-0AA/0A,7.5|9.5AA-0AA/0A,10|12AA-1AA/0A,12.5|14.5AA-1AA/0A,15|17AA-2AA/0A,17.5|19.5AA-2AA/0A,20|22AA-2AA/0A,22.5|24AA-2AA/0A,48X;A:5|7AA-0AA/0A,7.5|9.5AA-0AA/0A,10|12AA-0AA/0A,12.5|14.5AA-0AA/0A,15|17AA-0AA/0A,17.5|19.5AA-0AA/0A,20|22AA-0AA/0A,22.5|24AA-0AA/0A,48X",0,,<CarOver24Hrs>N</CarOver24Hrs><FlexPKGProfile>N</FlexPKGProfile>,N,1900-01-01,Smith_K,2023-11-29 00:00:00.000,Smith_K,2023-12-04 21:24:32.377,2023-11-29 00:00:00.000,9999-12-31 00:00:00.000,2025-04-08 08:40:08.187,1
13595,628809,"2026 Scots Irish Tour - 15 Days/14 Nights - Ships and Trips Travel - April 19, 2026",Pending,"2026 Scots Irish Tour - 15 Days/14 Nights - Ships and Trips Travel - April 19, 2026",2026-04-19,2026-04-19,2010-01-01,2026-12-31,SCH-GB-SNA,C,15,Y,N,AA/AAA,Y,N,,<Main><AirOffset>1</AirOffset><FromCity>NYC</FromCity><ToCity>EDI</ToCity><ReturnFromCity>DUB</ReturnFromCity><ReturnToCity>NYC</ReturnToCity><AirReturnOffset></AirReturnOffset></Main><AIWhoStamp>Biggins_Tr</AIWhoStamp><AIDateStamp>2018-04-27 18:45:20.000</AIDateStamp>,,,<Pre><First>Y</First></Pre>,<Post><Last>Y</Last></Post>,,SNA26,0,N,,36,,"<CarOver24Hrs>N</CarOver24Hrs><PrefCommMethod></PrefCommMethod><Destination>INV,BEL,DON,CLA,NAI,KER,ROS,EDI,DUB,DBL</Destination><FlexPKGProfile>N</FlexPKGProfile>",Y,1900-01-01,Wilson_N,2025-02-26 00:00:00.000,Douglas_P,2025-03-28 13:02:33.257,2025-02-26 00:00:00.000,2025-07-25 04:41:47.517,2025-04-08 08:40:08.187,0
16657,628809,"2026 Scots Irish Tour - 15 Days/14 Nights - Ships and Trips Travel - April 19, 2026",Pending,"2026 Scots Irish Tour - 15 Days/14 Nights - Ships and Trips Travel - April 19, 2026",2026-04-19,2026-04-19,2010-01-01,2026-12-31,SCH-GB-SNA,C,15,Y,N,AA/AAA,Y,N,,<Main><AirOffset>1</AirOffset><FromCity>NYC</FromCity><ToCity>EDI</ToCity><ReturnFromCity>DUB</ReturnFromCity><ReturnToCity>NYC</ReturnToCity><AirReturnOffset></AirReturnOffset></Main><AIWhoStamp>Biggins_Tr</AIWhoStamp><AIDateStamp>2018-04-27 18:45:20.000</AIDateStamp>,,,<Pre><First>Y</First></Pre>,<Post><Last>Y</Last></Post>,,SNA26,0,N,,36,,"<CarOver24Hrs>N</CarOver24Hrs><PrefCommMethod></PrefCommMethod><Destination>INV,BEL,DON,CLA,NAI,KER,ROS,EDI,DUB,DBL</Destination><FlexPKGProfile>N</FlexPKGProfile>",Y,1900-01-01,Wilson_N,2025-02-26 00:00:00.000,Stynes_A,2025-05-13 14:27:55.427,2025-05-14 06:43:12.710,2025-07-25 04:41:47.517,2025-05-14 06:43:12.710,0
16989,628809,"2026 Scots Irish Tour - 15 Days/14 Nights - Ships and Trips Travel - April 19, 2026",Multi-Expired,"2026 Scots Irish Tour - 15 Days/14 Nights - Ships and Trips Travel - April 19, 2026",2026-04-19,2026-04-19,2010-01-01,2026-12-31,SCH-GB-SNA,C,15,Y,N,AA/AAA,Y,N,,<Main><AirOffset>1</AirOffset><FromCity>NYC</FromCity><ToCity>EDI</ToCity><ReturnFromCity>DUB</ReturnFromCity><ReturnToCity>NYC</ReturnToCity><AirReturnOffset></AirReturnOffset></Main><AIWhoStamp>Biggins_Tr</AIWhoStamp><AIDateStamp>2018-04-27 18:45:20.000</AIDateStamp>,,,<Pre><First>Y</First></Pre>,<Post><Last>Y</Last></Post>,,SNA26,0,N,,36,,"<CarOver24Hrs>N</CarOver24Hrs><PrefCommMethod></PrefCommMethod><Destination>INV,BEL,DON,CLA,NAI,KER,ROS,EDI,DUB,DBL</Destination><FlexPKGProfile>N</FlexPKGProfile>",Y,1900-01-01,Wilson_N,2025-02-26 00:00:00.000,Wilson_N,2025-05-20 18:21:06.783,2025-05-21 06:42:32.540,2025-05-31 06:46:34.090,2025-05-21 06:42:32.540,0
17197,628809,"2026 Scots Irish Tour - 15 Days/14 Nights - Ships and Trips Travel - April 19, 2026",Multi-Expired,"2026 Scots Irish Tour - 15 Days/14 Nights - Ships and Trips Travel - April 19, 2026",2026-04-19,2026-04-19,2010-01-01,2026-12-31,SCH-GB-SNA,C,15,Y,N,AA/AAA,Y,N,,<Main><AirOffset>1</AirOffset><FromCity>NYC</FromCity><ToCity>EDI</ToCity><ReturnFromCity>DUB</ReturnFromCity><ReturnToCity>NYC</ReturnToCity><AirReturnOffset></AirReturnOffset></Main><AIWhoStamp>Biggins_Tr</AIWhoStamp><AIDateStamp>2018-04-27 18:45:20.000</AIDateStamp>,,,<Pre><First>Y</First></Pre>,<Post><Last>Y</Last></Post>,,SNA26,0,N,,36,,"<CarOver24Hrs>N</CarOver24Hrs><PrefCommMethod></PrefCommMethod><Destination>INV,BEL,DON,CLA,NAI,KER,ROS,EDI,DUB,DBL</Destination><FlexPKGProfile>N</FlexPKGProfile>",Y,1900-01-01,Wilson_N,2025-02-26 00:00:00.000,Lyons_S,2025-05-22 13:52:47.703,2025-05-23 06:31:23.863,2025-05-31 06:46:34.090,2025-05-23 06:31:23.863,0
17750,628809,"2026 Scots Irish Tour - 15 Days/14 Nights - Ships and Trips Travel - April 19, 2026",Multi-Expired,"2026 Scots Irish Tour - 15 Days/14 Nights - Ships and Trips Travel - April 19, 2026",2026-04-19,2026-04-19,2010-01-01,2026-12-31,SCH-GB-SNA,C,15,Y,N,AA/AAA,Y,N,,<Main><AirOffset>1</AirOffset><FromCity>NYC</FromCity><ToCity>EDI</ToCity><ReturnFromCity>DUB</ReturnFromCity><ReturnToCity>NYC</ReturnToCity><AirReturnOffset></AirReturnOffset></Main><AIWhoStamp>Biggins_Tr</AIWhoStamp><AIDateStamp>2018-04-27 18:45:20.000</AIDateStamp>,,,<Pre><First>Y</First></Pre>,<Post><Last>Y</Last></Post>,,SNA26,0,N,,36,,"<CarOver24Hrs>N</CarOver24Hrs><PrefCommMethod></PrefCommMethod><Destination>INV,BEL,DON,CLA,NAI,KER,ROS,EDI,DUB,DBL</Destination><FlexPKGProfile>N</FlexPKGProfile>",Y,1900-01-01,Wilson_N,2025-02-26 00:00:00.000,Foster_S,2025-05-29 14:17:31.887,2025-05-30 06:58:40.317,2025-05-31 06:46:34.090,2025-05-30 06:58:40.317,0
17880,628809,"2026 Scots Irish Tour - 15 Days/14 Nights - Ships and Trips Travel - April 19, 2026",Multi-Expired,"2026 Scots Irish Tour - 15 Days/14 Nights - Ships and Trips Travel - April 19, 2026",2026-04-19,2026-04-19,2010-01-01,2026-12-31,SCH-GB-SNA,C,15,Y,N,AA/AAA,Y,N,,<Main><AirOffset>1</AirOffset><FromCity>NYC</FromCity><ToCity>EDI</ToCity><ReturnFromCity>DUB</ReturnFromCity><ReturnToCity>NYC</ReturnToCity><AirReturnOffset></AirReturnOffset></Main><AIWhoStamp>Biggins_Tr</AIWhoStamp><AIDateStamp>2018-04-27 18:45:20.000</AIDateStamp>,,,<Pre><First>Y</First></Pre>,<Post><Last>Y</Last></Post>,,SNA26,0,N,,36,,"<CarOver24Hrs>N</CarOver24Hrs><PrefCommMethod></PrefCommMethod><Destination>INV,BEL,DON,CLA,NAI,KER,ROS,EDI,DUB,DBL</Destination><FlexPKGProfile>N</FlexPKGProfile>",Y,1900-01-01,Wilson_N,2025-02-26 00:00:00.000,Tancred_E,2025-05-30 09:03:36.227,2025-05-31 06:47:11.173,2026-01-22 06:32:44.997,2025-05-31 06:47:11.173,0
13596,628812,"2025 Taste of Italy with Sorrento - 10 Days/9 Nights - The DeDonato Group - November 9, 2025",Pending,"2025 Taste of Italy with Sorrento - 10 Days/9 Nights - The DeDonato Group - November 9, 2025",2025-11-09,2025-11-09,2010-01-01,2025-12-31,SCH-IT-ITT,C,10,Y,N,AA/AAA,Y,N,,<Main><AirOffset>1</AirOffset><FromCity>NYC</FromCity><ToCity>VCE</ToCity><ReturnFromCity>NAP</ReturnFromCity><ReturnToCity>NYC</ReturnToCity><AirReturnOffset></AirReturnOffset></Main><AIWhoStamp>McInerney_M</AIWhoStamp><AIDateStamp>2019-06-21 09:20:08.000</AIDateStamp>,,,<Pre><First>Y</First></Pre>,<Post><Last>Y</Last></Post>,,ITT25,0,N,,12,,"<CarOver24Hrs>N</CarOver24Hrs><PrefCommMethod></PrefCommMethod><Destination>ROM,RRO,VCE,FLR</Destination><FlexPKGProfile>N</FlexPKGProfile>",Y,1900-01-01,Markle_M,2025-02-26 00:00:00.000,edwards_ki,2025-03-26 11:36:05.627,2025-02-26 00:00:00.000,2025-07-25 04:41:47.517,2025-04-08 08:40:08.187,0
16595,628812,"2025 Taste of Italy with Sorrento - 10 Days/9 Nights - The DeDonato Group - November 9, 2025",Internal,"2025 Taste of Italy with Sorrento - 10 Days/9 Nights - The DeDonato Group - November 9, 2025",2025-11-09,2025-11-09,2010-01-01,2025-12-31,SCH-IT-ITT,C,10,Y,N,AA/AAA,Y,N,,<Main><AirOffset>1</AirOffset><FromCity>NYC</FromCity><ToCity>VCE</ToCity><ReturnFromCity>NAP</ReturnFromCity><ReturnToCity>NYC</ReturnToCity><AirReturnOffset></AirReturnOffset></Main><AIWhoStamp>McInerney_M</AIWhoStamp><AIDateStamp>2019-06-21 09:20:08.000</AIDateStamp>,,,<Pre><First>Y</First></Pre>,<Post><Last>Y</Last></Post>,,ITT25,0,N,,10,,"<CarOver24Hrs>N</CarOver24Hrs><PrefCommMethod></PrefCommMethod><Destination>ROM,RRO,VCE,FLR</Destination><FlexPKGProfile>N</FlexPKGProfile>",Y,1900-01-01,Markle_M,2025-02-26 00:00:00.000,Markle_M,2025-05-12 17:43:31.810,2025-05-13 04:42:11.963,2025-07-25 04:41:47.517,2025-05-13 04:42:11.963,0
16658,628812,"2025 Taste of Italy with Sorrento - 10 Days/9 Nights - The DeDonato Group - November 9, 2025",Active,"2025 Taste of Italy with Sorrento - 10 Days/9 Nights - The DeDonato Group - November 9, 2025",2025-11-09,2025-11-09,2010-01-01,2025-12-31,SCH-IT-ITT,C,10,Y,N,AA/AAA,Y,N,,<Main><AirOffset>1</AirOffset><FromCity>NYC</FromCity><ToCity>VCE</ToCity><ReturnFromCity>NAP</ReturnFromCity><ReturnToCity>NYC</ReturnToCity><AirReturnOffset></AirReturnOffset></Main><AIWhoStamp>McInerney_M</AIWhoStamp><AIDateStamp>2019-06-21 09:20:08.000</AIDateStamp>,,,<Pre><First>Y</First></Pre>,<Post><Last>Y</Last></Post>,,ITT25,0,N,,10,,"<CarOver24Hrs>N</CarOver24Hrs><PrefCommMethod></PrefCommMethod><Destination>ROM,RRO,VCE,FLR</Destination><FlexPKGProfile>N</FlexPKGProfile>",Y,1900-01-01,Markle_M,2025-02-26 00:00:00.000,Markle_M,2025-05-13 21:23:55.337,2025-05-14 06:43:12.710,2025-07-25 04:41:47.517,2025-05-14 06:43:12.710,0
13638,629570,Cruise Planners,Pending,Cruise Planners,2025-10-08,2025-10-08,2025-03-06,2025-10-08,GRP-GB-BOS-KS,C,8,Y,N,N,Y,N,,,,,,,,GB-629570,0,Y,"L:5|7AA-0AA/0A,7.5|9.5AA-0AA/0A,10|12AA-1AA/0A,12.5|14.5AA-1AA/0A,15|17AA-2AA/0A,17.5|19.5AA-2AA/0A,20|22AA-2AA/0A,22.5|24AA-2AA/0A,48X;A:5|7AA-0AA/0A,7.5|9.5AA-0AA/0A,10|12AA-0AA/0A,12.5|14.5AA-0AA/0A,15|17AA-0AA/0A,17.5|19.5AA-0AA/0A,20|22AA-0AA/0A,22.5|24AA-0AA/0A,48X",10,,<CarOver24Hrs>N</CarOver24Hrs><FlexPKGProfile>N</FlexPKGProfile>,N,1900-01-01,Smith_K,2025-03-06 00:00:00.000,Smith_K,2025-03-06 15:02:56.327,2025-03-06 00:00:00.000,2025-07-25 04:41:47.517,2025-04-08 08:40:08.187,0
15971,629570,Cruise Planners,Expired,Cruise Planners,2025-10-08,2025-10-08,2025-03-06,2025-10-08,GRP-GB-BOS-KS,C,8,Y,N,N,Y,N,,,,,,,,GB-629570,0,Y,"L:5|7AA-0AA/0A,7.5|9.5AA-0AA/0A,10|12AA-1AA/0A,12.5|14.5AA-1AA/0A,15|17AA-2AA/0A,17.5|19.5AA-2AA/0A,20|22AA-2AA/0A,22.5|24AA-2AA/0A,48X;A:5|7AA-0AA/0A,7.5|9.5AA-0AA/0A,10|12AA-0AA/0A,12.5|14.5AA-0AA/0A,15|17AA-0AA/0A,17.5|19.5AA-0AA/0A,20|22AA-0AA/0A,22.5|24AA-0AA/0A,48X",10,,<CarOver24Hrs>N</CarOver24Hrs><FlexPKGProfile>N</FlexPKGProfile>,N,1900-01-01,Smith_K,2025-03-06 00:00:00.000,Smith_K,2025-04-28 17:33:52.270,2025-04-29 09:01:37.820,9999-12-31 00:00:00.000,2025-04-29 09:01:37.820,1
13639,629572,Italy - Recess 4 Grownups,Pending,Italy - Recess 4 Grownups,2025-10-30,2025-10-30,2025-03-06,2025-10-30,GRP-EU-KS,C,9,Y,N,N,Y,N,,,,,,,,EU-629572,0,Y,"L:5|7AA-0AA/0A,7.5|9.5AA-0AA/0A,10|12AA-0AA/0A,12.5|14.5AA-0AA/0A,15|17AA-0AA/0A,17.5|19.5AA-0AA/0A,20|22AA-0AA/0A,22.5|24AA-0AA/0A,48X;A:5|7AA-0AA/0A,7.5|9.5AA-0AA/0A,10|12AA-0AA/0A,12.5|14.5AA-0AA/0A,15|17AA-0AA/0A,17.5|19.5AA-0AA/0A,20|22AA-0AA/0A,22.5|24AA-0AA/0A,48X",20,,<CarOver24Hrs>N</CarOver24Hrs><FlexPKGProfile>N</FlexPKGProfile>,N,1900-01-01,Smith_K,2025-03-06 00:00:00.000,Smith_K,2025-03-06 15:33:26.697,2025-03-06 00:00:00.000,2025-07-25 04:41:47.517,2025-04-08 08:40:08.187,0
15783,629572,Italy - Recess 4 Grownups,Expired,Italy - Recess 4 Grownups,2025-10-30,2025-10-30,2025-03-06,2025-10-30,GRP-EU-KS,C,9,Y,N,N,Y,N,,,,,,,,EU-629572,0,Y,"L:5|7AA-0AA/0A,7.5|9.5AA-0AA/0A,10|12AA-0AA/0A,12.5|14.5AA-0AA/0A,15|17AA-0AA/0A,17.5|19.5AA-0AA/0A,20|22AA-0AA/0A,22.5|24AA-0AA/0A,48X;A:5|7AA-0AA/0A,7.5|9.5AA-0AA/0A,10|12AA-0AA/0A,12.5|14.5AA-0AA/0A,15|17AA-0AA/0A,17.5|19.5AA-0AA/0A,20|22AA-0AA/0A,22.5|24AA-0AA/0A,48X",20,,<CarOver24Hrs>N</CarOver24Hrs><FlexPKGProfile>N</FlexPKGProfile>,N,1900-01-01,Smith_K,2025-03-06 00:00:00.000,Smith_K,2025-04-23 19:35:43.260,2025-04-28 19:00:19.260,9999-12-31 00:00:00.000,2025-04-28 19:00:19.260,1
13640,629582,SHADYSIDE TRAVEL,Internal,SHADYSIDE TRAVEL,2025-09-25,2025-09-25,2025-03-06,2025-05-16,GRP-IE-ND-WH,C,9,Y,N,AA,Y,N,,,,,,,,IE-629582,0,Y,"L:10|12AA-0AA/0A,12.5|14.5AA-0AA/0A,15|17AA-0AA/0A,17.5|19.5AA-0AA/0A,20|22AA-0AA/0A,22.5|24AA-0AA/0A,48X;A:10|12AA-0AA/0A,12.5|14.5AA-0AA/0A,15|17AA-0AA/0A,17.5|19.5AA-0AA/0A,20|22AA-0AA/0A,22.5|24AA-0AA/0A,48X",20,,<CarOver24Hrs>N</CarOver24Hrs><FlexPKGProfile>N</FlexPKGProfile>,Y,1900-01-01,Hager_W,2025-03-06 00:00:00.000,Lavery_R,2025-03-26 08:21:17.180,2025-03-06 00:00:00.000,2025-07-25 04:41:47.517,2025-04-08 08:40:08.187,0
15126,629582,SHADYSIDE TRAVEL,Internal,SHADYSIDE TRAVEL,2025-09-25,2025-09-25,2025-03-06,2025-05-16,GRP-IE-ND-WH,C,9,Y,N,AA,Y,N,,,,,,,,IE-629582,0,Y,"L:10|12AA-0AA/0A,12.5|14.5AA-0AA/0A,15|17AA-0AA/0A,17.5|19.5AA-0AA/0A,20|22AA-0AA/0A,22.5|24AA-0AA/0A,48X;A:10|12AA-0AA/0A,12.5|14.5AA-0AA/0A,15|17AA-0AA/0A,17.5|19.5AA-0AA/0A,20|22AA-0AA/0A,22.5|24AA-0AA/0A,48X",20,,<CarOver24Hrs>N</CarOver24Hrs><FlexPKGProfile>N</FlexPKGProfile>,Y,1900-01-01,Hager_W,2025-03-06 00:00:00.000,Mahoney_he,2025-04-08 20:55:33.753,2025-04-10 08:06:55.350,2025-07-25 04:41:47.517,2025-04-10 08:06:55.350,0
15972,629582,SHADYSIDE TRAVEL,Internal,SHADYSIDE TRAVEL,2025-09-25,2025-09-25,2025-03-06,2025-05-16,GRP-IE-ND-WH,C,9,Y,N,AA,Y,N,,,,,,,,IE-629582,0,Y,"L:10|12AA-0AA/0A,12.5|14.5AA-0AA/0A,15|17AA-0AA/0A,17.5|19.5AA-0AA/0A,20|22AA-0AA/0A,22.5|24AA-0AA/0A,48X;A:10|12AA-0AA/0A,12.5|14.5AA-0AA/0A,15|17AA-0AA/0A,17.5|19.5AA-0AA/0A,20|22AA-0AA/0A,22.5|24AA-0AA/0A,48X",45,,<CarOver24Hrs>N</CarOver24Hrs><FlexPKGProfile>N</FlexPKGProfile>,Y,1900-01-01,Hager_W,2025-03-06 00:00:00.000,Mahoney_he,2025-04-28 20:19:43.230,2025-04-29 09:01:37.820,2025-05-23 06:30:57.903,2025-04-29 09:01:37.820,0
17202,629582,SHADYSIDE TRAVEL,Internal,SHADYSIDE TRAVEL,2025-09-25,2025-09-25,2025-03-06,2025-05-16,GRP-IE-ND-WH,C,9,Y,N,AA,Y,N,,,,,,,,IE-629582,0,Y,"L:10|12AA-0AA/0A,12.5|14.5AA-0AA/0A,15|17AA-0AA/0A,17.5|19.5AA-0AA/0A,20|22AA-0AA/0A,22.5|24AA-0AA/0A,48X;A:10|12AA-0AA/0A,12.5|14.5AA-0AA/0A,15|17AA-0AA/0A,17.5|19.5AA-0AA/0A,20|22AA-0AA/0A,22.5|24AA-0AA/0A,48X",45,,<CarOver24Hrs>N</CarOver24Hrs><FlexPKGProfile>N</FlexPKGProfile>,Y,1900-01-01,Hager_W,2025-03-06 00:00:00.000,Larkin_B,2025-05-22 16:17:40.833,2025-05-23 06:31:23.863,2025-06-26 06:02:26.673,2025-05-23 06:31:23.863,0
13641,629614,"2025 Scottish Daytripper - 6 Days/ 5 Nights - Accent on Travel - October 5, 2025",Pending,"2025 Scottish Daytripper - 6 Days/ 5 Nights - Accent on Travel - October 5, 2025",2025-10-05,2025-10-05,2010-01-01,2025-12-31,SCH-GB-GDA,C,6,Y,N,AA/AAA,Y,N,,<Main><AirOffset>1</AirOffset><FromCity>NYC</FromCity><ToCity>EDI</ToCity><ReturnFromCity>EDI</ReturnFromCity><ReturnToCity>NYC</ReturnToCity><AirReturnOffset></AirReturnOffset></Main><AIWhoStamp>Biggins_Tr</AIWhoStamp><AIDateStamp>2022-09-06 17:16:49.000</AIDateStamp>,,,<Pre><First>Y</First></Pre>,<Post><Last>Y</Last></Post>,,GDA25,0,N,,16,,<CarOver24Hrs>N</CarOver24Hrs><PrefCommMethod></PrefCommMethod><Destination>GLA</Destination><FlexPKGProfile>N</FlexPKGProfile>,Y,1900-01-01,Markle_M,2025-03-06 00:00:00.000,Davies_Ja,2025-03-06 19:36:58.617,2025-03-06 00:00:00.000,2025-06-03 06:38:26.533,2025-04-08 08:40:08.187,0
18026,629614,"2025 Scottish Daytripper - 6 Days/ 5 Nights - Accent on Travel - October 5, 2025",Pending,"2025 Scottish Daytripper - 6 Days/ 5 Nights - Accent on Travel - October 5, 2025",2025-10-05,2025-10-05,2010-01-01,2025-12-31,SCH-GB-GDA,C,6,Y,N,AA/AAA,Y,N,,<Main><AirOffset>1</AirOffset><FromCity>NYC</FromCity><ToCity>EDI</ToCity><ReturnFromCity>EDI</ReturnFromCity><ReturnToCity>NYC</ReturnToCity><AirReturnOffset></AirReturnOffset></Main><AIWhoStamp>Biggins_Tr</AIWhoStamp><AIDateStamp>2022-09-06 17:16:49.000</AIDateStamp>,,,<Pre><First>Y</First></Pre>,<Post><Last>Y</Last></Post>,,GDA25,0,N,,16,,<CarOver24Hrs>N</CarOver24Hrs><PrefCommMethod></PrefCommMethod><Destination>GLA</Destination><FlexPKGProfile>N</FlexPKGProfile>,Y,1900-01-01,Markle_M,2025-03-06 00:00:00.000,edwards_ki,2025-06-02 14:44:20.463,2025-06-03 06:39:03.193,2025-06-21 06:08:11.310,2025-06-03 06:39:03.193,0
13642,629626,"2025 Irish Spirit - 9 Days/8 Nights - The Fletcher Group - July 12, 2025",Pending,"2025 Irish Spirit - 9 Days/8 Nights - The Fletcher Group - July 12, 2025",2025-07-12,2025-07-12,2010-01-01,2025-12-31,SCH-IE-SPA,C,9,Y,N,AA/AAA,Y,N,,<Main><AirOffset>1</AirOffset><FromCity>NYC</FromCity><ToCity>DUB</ToCity><ReturnFromCity>DUB</ReturnFromCity><ReturnToCity>NYC</ReturnToCity></Main>,,,<Pre><First>Y</First></Pre>,<Post><Last>Y</Last></Post>,,SPA25,0,N,,20,,"<CarOver24Hrs>N</CarOver24Hrs><PrefCommMethod></PrefCommMethod><Destination>DUB,KER,GAL,WEX</Destination><FlexPKGProfile>N</FlexPKGProfile>",Y,1900-01-01,Markle_M,2025-03-06 00:00:00.000,Davies_Ja,2025-03-06 20:11:35.690,2025-03-06 00:00:00.000,2025-07-25 04:41:47.517,2025-04-08 08:40:08.187,0
16093,629626,"2025 Irish Spirit - 9 Days/8 Nights - The Fletcher Group - July 12, 2025",Expired,"2025 Irish Spirit - 9 Days/8 Nights - The Fletcher Group - July 12, 2025",2025-07-12,2025-07-12,2010-01-01,2025-12-31,SCH-IE-SPA,C,9,Y,N,AA/AAA,Y,N,,<Main><AirOffset>1</AirOffset><FromCity>NYC</FromCity><ToCity>DUB</ToCity><ReturnFromCity>DUB</ReturnFromCity><ReturnToCity>NYC</ReturnToCity></Main>,,,<Pre><First>Y</First></Pre>,<Post><Last>Y</Last></Post>,,SPA25,0,N,,20,,"<CarOver24Hrs>N</CarOver24Hrs><PrefCommMethod></PrefCommMethod><Destination>DUB,KER,GAL,WEX</Destination><FlexPKGProfile>N</FlexPKGProfile>",Y,1900-01-01,Markle_M,2025-03-06 00:00:00.000,Caldeira_N,2025-05-01 20:35:27.787,2025-05-02 04:23:56.197,2025-07-25 04:41:47.517,2025-05-02 04:23:56.197,0
13702,630320,Burke Family,Pending,Burke Family,2026-09-03,2026-09-03,2025-03-13,2026-09-03,GRP-IE-WH,C,10,Y,N,N,Y,N,,,,,,,,IE-630320,0,Y,"L:5|7AA-0AA/0A,7.5|9.5AA-0AA/0A,10|12AA-0AA/0A,12.5|14.5AA-0AA/0A,15|17AA-0AA/0A,17.5|19.5AA-0AA/0A,20|22AA-0AA/0A,22.5|24AA-0AA/0A,48X;A:5|7AA-0AA/0A,7.5|9.5AA-0AA/0A,10|12AA-0AA/0A,12.5|14.5AA-0AA/0A,15|17AA-0AA/0A,17.5|19.5AA-0AA/0A,20|22AA-0AA/0A,22.5|24AA-0AA/0A,48X",20,,<CarOver24Hrs>N</CarOver24Hrs><FlexPKGProfile>N</FlexPKGProfile>,N,1900-01-01,Smith_K,2025-03-13 00:00:00.000,Smith_K,2025-03-13 20:56:09.677,2025-03-13 00:00:00.000,2025-09-30 05:40:07.783,2025-04-08 08:40:08.187,0
13703,630340,"2026 Scottish & Irish Dream - 14 Days/13 Nights - AAA Club Alliance - August 14, 2026",Pending,"2026 Scottish & Irish Dream - 14 Days/13 Nights - AAA Club Alliance - August 14, 2026",2026-08-14,2026-08-14,2010-01-01,2026-12-31,SCH-GB-DRA,C,14,Y,N,AA/AAA,Y,N,,<Main><AirOffset>1</AirOffset><FromCity>NYC</FromCity><ToCity>EDI</ToCity><ReturnFromCity>DUB</ReturnFromCity><ReturnToCity>NYC</ReturnToCity><AirReturnOffset></AirReturnOffset></Main><AIWhoStamp>Biggins_Tr</AIWhoStamp><AIDateStamp>2022-09-06 16:56:08.000</AIDateStamp>,,,<Pre><First>Y</First></Pre>,<Post><Last>Y</Last></Post>,,DRA26/TAA26,0/7,N,,25,,"<CarOver24Hrs>N</CarOver24Hrs><PrefCommMethod></PrefCommMethod><Destination>EDI,NAI,PES,DUB,KER,LIM,ARY,GLA,INV</Destination><FlexPKGProfile>N</FlexPKGProfile>",Y,1900-01-01,Wilson_N,2025-03-14 00:00:00.000,Douglas_P,2025-04-04 12:20:23.493,2025-03-14 00:00:00.000,2025-05-31 06:46:34.090,2025-04-08 08:40:08.187,0
17210,630340,"2026 Scottish & Irish Dream - 14 Days/13 Nights - AAA Club Alliance - August 14, 2026",Pending,"2026 Scottish & Irish Dream - 14 Days/13 Nights - AAA Club Alliance - August 14, 2026",2026-08-14,2026-08-14,2010-01-01,2026-12-31,SCH-GB-DRA,C,14,Y,N,AA/AAA,Y,N,,<Main><AirOffset>1</AirOffset><FromCity>NYC</FromCity><ToCity>EDI</ToCity><ReturnFromCity>DUB</ReturnFromCity><ReturnToCity>NYC</ReturnToCity><AirReturnOffset></AirReturnOffset></Main><AIWhoStamp>Biggins_Tr</AIWhoStamp><AIDateStamp>2022-09-06 16:56:08.000</AIDateStamp>,,,<Pre><First>Y</First></Pre>,<Post><Last>Y</Last></Post>,,DRA26/TAA26,0/7,N,,25,,"<CarOver24Hrs>N</CarOver24Hrs><PrefCommMethod></PrefCommMethod><Destination>EDI,NAI,PES,DUB,KER,LIM,ARY,GLA,INV</Destination><FlexPKGProfile>N</FlexPKGProfile>",Y,1900-01-01,Wilson_N,2025-03-14 00:00:00.000,Lyons_S,2025-05-22 13:21:25.570,2025-05-23 06:31:23.863,2025-05-31 06:46:34.090,2025-05-23 06:31:23.863,0
17882,630340,"2026 Scottish & Irish Dream - 14 Days/13 Nights - AAA Club Alliance - August 14, 2026",Pending,"2026 Scottish & Irish Dream - 14 Days/13 Nights - AAA Club Alliance - August 14, 2026",2026-08-14,2026-08-14,2010-01-01,2026-12-31,SCH-GB-DRA,C,14,Y,N,AA/AAA,Y,N,,<Main><AirOffset>1</AirOffset><FromCity>NYC</FromCity><ToCity>EDI</ToCity><ReturnFromCity>DUB</ReturnFromCity><ReturnToCity>NYC</ReturnToCity><AirReturnOffset></AirReturnOffset></Main><AIWhoStamp>Biggins_Tr</AIWhoStamp><AIDateStamp>2022-09-06 16:56:08.000</AIDateStamp>,,,<Pre><First>Y</First></Pre>,<Post><Last>Y</Last></Post>,,DRA26/TAA26,0/7,N,,25,,"<CarOver24Hrs>N</CarOver24Hrs><PrefCommMethod></PrefCommMethod><Destination>EDI,NAI,PES,DUB,KER,LIM,ARY,GLA,INV</Destination><FlexPKGProfile>N</FlexPKGProfile>",Y,1900-01-01,Wilson_N,2025-03-14 00:00:00.000,Tancred_E,2025-05-30 09:02:34.653,2025-05-31 06:47:11.173,2025-08-12 05:13:27.650,2025-05-31 06:47:11.173,0
13758,631073,Italy - Simmons Family,Pending,Italy - Simmons Family,2025-07-19,2025-07-19,2025-03-24,2025-07-19,GRP-EU-KS,C,13,Y,N,N,Y,N,,,,,,,,EU-631073,0,Y,"L:7.5|9.5AA-0AA/0A,19X;A:7.5|9.5AA-0AA/0A,19X",15,,<CarOver24Hrs>N</CarOver24Hrs><FlexPKGProfile>N</FlexPKGProfile>,N,1900-01-01,Smith_K,2025-03-24 00:00:00.000,Smith_K,2025-04-03 17:42:48.823,2025-03-24 00:00:00.000,2025-07-25 04:41:47.517,2025-04-08 08:40:08.187,0
15307,631073,Italy - Simmons Family,Internal,Italy - Simmons Family,2025-07-19,2025-07-19,2025-03-24,2025-07-19,GRP-EU-KS,C,13,Y,N,N,Y,N,,,,,,,,EU-631073,0,Y,"L:7.5|9.5AA-0AA/0A,19X;A:7.5|9.5AA-0AA/0A,19X",15,,<CarOver24Hrs>N</CarOver24Hrs><FlexPKGProfile>N</FlexPKGProfile>,Y,1900-01-01,Smith_K,2025-03-24 00:00:00.000,Smith_K,2025-04-10 13:51:44.947,2025-04-15 09:44:58.910,2025-07-25 04:41:47.517,2025-04-15 09:44:58.910,0
15462,631073,Italy - Simmons Family,Internal,Italy - Simmons Family,2025-07-19,2025-07-19,2025-03-24,2025-05-05,GRP-EU-KS,C,13,Y,N,AA,Y,N,,,,,,,,EU-631073,0,Y,"L:7.5|9.5AA-0AA/0A,19X;A:7.5|9.5AA-0AA/0A,19X",15,,<CarOver24Hrs>N</CarOver24Hrs><FlexPKGProfile>N</FlexPKGProfile>,Y,1900-01-01,Smith_K,2025-03-24 00:00:00.000,Mahoney_he,2025-04-15 21:47:58.100,2025-04-16 04:53:38.903,2025-05-31 06:46:34.090,2025-04-16 04:53:38.903,0
17886,631073,Italy - Simmons Family,Internal,Italy - Simmons Family,2025-07-19,2025-07-19,2025-03-24,2025-05-05,GRP-EU-KS,C,13,Y,N,AA,Y,N,,,,,,,,EU-631073,0,Y,"L:7.5|9.5AA-0AA/0A,19X;A:7.5|9.5AA-0AA/0A,19X",15,,<CarOver24Hrs>N</CarOver24Hrs><FlexPKGProfile>N</FlexPKGProfile>,Y,1900-01-01,Smith_K,2025-03-24 00:00:00.000,Smith_K,2025-05-30 13:37:09.633,2025-05-31 06:47:11.173,9999-12-31 00:00:00.000,2025-05-31 06:47:11.173,1
13759,631077,"2026 Taste of Scotland & Ireland - 11 Days/10 Nights - Wanderlust Getaway - June 7, 2026",Pending,"2026 Taste of Scotland & Ireland - 11 Days/10 Nights - Wanderlust Getaway - June 7, 2026",2026-06-07,2026-06-07,2010-01-01,2026-12-31,SCH-GB-SCA,C,11,Y,N,AA/AAA,Y,N,,<Main><AirOffset>1</AirOffset><FromCity>NYC</FromCity><ToCity>EDI</ToCity><ReturnFromCity>DUB</ReturnFromCity><ReturnToCity>NYC</ReturnToCity><AirReturnOffset></AirReturnOffset></Main><AIWhoStamp>Biggins_Tr</AIWhoStamp><AIDateStamp>2022-09-06 17:09:55.000</AIDateStamp>,,,<Pre><Service><ProductCode>UKPRENIGHTS</ProductCode><SupplierID>GB-GLA-GTH</SupplierID><ServiceID>STD-SBB</ServiceID></Service></Pre>,<Post><Last>Y</Last></Post>,,SCA26,0,N,,10,,"<CarOver24Hrs>N</CarOver24Hrs><PrefCommMethod></PrefCommMethod><Destination>GLA,NAI,EDI,KER,DUB,LIM</Destination><FlexPKGProfile>N</FlexPKGProfile>",Y,1900-01-01,doig_l,2025-03-24 00:00:00.000,Zanchetta_I,2025-03-27 13:06:56.090,2025-03-24 00:00:00.000,2025-07-25 04:41:47.517,2025-04-08 08:40:08.187,0
15308,631077,"2026 Taste of Scotland & Ireland - 11 Days/10 Nights - Wanderlust Getaway - June 7, 2026",Pending,"2026 Taste of Scotland & Ireland - 11 Days/10 Nights - Wanderlust Getaway - June 7, 2026",2026-06-07,2026-06-07,2010-01-01,2026-12-31,SCH-GB-SCA,C,11,Y,N,AA/AAA,Y,N,,<Main><AirOffset>1</AirOffset><FromCity>NYC</FromCity><ToCity>EDI</ToCity><ReturnFromCity>DUB</ReturnFromCity><ReturnToCity>NYC</ReturnToCity><AirReturnOffset></AirReturnOffset></Main><AIWhoStamp>Biggins_Tr</AIWhoStamp><AIDateStamp>2022-09-06 17:09:55.000</AIDateStamp>,,,<Pre><Service><ProductCode>UKPRENIGHTS</ProductCode><SupplierID>GB-GLA-GTH</SupplierID><ServiceID>STD-SBB</ServiceID></Service></Pre>,<Post><Last>Y</Last></Post>,,SCA26,0,N,,10,,"<CarOver24Hrs>N</CarOver24Hrs><PrefCommMethod></PrefCommMethod><Destination>GLA,NAI,EDI,KER,DUB,LIM</Destination><FlexPKGProfile>N</FlexPKGProfile>",Y,1900-01-01,doig_l,2025-03-24 00:00:00.000,Lyons_S,2025-04-11 15:30:44.780,2025-04-15 09:44:58.910,2025-07-25 04:41:47.517,2025-04-15 09:44:58.910,0
16186,631077,"2026 Taste of Scotland & Ireland - 11 Days/10 Nights - Wanderlust Getaway - June 7, 2026",Pending,"2026 Taste of Scotland & Ireland - 11 Days/10 Nights - Wanderlust Getaway - June 7, 2026",2026-06-07,2026-06-07,2010-01-01,2026-12-31,SCH-GB-SCA,C,11,Y,N,AA/AAA,Y,N,,<Main><AirOffset>1</AirOffset><FromCity>NYC</FromCity><ToCity>EDI</ToCity><ReturnFromCity>DUB</ReturnFromCity><ReturnToCity>NYC</ReturnToCity><AirReturnOffset></AirReturnOffset></Main><AIWhoStamp>Biggins_Tr</AIWhoStamp><AIDateStamp>2022-09-06 17:09:55.000</AIDateStamp>,,,<Pre><Service><ProductCode>UKPRENIGHTS</ProductCode><SupplierID>GB-GLA-GTH</SupplierID><ServiceID>STD-SBB</ServiceID></Service></Pre>,<Post><Last>Y</Last></Post>,,SCA26,0,N,,10,,"<CarOver24Hrs>N</CarOver24Hrs><PrefCommMethod></PrefCommMethod><Destination>GLA,NAI,EDI,KER,DUB,LIM</Destination><FlexPKGProfile>N</FlexPKGProfile>",Y,1900-01-01,doig_l,2025-03-24 00:00:00.000,Stynes_A,2025-05-02 14:25:51.877,2025-05-03 04:35:37.930,2025-07-25 04:41:47.517,2025-05-03 04:35:37.930,0
16679,633108,DAWN AND ZAC TRAVEL,Internal,DAWN AND ZAC TRAVEL,2027-08-24,2027-08-24,2025-04-22,2027-08-24,GRP-IE-WH,C,7,Y,N,N,Y,N,,,,,,,,IE-633108,0,Y,"L:5|7AA-0AA/0A,7.5|9.5AA-0AA/0A,10|12AA-0AA/0A,12.5|14.5AA-0AA/0A,15|17AA-0AA/0A,17.5|19.5AA-0AA/0A,20|22AA-0AA/0A,22.5|24AA-0AA/0A,48X;A:5|7AA-0AA/0A,7.5|9.5AA-0AA/0A,10|12AA-0AA/0A,12.5|14.5AA-0AA/0A,15|17AA-0AA/0A,17.5|19.5AA-0AA/0A,20|22AA-0AA/0A,22.5|24AA-0AA/0A,48X",20,,<CarOver24Hrs>N</CarOver24Hrs><FlexPKGProfile>N</FlexPKGProfile>,Y,1900-01-01,Hager_W,2025-04-22 00:00:00.000,Hager_W,2025-05-13 15:20:41.933,2025-05-14 06:43:12.710,2025-07-25 04:41:47.517,2025-05-14 06:43:12.710,0
16743,633108,DAWN AND ZAC TRAVEL,Internal,DAWN AND ZAC TRAVEL,2027-08-24,2027-08-24,2025-04-22,2027-08-24,GRP-IE-WH,C,7,Y,N,N,Y,N,,,,,,,,IE-633108,0,Y,"L:5|7AA-0AA/0A,7.5|9.5AA-0AA/0A,10|12AA-0AA/0A,12.5|14.5AA-0AA/0A,15|17AA-0AA/0A,17.5|19.5AA-0AA/0A,20|22AA-0AA/0A,22.5|24AA-0AA/0A,48X;A:5|7AA-0AA/0A,7.5|9.5AA-0AA/0A,10|12AA-0AA/0A,12.5|14.5AA-0AA/0A,15|17AA-0AA/0A,17.5|19.5AA-0AA/0A,20|22AA-0AA/0A,22.5|24AA-0AA/0A,48X",20,,<CarOver24Hrs>N</CarOver24Hrs><FlexPKGProfile>N</FlexPKGProfile>,Y,1900-01-01,Hager_W,2025-04-22 00:00:00.000,Lavery_R,2025-05-14 09:31:20.727,2025-05-15 06:44:55.347,2025-07-25 04:41:47.517,2025-05-15 06:44:55.347,0
15892,633109,PROFESSIONAL TRAVEL INC,Pending,PROFESSIONAL TRAVEL INC,2026-05-12,2026-05-12,2025-04-22,2026-05-12,GRP-IE-WH,C,13,Y,N,N,Y,N,,,,,,,,IE-633109,0,Y,"L:5|7AA-0AA/0A,7.5|9.5AA-0AA/0A,10|12AA-0AA/0A,12.5|14.5AA-0AA/0A,15|17AA-0AA/0A,17.5|19.5AA-0AA/0A,20|22AA-0AA/0A,22.5|24AA-0AA/0A,48X;A:5|7AA-0AA/0A,7.5|9.5AA-0AA/0A,10|12AA-0AA/0A,12.5|14.5AA-0AA/0A,15|17AA-0AA/0A,17.5|19.5AA-0AA/0A,20|22AA-0AA/0A,22.5|24AA-0AA/0A,48X",20,,<CarOver24Hrs>N</CarOver24Hrs><FlexPKGProfile>N</FlexPKGProfile>,N,1900-01-01,Hager_W,2025-04-22 00:00:00.000,Mahnken_J,2025-04-24 21:57:44.890,2025-04-22 00:00:00.000,2025-12-19 06:30:24.337,2025-04-28 19:00:19.260,0
15893,633111,CRUISE PLANNERS,Pending,CRUISE PLANNERS,2026-10-12,2026-10-12,2025-04-22,2026-10-12,GRP-GB-BOS-WH,C,7,Y,N,AA,Y,N,,,,,,,,GB-633111,0,Y,"L:5|7AA-0AA/0A,7.5|9.5AA-0AA/0A,10|12AA-1AA/0A,12.5|14.5AA-1AA/0A,15|17AA-2AA/0A,17.5|19.5AA-2AA/0A,20|22AA-2AA/0A,22.5|24AA-2AA/0A,48X;A:5|7AA-0AA/0A,7.5|9.5AA-0AA/0A,10|12AA-0AA/0A,12.5|14.5AA-0AA/0A,15|17AA-0AA/0A,17.5|19.5AA-0AA/0A,20|22AA-0AA/0A,22.5|24AA-0AA/0A,48X",20,,<CarOver24Hrs>N</CarOver24Hrs><FlexPKGProfile>N</FlexPKGProfile>,N,1900-01-01,Hager_W,2025-04-22 00:00:00.000,Hager_W,2025-04-22 23:28:35.690,2025-04-22 00:00:00.000,2025-07-25 04:41:47.517,2025-04-28 19:00:19.260,0
15894,633113,COASTERS AND CASTLES TRAVEL,Pending,COASTERS AND CASTLES TRAVEL,2026-03-15,2026-03-15,2025-04-22,2026-03-15,GRP-IE-KS-1,C,7,Y,N,N,Y,N,,,,,,,,IE-633113,0,Y,"L:5|7AA-0AA/0A,7.5|9.5AA-0AA/0A,10|12AA-0AA/0A,12.5|14.5AA-0AA/0A,15|17AA-0AA/0A,17.5|19.5AA-0AA/0A,20|22AA-0AA/0A,22.5|24AA-0AA/0A,48X;A:5|7AA-0AA/0A,7.5|9.5AA-0AA/0A,10|12AA-0AA/0A,12.5|14.5AA-0AA/0A,15|17AA-0AA/0A,17.5|19.5AA-0AA/0A,20|22AA-0AA/0A,22.5|24AA-0AA/0A,48X",20,,<CarOver24Hrs>N</CarOver24Hrs><FlexPKGProfile>N</FlexPKGProfile>,N,1900-01-01,Hager_W,2025-04-22 00:00:00.000,Hager_W,2025-04-23 23:19:00.663,2025-04-22 00:00:00.000,2025-07-25 04:41:47.517,2025-04-28 19:00:19.260,0
16206,633113,Cure Family Travel,Pending,Cure Family Travel,2026-03-15,2026-03-15,2025-04-22,2026-03-15,GRP-IE-KS-1,C,7,Y,N,N,Y,N,,,,,,,,IE-633113,0,Y,"L:5|7AA-0AA/0A,7.5|9.5AA-0AA/0A,10|12AA-0AA/0A,12.5|14.5AA-0AA/0A,15|17AA-0AA/0A,17.5|19.5AA-0AA/0A,20|22AA-0AA/0A,22.5|24AA-0AA/0A,48X;A:5|7AA-0AA/0A,7.5|9.5AA-0AA/0A,10|12AA-0AA/0A,12.5|14.5AA-0AA/0A,15|17AA-0AA/0A,17.5|19.5AA-0AA/0A,20|22AA-0AA/0A,22.5|24AA-0AA/0A,48X",20,,<CarOver24Hrs>N</CarOver24Hrs><FlexPKGProfile>N</FlexPKGProfile>,N,1900-01-01,Hager_W,2025-04-22 00:00:00.000,Smith_K,2025-05-02 17:03:07.427,2025-05-03 04:35:37.930,2025-07-25 04:41:47.517,2025-05-03 04:35:37.930,0
16349,633113,Cure Family Travel,Internal,Cure Family Travel,2026-03-15,2026-03-15,2025-04-22,2026-03-15,GRP-IE-KS-1,C,7,Y,N,N,Y,N,,,,,,,,IE-633113,0,Y,"L:5|7AA-0AA/0A,14X;A:5|7AA-0AA/0A,14X",10,,<CarOver24Hrs>N</CarOver24Hrs><FlexPKGProfile>N</FlexPKGProfile>,Y,1900-01-01,Hager_W,2025-04-22 00:00:00.000,Smith_K,2025-05-06 15:54:05.917,2025-05-07 04:32:50.770,2025-07-25 04:41:47.517,2025-05-07 04:32:50.770,0
16408,633113,Cure Family Travel,Internal,Cure Family Travel,2026-03-15,2026-03-15,2025-04-22,2026-03-15,GRP-IE-KS-1,C,7,Y,N,N,Y,N,,,,,,,,IE-633113,0,Y,"L:5|7AA-0AA/0A,14X;A:5|7AA-0AA/0A,14X",10,,<CarOver24Hrs>N</CarOver24Hrs><FlexPKGProfile>N</FlexPKGProfile>,Y,1900-01-01,Hager_W,2025-04-22 00:00:00.000,McCloskey_C,2025-05-07 10:49:45.460,2025-05-08 04:34:50.883,2025-07-25 04:41:47.517,2025-05-08 04:34:50.883,0
17032,633113,Cure Family Travel,Internal,Cure Family Travel,2026-03-15,2026-03-15,2025-04-22,2026-03-15,GRP-IE-KS-1,C,7,Y,N,N,Y,N,,,,,,,,IE-633113,0,Y,"L:5|7AA-0AA/0A,14X;A:5|7AA-0AA/0A,14X",10,,<CarOver24Hrs>N</CarOver24Hrs><FlexPKGProfile>N</FlexPKGProfile>,Y,1900-01-01,Hager_W,2025-04-22 00:00:00.000,Smith_K,2025-05-20 18:25:12.090,2025-05-21 06:42:32.540,2025-07-25 04:41:47.517,2025-05-21 06:42:32.540,0
17259,633113,Cure Family Travel,Internal,Cure Family Travel,2026-03-15,2026-03-15,2025-04-22,2026-03-15,GRP-IE-KS-1,C,7,Y,N,N,Y,N,,,,,,,,IE-633113,0,Y,"L:5|7AA-0AA/0A,14X;A:5|7AA-0AA/0A,14X",10,,<CarOver24Hrs>N</CarOver24Hrs><FlexPKGProfile>N</FlexPKGProfile>,Y,1900-01-01,Hager_W,2025-04-22 00:00:00.000,Mahoney_he,2025-05-22 19:34:38.083,2025-05-23 06:31:23.863,2025-07-25 04:41:47.517,2025-05-23 06:31:23.863,0
17361,633113,Cure Family Travel,Active,Cure Family Travel,2026-03-15,2026-03-15,2025-04-22,2026-03-15,GRP-IE-KS-1,C,7,Y,N,N,Y,N,,,,,,,,IE-633113,0,Y,"L:5|7AA-0AA/0A,14X;A:5|7AA-0AA/0A,14X",10,,<CarOver24Hrs>N</CarOver24Hrs><FlexPKGProfile>N</FlexPKGProfile>,Y,1900-01-01,Hager_W,2025-04-22 00:00:00.000,Mahoney_he,2025-05-23 21:37:55.310,2025-05-24 06:26:39.947,2025-10-09 05:28:12.373,2025-05-24 06:26:39.947,0
16019,633359,"2026 Scottish & Irish Dream- 14 Days/13 Nights- Brumbaugh and Friends- May 13, 2026",Active,"2026 Scottish & Irish Dream- 14 Days/13 Nights- Brumbaugh and Friends- May 13, 2026",2026-05-13,2026-05-13,2010-01-01,2026-12-31,SCH-GB-DRA,C,14,Y,N,AA/AAA,Y,N,,<Main><AirOffset>1</AirOffset><FromCity>NYC</FromCity><ToCity>EDI</ToCity><ReturnFromCity>DUB</ReturnFromCity><ReturnToCity>NYC</ReturnToCity><AirReturnOffset></AirReturnOffset></Main><AIWhoStamp>Biggins_Tr</AIWhoStamp><AIDateStamp>2022-09-06 16:56:08.000</AIDateStamp>,,,<Pre><First>Y</First></Pre>,<Post><Last>Y</Last></Post>,,DRA26/TAA26,0/7,N,,14,,"<CarOver24Hrs>N</CarOver24Hrs><PrefCommMethod></PrefCommMethod><Destination>EDI,NAI,PES,DUB,KER,LIM,ARY,GLA,INV</Destination><FlexPKGProfile>N</FlexPKGProfile>",Y,1900-01-01,doig_l,2025-04-24 00:00:00.000,doig_l,2025-04-29 17:36:54.027,2025-04-30 04:33:14.220,2025-05-31 06:46:34.090,2025-04-30 04:33:14.220,0
17036,633359,"2026 Scottish & Irish Dream- 14 Days/13 Nights- Brumbaugh and Friends- May 13, 2026",Active,"2026 Scottish & Irish Dream- 14 Days/13 Nights- Brumbaugh and Friends- May 13, 2026",2026-05-13,2026-05-13,2010-01-01,2026-12-31,SCH-GB-DRA,C,14,Y,N,AA/AAA,Y,N,,<Main><AirOffset>1</AirOffset><FromCity>NYC</FromCity><ToCity>EDI</ToCity><ReturnFromCity>DUB</ReturnFromCity><ReturnToCity>NYC</ReturnToCity><AirReturnOffset></AirReturnOffset></Main><AIWhoStamp>Biggins_Tr</AIWhoStamp><AIDateStamp>2022-09-06 16:56:08.000</AIDateStamp>,,,<Pre><First>Y</First></Pre>,<Post><Last>Y</Last></Post>,,DRA26/TAA26,0/7,N,,14,,"<CarOver24Hrs>N</CarOver24Hrs><PrefCommMethod></PrefCommMethod><Destination>EDI,NAI,PES,DUB,KER,LIM,ARY,GLA,INV</Destination><FlexPKGProfile>N</FlexPKGProfile>",Y,1900-01-01,doig_l,2025-04-24 00:00:00.000,Stynes_A,2025-05-20 14:25:16.190,2025-05-21 06:42:32.540,2025-05-31 06:46:34.090,2025-05-21 06:42:32.540,0
17262,633359,"2026 Scottish & Irish Dream- 14 Days/13 Nights- Brumbaugh and Friends- May 13, 2026",Active,"2026 Scottish & Irish Dream- 14 Days/13 Nights- Brumbaugh and Friends- May 13, 2026",2026-05-13,2026-05-13,2010-01-01,2026-12-31,SCH-GB-DRA,C,14,Y,N,AA/AAA,Y,N,,<Main><AirOffset>1</AirOffset><FromCity>NYC</FromCity><ToCity>EDI</ToCity><ReturnFromCity>DUB</ReturnFromCity><ReturnToCity>NYC</ReturnToCity><AirReturnOffset></AirReturnOffset></Main><AIWhoStamp>Biggins_Tr</AIWhoStamp><AIDateStamp>2022-09-06 16:56:08.000</AIDateStamp>,,,<Pre><First>Y</First></Pre>,<Post><Last>Y</Last></Post>,,DRA26/TAA26,0/7,N,,14,,"<CarOver24Hrs>N</CarOver24Hrs><PrefCommMethod></PrefCommMethod><Destination>EDI,NAI,PES,DUB,KER,LIM,ARY,GLA,INV</Destination><FlexPKGProfile>N</FlexPKGProfile>",Y,1900-01-01,doig_l,2025-04-24 00:00:00.000,Lyons_S,2025-05-22 13:21:25.583,2025-05-23 06:31:23.863,2025-05-31 06:46:34.090,2025-05-23 06:31:23.863,0
17911,633359,"2026 Scottish & Irish Dream- 14 Days/13 Nights- Brumbaugh and Friends- May 13, 2026",Active,"2026 Scottish & Irish Dream- 14 Days/13 Nights- Brumbaugh and Friends- May 13, 2026",2026-05-13,2026-05-13,2010-01-01,2026-12-31,SCH-GB-DRA,C,14,Y,N,AA/AAA,Y,N,,<Main><AirOffset>1</AirOffset><FromCity>NYC</FromCity><ToCity>EDI</ToCity><ReturnFromCity>DUB</ReturnFromCity><ReturnToCity>NYC</ReturnToCity><AirReturnOffset></AirReturnOffset></Main><AIWhoStamp>Biggins_Tr</AIWhoStamp><AIDateStamp>2022-09-06 16:56:08.000</AIDateStamp>,,,<Pre><First>Y</First></Pre>,<Post><Last>Y</Last></Post>,,DRA26/TAA26,0/7,N,,14,,"<CarOver24Hrs>N</CarOver24Hrs><PrefCommMethod></PrefCommMethod><Destination>EDI,NAI,PES,DUB,KER,LIM,ARY,GLA,INV</Destination><FlexPKGProfile>N</FlexPKGProfile>",Y,1900-01-01,doig_l,2025-04-24 00:00:00.000,Tancred_E,2025-05-30 09:02:34.280,2025-05-31 06:47:11.173,2025-06-08 05:25:39.740,2025-05-31 06:47:11.173,0
15981,633523,"2026  Irish Gold - 9 Days/8 Nights - Oasis Travel Network - March 22, 2026",Multi-Pending,"2026  Irish Gold - 9 Days/8 Nights - Oasis Travel Network - March 22, 2026",2026-03-22,2026-03-22,2010-01-01,2026-12-31,SCH-IE-GOA,C,9,Y,N,AA/AAA,Y,N,,<Main><AirOffset>1</AirOffset><FromCity>NYC</FromCity><ToCity>DUB</ToCity><ReturnFromCity>DUB</ReturnFromCity><ReturnToCity>NYC</ReturnToCity></Main>,,,<Pre><First>Y</First></Pre>,<Post><Last>Y</Last></Post>,,GOA26,0,N,,44,,"<CarOver24Hrs>N</CarOver24Hrs><PrefCommMethod></PrefCommMethod><Destination>WAT,GAL,DUB,KER</Destination><FlexPKGProfile>N</FlexPKGProfile>",Y,1900-01-01,doig_l,2025-04-28 00:00:00.000,Davies_Ja,2025-04-28 16:17:31.590,2025-04-28 00:00:00.000,2025-06-04 07:10:59.440,2025-04-29 09:01:37.820,0
15982,633544,"2026  Irish Gold - 8 Days/7 Nights - Oasis Travel Network - March 22, 2026",Multi-Pending,"2026  Irish Gold - 8 Days/7 Nights - Oasis Travel Network - March 22, 2026",2026-03-22,2026-03-22,2010-01-01,2026-12-31,SCH-IE-GOA,C,8,Y,N,AA/AAA,Y,N,,<Main><AirOffset>1</AirOffset><FromCity>NYC</FromCity><ToCity>DUB</ToCity><ReturnFromCity>DUB</ReturnFromCity><ReturnToCity>NYC</ReturnToCity></Main>,,,<Pre><First>Y</First></Pre>,,,GOA26,0,N,,44,,"<CarOver24Hrs>N</CarOver24Hrs><PrefCommMethod></PrefCommMethod><Destination>WAT,GAL,DUB,KER</Destination><FlexPKGProfile>N</FlexPKGProfile>",Y,1900-01-01,doig_l,2025-04-28 00:00:00.000,Davies_Ja,2025-04-28 17:40:09.890,2025-04-28 00:00:00.000,2025-07-05 06:00:59.987,2025-04-29 09:01:37.820,0
15983,633552,"2026 Scottish & Irish Dream - 14 Days/13 Nights - Inteletravel - April 3, 2026",Pending,"2026 Scottish & Irish Dream - 14 Days/13 Nights - Inteletravel - April 3, 2026",2026-04-03,2026-04-03,2010-01-01,2026-12-31,SCH-GB-DRA,C,14,Y,N,AA/AAA,Y,N,,<Main><AirOffset>1</AirOffset><FromCity>NYC</FromCity><ToCity>EDI</ToCity><ReturnFromCity>DUB</ReturnFromCity><ReturnToCity>NYC</ReturnToCity><AirReturnOffset></AirReturnOffset></Main><AIWhoStamp>Biggins_Tr</AIWhoStamp><AIDateStamp>2022-09-06 16:56:08.000</AIDateStamp>,,,<Pre><First>Y</First></Pre>,<Post><Last>Y</Last></Post>,,DRA26/TAA26,0/7,N,,14,,"<CarOver24Hrs>N</CarOver24Hrs><PrefCommMethod></PrefCommMethod><Destination>EDI,NAI,PES,DUB,KER,LIM,ARY,GLA,INV</Destination><FlexPKGProfile>N</FlexPKGProfile>",Y,1900-01-01,Wilson_N,2025-04-28 00:00:00.000,Davies_Ja,2025-04-28 18:15:49.167,2025-04-28 00:00:00.000,2025-07-25 04:41:47.517,2025-04-29 09:01:37.820,0
16412,633552,"2026 Scottish & Irish Dream - 14 Days/13 Nights - Inteletravel - August 26, 2026",Pending,"2026 Scottish & Irish Dream - 14 Days/13 Nights - Inteletravel - August 26, 2026",2026-08-26,2026-08-26,2010-01-01,2026-08-26,SCH-GB-DRA,C,14,Y,N,AA/AAA,Y,N,,<Main><AirOffset>1</AirOffset><FromCity>NYC</FromCity><ToCity>EDI</ToCity><ReturnFromCity>DUB</ReturnFromCity><ReturnToCity>NYC</ReturnToCity><AirReturnOffset></AirReturnOffset></Main><AIWhoStamp>Biggins_Tr</AIWhoStamp><AIDateStamp>2022-09-06 16:56:08.000</AIDateStamp>,,,<Pre><First>Y</First></Pre>,<Post><Last>Y</Last></Post>,,DRA26/TAA26,0/7,N,,14,,"<CarOver24Hrs>N</CarOver24Hrs><PrefCommMethod></PrefCommMethod><Destination>EDI,NAI,PES,DUB,KER,LIM,ARY,GLA,INV</Destination><FlexPKGProfile>N</FlexPKGProfile>",Y,1900-01-01,Wilson_N,2025-04-28 00:00:00.000,Davies_Ja,2025-05-07 20:17:16.603,2025-05-08 04:34:50.883,2025-05-31 06:46:34.090,2025-05-08 04:34:50.883,0
17038,633552,"2026 Scottish & Irish Dream - 14 Days/13 Nights - Inteletravel - August 26, 2026",Pending,"2026 Scottish & Irish Dream - 14 Days/13 Nights - Inteletravel - August 26, 2026",2026-08-26,2026-08-26,2010-01-01,2026-08-26,SCH-GB-DRA,C,14,Y,N,AA/AAA,Y,N,,<Main><AirOffset>1</AirOffset><FromCity>NYC</FromCity><ToCity>EDI</ToCity><ReturnFromCity>DUB</ReturnFromCity><ReturnToCity>NYC</ReturnToCity><AirReturnOffset></AirReturnOffset></Main><AIWhoStamp>Biggins_Tr</AIWhoStamp><AIDateStamp>2022-09-06 16:56:08.000</AIDateStamp>,,,<Pre><First>Y</First></Pre>,<Post><Last>Y</Last></Post>,,DRA26/TAA26,0/7,N,,14,,"<CarOver24Hrs>N</CarOver24Hrs><PrefCommMethod></PrefCommMethod><Destination>EDI,NAI,PES,DUB,KER,LIM,ARY,GLA,INV</Destination><FlexPKGProfile>N</FlexPKGProfile>",Y,1900-01-01,Wilson_N,2025-04-28 00:00:00.000,Stynes_A,2025-05-20 14:25:16.190,2025-05-21 06:42:32.540,2025-05-31 06:46:34.090,2025-05-21 06:42:32.540,0
17269,633552,"2026 Scottish & Irish Dream - 14 Days/13 Nights - Inteletravel - August 26, 2026",Pending,"2026 Scottish & Irish Dream - 14 Days/13 Nights - Inteletravel - August 26, 2026",2026-08-26,2026-08-26,2010-01-01,2026-08-26,SCH-GB-DRA,C,14,Y,N,AA/AAA,Y,N,,<Main><AirOffset>1</AirOffset><FromCity>NYC</FromCity><ToCity>EDI</ToCity><ReturnFromCity>DUB</ReturnFromCity><ReturnToCity>NYC</ReturnToCity><AirReturnOffset></AirReturnOffset></Main><AIWhoStamp>Biggins_Tr</AIWhoStamp><AIDateStamp>2022-09-06 16:56:08.000</AIDateStamp>,,,<Pre><First>Y</First></Pre>,<Post><Last>Y</Last></Post>,,DRA26/TAA26,0/7,N,,14,,"<CarOver24Hrs>N</CarOver24Hrs><PrefCommMethod></PrefCommMethod><Destination>EDI,NAI,PES,DUB,KER,LIM,ARY,GLA,INV</Destination><FlexPKGProfile>N</FlexPKGProfile>",Y,1900-01-01,Wilson_N,2025-04-28 00:00:00.000,Lyons_S,2025-05-22 13:21:25.583,2025-05-23 06:31:23.863,2025-05-31 06:46:34.090,2025-05-23 06:31:23.863,0
17914,633552,"2026 Scottish & Irish Dream - 14 Days/13 Nights - Inteletravel - August 26, 2026",Pending,"2026 Scottish & Irish Dream - 14 Days/13 Nights - Inteletravel - August 26, 2026",2026-08-26,2026-08-26,2010-01-01,2026-08-26,SCH-GB-DRA,C,14,Y,N,AA/AAA,Y,N,,<Main><AirOffset>1</AirOffset><FromCity>NYC</FromCity><ToCity>EDI</ToCity><ReturnFromCity>DUB</ReturnFromCity><ReturnToCity>NYC</ReturnToCity><AirReturnOffset></AirReturnOffset></Main><AIWhoStamp>Biggins_Tr</AIWhoStamp><AIDateStamp>2022-09-06 16:56:08.000</AIDateStamp>,,,<Pre><First>Y</First></Pre>,<Post><Last>Y</Last></Post>,,DRA26/TAA26,0/7,N,,14,,"<CarOver24Hrs>N</CarOver24Hrs><PrefCommMethod></PrefCommMethod><Destination>EDI,NAI,PES,DUB,KER,LIM,ARY,GLA,INV</Destination><FlexPKGProfile>N</FlexPKGProfile>",Y,1900-01-01,Wilson_N,2025-04-28 00:00:00.000,Tancred_E,2025-05-30 09:02:34.420,2025-05-31 06:47:11.173,2025-06-08 05:25:39.740,2025-05-31 06:47:11.173,0
15984,633557,"2026 Irish Adventure - 9 Days/8 Nights - Curated TravelScapes - September 14, 2026",Pending,"2026 Irish Adventure - 9 Days/8 Nights - Curated TravelScapes - September 14, 2026",2026-09-14,2026-09-14,2010-01-01,2026-12-31,SCH-IE-ADA,C,9,Y,N,AA/AAA,Y,N,,<Main><AirOffset>1</AirOffset><FromCity>NYC</FromCity><ToCity>DUB</ToCity><ReturnFromCity>DUB</ReturnFromCity><ReturnToCity>NYC</ReturnToCity></Main>,,,<Pre><First>Y</First></Pre>,<Post><Last>Y</Last></Post>,,ADA26,0,N,,14,,"<CarOver24Hrs>N</CarOver24Hrs><PrefCommMethod></PrefCommMethod><Destination>DUB,WAT,GAL,DER,KER</Destination><FlexPKGProfile>N</FlexPKGProfile>",Y,1900-01-01,Wilson_N,2025-04-28 00:00:00.000,Davies_Ja,2025-04-28 18:36:44.873,2025-04-28 00:00:00.000,2025-05-14 06:42:39.163,2025-04-29 09:01:37.820,0
16682,633557,"2026 Irish Adventure - 9 Days/8 Nights - Curated TravelScapes - September 14, 2026",Pending,"2026 Irish Adventure - 9 Days/8 Nights - Curated TravelScapes - September 14, 2026",2026-09-14,2026-09-14,2010-01-01,2026-12-31,SCH-IE-ADA,C,9,Y,N,AA/AAA,Y,N,,<Main><AirOffset>1</AirOffset><FromCity>NYC</FromCity><ToCity>DUB</ToCity><ReturnFromCity>DUB</ReturnFromCity><ReturnToCity>NYC</ReturnToCity></Main>,,,<Pre><First>Y</First></Pre>,<Post><Last>Y</Last></Post>,,ADA26,0,N,,14,,"<CarOver24Hrs>N</CarOver24Hrs><PrefCommMethod></PrefCommMethod><Destination>DUB,WAT,GAL,DER,KER</Destination><FlexPKGProfile>N</FlexPKGProfile>",Y,1900-01-01,Wilson_N,2025-04-28 00:00:00.000,Stynes_A,2025-05-13 14:19:58.707,2025-05-14 06:43:12.710,2025-07-29 04:43:22.807,2025-05-14 06:43:12.710,0
16024,633703,"2026 London Daytripper - 6 Days/5 Nights - DMG Travel Escapes - May 28, 2026",Pending,"2026 London Daytripper - 6 Days/5 Nights - DMG Travel Escapes - May 28, 2026",2026-05-28,2026-05-28,2010-01-01,2026-12-31,SCH-GB-LNA,C,6,Y,N,AA/AAA,Y,N,,<Main><AirOffset>1</AirOffset><FromCity>NYC</FromCity><ToCity>LON</ToCity><ReturnFromCity>LON</ReturnFromCity><ReturnToCity>NYC</ReturnToCity><AirReturnOffset></AirReturnOffset></Main><AIWhoStamp>Tsao_R</AIWhoStamp><AIDateStamp>2019-08-09 15:10:58.000</AIDateStamp>,,,<Pre><First>Y</First></Pre>,,,LNA26,0,N,,20,,<CarOver24Hrs>N</CarOver24Hrs><PrefCommMethod></PrefCommMethod><Destination>LON</Destination><FlexPKGProfile>N</FlexPKGProfile>,Y,1900-01-01,Wilson_N,2025-04-29 00:00:00.000,Davies_Ja,2025-04-29 19:56:23.010,2025-04-29 00:00:00.000,2025-07-25 04:41:47.517,2025-04-30 04:33:14.220,0
16044,633703,"2026 London Daytripper - 6 Days/5 Nights - DMG Travel Escapes - CCHA Trip - May 28, 2026",Active,"2026 London Daytripper - 6 Days/5 Nights - DMG Travel Escapes - CCHA Trip - May 28, 2026",2026-05-28,2026-05-28,2010-01-01,2026-12-31,SCH-GB-LNA,C,6,Y,N,AA/AAA,Y,N,,<Main><AirOffset>1</AirOffset><FromCity>NYC</FromCity><ToCity>LON</ToCity><ReturnFromCity>LON</ReturnFromCity><ReturnToCity>NYC</ReturnToCity><AirReturnOffset></AirReturnOffset></Main><AIWhoStamp>Tsao_R</AIWhoStamp><AIDateStamp>2019-08-09 15:10:58.000</AIDateStamp>,,,,,,LNA26,0,N,,20,,<CarOver24Hrs>N</CarOver24Hrs><PrefCommMethod></PrefCommMethod><Destination>LON</Destination><FlexPKGProfile>N</FlexPKGProfile>,Y,1900-01-01,Wilson_N,2025-04-29 00:00:00.000,Wilson_N,2025-04-30 18:11:34.703,2025-05-01 04:34:05.520,2025-07-25 04:41:47.517,2025-05-01 04:34:05.520,0
16684,633703,"CXLD - 2026 London Daytripper - 6 Days/5 Nights - DMG Travel Escapes - CCHA Trip - May 28, 2026",Closed,"CXLD - 2026 London Daytripper - 6 Days/5 Nights - DMG Travel Escapes - CCHA Trip - May 28, 2026",2026-05-28,2026-05-28,2010-01-01,2026-12-31,SCH-GB-LNA,C,6,Y,N,AA/AAA,Y,N,,<Main><AirOffset>1</AirOffset><FromCity>NYC</FromCity><ToCity>LON</ToCity><ReturnFromCity>LON</ReturnFromCity><ReturnToCity>NYC</ReturnToCity><AirReturnOffset></AirReturnOffset></Main><AIWhoStamp>Tsao_R</AIWhoStamp><AIDateStamp>2019-08-09 15:10:58.000</AIDateStamp>,,,,,,,0,N,,0,,<CarOver24Hrs>N</CarOver24Hrs><PrefCommMethod></PrefCommMethod><Destination>LON</Destination><FlexPKGProfile>N</FlexPKGProfile>,Y,1900-01-01,Wilson_N,2025-04-29 00:00:00.000,Davies_Ja,2025-05-13 20:27:52.580,2025-05-14 06:43:12.710,9999-12-31 00:00:00.000,2025-05-14 06:43:12.710,1
16534,634414,"2026 Taste of Ireland (Tour A) - 7 Days/6 Nights - Dream, Pack, Go - June 24, 2026",Pending,"2026 Taste of Ireland (Tour A) - 7 Days/6 Nights - Dream, Pack, Go - June 24, 2026",2026-06-24,2026-06-24,2010-01-01,2026-12-31,SCH-IE-TAA,C,7,Y,N,AA/AAA,Y,N,,<Main><AirOffset>1</AirOffset><FromCity>NYC</FromCity><ToCity>DUB</ToCity><ReturnFromCity>DUB</ReturnFromCity><ReturnToCity>NYC</ReturnToCity></Main>,,,<Pre><First>Y</First></Pre>,<Post><Last>Y</Last></Post>,,TAA26,0,N,,10,,"<CarOver24Hrs>N</CarOver24Hrs><PrefCommMethod></PrefCommMethod><Destination>LIM,DUB,KER</Destination><FlexPKGProfile>N</FlexPKGProfile>",Y,1900-01-01,doig_l,2025-05-09 00:00:00.000,Davies_Ja,2025-05-09 20:48:13.553,2025-05-10 04:34:51.893,2025-07-25 04:41:47.517,2025-05-10 04:34:51.893,0
16610,634414,"2026 Taste of Ireland (Tour A) - 7 Days/6 Nights - Dream, Pack, Go - June 24, 2026",Internal,"2026 Taste of Ireland (Tour A) - 7 Days/6 Nights - Dream, Pack, Go - June 24, 2026",2026-06-24,2026-06-24,2010-01-01,2026-12-31,SCH-IE-TAA,C,7,Y,N,AA/AAA,Y,N,,<Main><AirOffset>1</AirOffset><FromCity>NYC</FromCity><ToCity>DUB</ToCity><ReturnFromCity>DUB</ReturnFromCity><ReturnToCity>NYC</ReturnToCity></Main>,,,<Pre><First>Y</First></Pre>,<Post><Last>Y</Last></Post>,,TAA26,0,N,,10,,"<CarOver24Hrs>N</CarOver24Hrs><PrefCommMethod></PrefCommMethod><Destination>LIM,DUB,KER</Destination><FlexPKGProfile>N</FlexPKGProfile>",Y,1900-01-01,doig_l,2025-05-09 00:00:00.000,Davies_Ja,2025-05-12 19:33:00.683,2025-05-13 04:42:11.963,2025-07-25 04:41:47.517,2025-05-13 04:42:11.963,0
16697,634414,"2026 Taste of Ireland (Tour A)- 7 Days/6 Nights- Dream Pack Go- June 24, 2026",Active,"2026 Taste of Ireland (Tour A)- 7 Days/6 Nights- Dream Pack Go- June 24, 2026",2026-06-24,2026-06-24,2010-01-01,2026-12-31,SCH-IE-TAA,C,7,Y,N,AA/AAA,Y,N,,<Main><AirOffset>1</AirOffset><FromCity>NYC</FromCity><ToCity>DUB</ToCity><ReturnFromCity>DUB</ReturnFromCity><ReturnToCity>NYC</ReturnToCity></Main>,,,<Pre><First>Y</First></Pre>,<Post><Last>Y</Last></Post>,,TAA26,0,N,,10,,"<CarOver24Hrs>N</CarOver24Hrs><PrefCommMethod></PrefCommMethod><Destination>LIM,DUB,KER</Destination><FlexPKGProfile>N</FlexPKGProfile>",Y,1900-01-01,doig_l,2025-05-09 00:00:00.000,doig_l,2025-05-13 19:36:06.233,2025-05-14 06:43:12.710,2025-05-21 06:41:49.877,2025-05-14 06:43:12.710,0
17051,634414,"2026 Taste of Ireland (Tour A)- 7 Days/6 Nights- Dream Pack Go- June 24, 2026",Active,"2026 Taste of Ireland (Tour A)- 7 Days/6 Nights- Dream Pack Go- June 24, 2026",2026-06-24,2026-06-24,2010-01-01,2026-12-31,SCH-IE-TAA,C,7,Y,N,AA/AAA,Y,N,,<Main><AirOffset>1</AirOffset><FromCity>NYC</FromCity><ToCity>DUB</ToCity><ReturnFromCity>DUB</ReturnFromCity><ReturnToCity>NYC</ReturnToCity></Main>,,,<Pre><First>Y</First></Pre>,<Post><Last>Y</Last></Post>,,TAA26,0,N,,10,,"<CarOver24Hrs>N</CarOver24Hrs><PrefCommMethod></PrefCommMethod><Destination>LIM,DUB,KER</Destination><FlexPKGProfile>N</FlexPKGProfile>",Y,1900-01-01,doig_l,2025-05-09 00:00:00.000,Stynes_A,2025-05-20 14:25:16.190,2025-05-21 06:42:32.540,2025-08-12 05:13:27.650,2025-05-21 06:42:32.540,0
16535,634416,"2026 Taste of Ireland (Tour C) - 5 Days/4 Nights - PTN Travel - March 23, 2026",Pending,"2026 Taste of Ireland (Tour C) - 5 Days/4 Nights - PTN Travel - March 23, 2026",2026-03-23,2026-03-23,2010-01-01,2026-12-31,SCH-IE-TAA,C,5,Y,N,AA/AAA,Y,N,,<Main><AirOffset>1</AirOffset><FromCity>NYC</FromCity><ToCity>DUB</ToCity><ReturnFromCity>SNN</ReturnFromCity><ReturnToCity>NYC</ReturnToCity><AirReturnOffset></AirReturnOffset></Main><AIWhoStamp>BigginsT</AIWhoStamp><AIDateStamp>2016-01-26 15:32:17.000</AIDateStamp>,,,,,,TAA26,-1,N,,10,,"<CarOver24Hrs>N</CarOver24Hrs><PrefCommMethod></PrefCommMethod><Destination>LIM,KER,DUB</Destination><FlexPKGProfile>N</FlexPKGProfile>",Y,1900-01-01,Wilson_N,2025-05-09 00:00:00.000,Davies_Ja,2025-05-09 20:57:25.703,2025-05-10 04:34:51.893,2025-07-25 04:41:47.517,2025-05-10 04:34:51.893,0
17052,634416,"2026 Taste of Ireland (Tour C) - 5 Days/4 Nights - PTN Travel - March 23, 2026",Pending,"2026 Taste of Ireland (Tour C) - 5 Days/4 Nights - PTN Travel - March 23, 2026",2026-03-23,2026-03-23,2010-01-01,2026-12-31,SCH-IE-TAA,C,5,Y,N,AA/AAA,Y,N,,<Main><AirOffset>1</AirOffset><FromCity>NYC</FromCity><ToCity>DUB</ToCity><ReturnFromCity>SNN</ReturnFromCity><ReturnToCity>NYC</ReturnToCity><AirReturnOffset></AirReturnOffset></Main><AIWhoStamp>BigginsT</AIWhoStamp><AIDateStamp>2016-01-26 15:32:17.000</AIDateStamp>,,,,,,TAA26,-1,N,,10,,"<CarOver24Hrs>N</CarOver24Hrs><PrefCommMethod></PrefCommMethod><Destination>LIM,KER,DUB</Destination><FlexPKGProfile>N</FlexPKGProfile>",Y,1900-01-01,Wilson_N,2025-05-09 00:00:00.000,Stynes_A,2025-05-20 14:24:11.693,2025-05-21 06:42:32.540,2025-07-25 04:41:47.517,2025-05-21 06:42:32.540,0
17075,635081,AAA TRAVEL,Pending,AAA TRAVEL,2026-06-13,2026-06-13,2025-05-20,2026-06-13,GRP-GB-BOS-WH,C,9,Y,N,N,Y,N,,,,,,,,GB-635081,0,Y,"L:5|7AA-0AA/0A,7.5|9.5AA-0AA/0A,10|12AA-0AA/0A,12.5|14.5AA-0AA/0A,15|17AA-0AA/0A,17.5|19.5AA-0AA/0A,20|22AA-0AA/0A,22.5|24AA-0AA/0A,48X;A:5|7AA-0AA/0A,7.5|9.5AA-0AA/0A,10|12AA-0AA/0A,12.5|14.5AA-0AA/0A,15|17AA-0AA/0A,17.5|19.5AA-0AA/0A,20|22AA-0AA/0A,22.5|24AA-0AA/0A,48X",20,,<CarOver24Hrs>N</CarOver24Hrs><FlexPKGProfile>N</FlexPKGProfile>,N,1900-01-01,Hager_W,2025-05-20 00:00:00.000,Hager_W,2025-05-20 20:29:07.087,2025-05-21 06:42:32.540,2026-01-15 06:51:34.973,2025-05-21 06:42:32.540,0
17076,635086,"2026 Scottish & Irish Dream - 14 Days/13 Nights - The TJ Baker Group - September 27, 2026",Pending,"2026 Scottish & Irish Dream - 14 Days/13 Nights - The TJ Baker Group - September 27, 2026",2026-09-27,2026-09-27,2010-01-01,2026-12-31,SCH-GB-DRA,C,14,Y,N,AA/AAA,Y,N,,<Main><AirOffset>1</AirOffset><FromCity>NYC</FromCity><ToCity>EDI</ToCity><ReturnFromCity>DUB</ReturnFromCity><ReturnToCity>NYC</ReturnToCity><AirReturnOffset></AirReturnOffset></Main><AIWhoStamp>Biggins_Tr</AIWhoStamp><AIDateStamp>2022-09-06 16:56:08.000</AIDateStamp>,,,<Pre><First>Y</First></Pre>,<Post><Last>Y</Last></Post>,,DRA26/TAA26,0/7,N,,10,,"<CarOver24Hrs>N</CarOver24Hrs><PrefCommMethod></PrefCommMethod><Destination>EDI,NAI,PES,DUB,KER,LIM,ARY,GLA,INV</Destination><FlexPKGProfile>N</FlexPKGProfile>",Y,1900-01-01,Wilson_N,2025-05-20 00:00:00.000,Davies_Ja,2025-05-20 20:38:14.800,2025-05-21 06:42:32.540,2025-05-31 06:46:34.090,2025-05-21 06:42:32.540,0
17310,635086,"2026 Scottish & Irish Dream - 14 Days/13 Nights - The TJ Baker Group - September 27, 2026",Pending,"2026 Scottish & Irish Dream - 14 Days/13 Nights - The TJ Baker Group - September 27, 2026",2026-09-27,2026-09-27,2010-01-01,2026-12-31,SCH-GB-DRA,C,14,Y,N,AA/AAA,Y,N,,<Main><AirOffset>1</AirOffset><FromCity>NYC</FromCity><ToCity>EDI</ToCity><ReturnFromCity>DUB</ReturnFromCity><ReturnToCity>NYC</ReturnToCity><AirReturnOffset></AirReturnOffset></Main><AIWhoStamp>Biggins_Tr</AIWhoStamp><AIDateStamp>2022-09-06 16:56:08.000</AIDateStamp>,,,<Pre><First>Y</First></Pre>,<Post><Last>Y</Last></Post>,,DRA26/TAA26,0/7,N,,10,,"<CarOver24Hrs>N</CarOver24Hrs><PrefCommMethod></PrefCommMethod><Destination>EDI,NAI,PES,DUB,KER,LIM,ARY,GLA,INV</Destination><FlexPKGProfile>N</FlexPKGProfile>",Y,1900-01-01,Wilson_N,2025-05-20 00:00:00.000,Lyons_S,2025-05-22 13:21:25.600,2025-05-23 06:31:23.863,2025-05-31 06:46:34.090,2025-05-23 06:31:23.863,0
17923,635086,"2026 Scottish & Irish Dream - 14 Days/13 Nights - The TJ Baker Group - September 27, 2026",Pending,"2026 Scottish & Irish Dream - 14 Days/13 Nights - The TJ Baker Group - September 27, 2026",2026-09-27,2026-09-27,2010-01-01,2026-12-31,SCH-GB-DRA,C,14,Y,N,AA/AAA,Y,N,,<Main><AirOffset>1</AirOffset><FromCity>NYC</FromCity><ToCity>EDI</ToCity><ReturnFromCity>DUB</ReturnFromCity><ReturnToCity>NYC</ReturnToCity><AirReturnOffset></AirReturnOffset></Main><AIWhoStamp>Biggins_Tr</AIWhoStamp><AIDateStamp>2022-09-06 16:56:08.000</AIDateStamp>,,,<Pre><First>Y</First></Pre>,<Post><Last>Y</Last></Post>,,DRA26/TAA26,0/7,N,,10,,"<CarOver24Hrs>N</CarOver24Hrs><PrefCommMethod></PrefCommMethod><Destination>EDI,NAI,PES,DUB,KER,LIM,ARY,GLA,INV</Destination><FlexPKGProfile>N</FlexPKGProfile>",Y,1900-01-01,Wilson_N,2025-05-20 00:00:00.000,Tancred_E,2025-05-30 09:02:34.670,2025-05-31 06:47:11.173,2025-08-12 05:13:27.650,2025-05-31 06:47:11.173,0
16380,IE-SPA-26-8D-C-IND,2026 Irish Spirit Self-Drive - 8 Days/7 Nights,Loading,2026 Irish Spirit Self-Drive - 8 Days/7 Nights,2026-01-01,2026-12-31,2010-01-01,2026-12-31,SCH-IE-SPA,T,8,Y,N,N,Y,Y,,<Main><AirOffset>1</AirOffset><FromCity>NYC</FromCity><ToCity>DUB</ToCity><ReturnFromCity>DUB</ReturnFromCity><ReturnToCity>NYC</ReturnToCity></Main>,,,,,"<Option><ProductCode>TRANSPORT-DUBSCR-DUBAP</ProductCode><ProductType>L</ProductType><OnDay>2</OnDay><SellMethod>CALL,WEB</SellMethod></Option>",SPA26,0,N,,36,,"<CarOver24Hrs>N</CarOver24Hrs><FlexPKGProfile>N</FlexPKGProfile><PrefCommMethod></PrefCommMethod><Destination>DUB,KER,GAL,WEX</Destination>",N,1900-01-01,SoftripA,2024-08-23 16:56:58.230,Douglas_P,2025-05-06 16:20:36.717,2025-05-07 04:32:50.770,2025-07-25 04:41:47.517,2025-05-07 04:32:50.770,0
17088,IE-SPA-26-8D-C-IND,2026 Irish Spirit Self-Drive - 8 Days/7 Nights,Loading,2026 Irish Spirit Self-Drive - 8 Days/7 Nights,2026-01-01,2026-12-31,2010-01-01,2026-12-31,SCH-IE-SPA,T,8,Y,N,N,Y,Y,,<Main><AirOffset>1</AirOffset><FromCity>NYC</FromCity><ToCity>DUB</ToCity><ReturnFromCity>DUB</ReturnFromCity><ReturnToCity>NYC</ReturnToCity></Main>,,,,,"<Option><ProductCode>TRANSPORT-DUBSCR-DUBAP</ProductCode><ProductType>L</ProductType><OnDay>2</OnDay><SellMethod>CALL,WEB</SellMethod></Option>",SPA26,0,N,,36,,"<CarOver24Hrs>N</CarOver24Hrs><FlexPKGProfile>N</FlexPKGProfile><PrefCommMethod></PrefCommMethod><Destination>DUB,KER,GAL,WEX</Destination>",N,1900-01-01,SoftripA,2024-08-23 16:56:58.230,Stynes_A,2025-05-20 14:27:20.147,2025-05-21 06:42:32.540,2025-07-25 04:41:47.517,2025-05-21 06:42:32.540,0
17623,IE-SPA-26-8D-C-IND,2026 Irish Spirit Self-Drive - 8 Days/7 Nights,Loading,2026 Irish Spirit Self-Drive - 8 Days/7 Nights,2026-01-01,2026-12-31,2010-01-01,2026-12-31,SCH-IE-SPA,T,8,Y,N,N,Y,Y,,<Main><AirOffset>1</AirOffset><FromCity>NYC</FromCity><ToCity>DUB</ToCity><ReturnFromCity>DUB</ReturnFromCity><ReturnToCity>NYC</ReturnToCity></Main>,,,,,"<Option><ProductCode>TRANSPORT-DUBSCR-DUBAP</ProductCode><ProductType>L</ProductType><OnDay>2</OnDay><SellMethod>CALL,WEB</SellMethod></Option>",SPA26,0,N,,36,,"<CarOver24Hrs>N</CarOver24Hrs><FlexPKGProfile>N</FlexPKGProfile><PrefCommMethod></PrefCommMethod><Destination>DUB,KER,GAL,WEX</Destination>",N,1900-01-01,SoftripA,2024-08-23 16:56:58.230,Lyons_S,2025-05-27 17:36:47.640,2025-05-28 07:01:18.080,2025-07-25 04:41:47.517,2025-05-28 07:01:18.080,0
14786,IE-SPA-26-9D,2026 Irish Spirit - 9 Days/8 Nights,Active,2026 Irish Spirit - 9 Days/8 Nights,2026-01-01,2026-12-31,2010-01-01,2026-12-31,SCH-IE-SPA,T,9,Y,N,N,Y,Y,,<Main><AirOffset>1</AirOffset><FromCity>NYC</FromCity><ToCity>DUB</ToCity><ReturnFromCity>DUB</ReturnFromCity><ReturnToCity>NYC</ReturnToCity></Main>,,,<Pre><First>Y</First></Pre><ExcludeOneTime>Y</ExcludeOneTime>,<Post><Last>Y</Last></Post>,,SPA26,0,N,"L:9|18AA-0AA/0A,36X;A:9|18AA-0AA/0A,36X",36,,"<CarOver24Hrs>N</CarOver24Hrs><PrefCommMethod></PrefCommMethod><Destination>DUB,KER,GAL,WEX</Destination>",N,1900-01-01,SoftripA,2024-08-23 16:56:58.230,Lyons_S,2025-03-20 17:41:51.653,2024-08-23 16:56:58.230,2025-05-21 06:41:49.877,2025-04-08 08:40:08.187,0
15162,IE-SPA-26-9D,2026 Irish Spirit - 9 Days/8 Nights,Active,2026 Irish Spirit - 9 Days/8 Nights,2026-01-01,2026-12-31,2010-01-01,2026-12-31,SCH-IE-SPA,T,9,Y,N,N,Y,Y,,<Main><AirOffset>1</AirOffset><FromCity>NYC</FromCity><ToCity>DUB</ToCity><ReturnFromCity>DUB</ReturnFromCity><ReturnToCity>NYC</ReturnToCity></Main>,,,<Pre><First>Y</First></Pre><ExcludeOneTime>Y</ExcludeOneTime>,<Post><Last>Y</Last></Post>,,SPA26,0,N,"L:9|18AA-0AA/0A,36X;A:9|18AA-0AA/0A,36X",36,,"<CarOver24Hrs>N</CarOver24Hrs><PrefCommMethod></PrefCommMethod><Destination>DUB,KER,GAL,WEX</Destination>",N,1900-01-01,SoftripA,2024-08-23 16:56:58.230,Douglas_P,2025-04-09 10:17:38.863,2025-04-10 08:06:55.350,2025-05-21 06:41:49.877,2025-04-10 08:06:55.350,0
17089,IE-SPA-26-9D,2026 Irish Spirit - 9 Days/8 Nights,Active,2026 Irish Spirit - 9 Days/8 Nights,2026-01-01,2026-12-31,2010-01-01,2026-12-31,SCH-IE-SPA,T,9,Y,N,N,Y,Y,,<Main><AirOffset>1</AirOffset><FromCity>NYC</FromCity><ToCity>DUB</ToCity><ReturnFromCity>DUB</ReturnFromCity><ReturnToCity>NYC</ReturnToCity></Main>,,,<Pre><First>Y</First></Pre><ExcludeOneTime>Y</ExcludeOneTime>,<Post><Last>Y</Last></Post>,,SPA26,0,N,"L:9|18AA-0AA/0A,36X;A:9|18AA-0AA/0A,36X",36,,"<CarOver24Hrs>N</CarOver24Hrs><PrefCommMethod></PrefCommMethod><Destination>DUB,KER,GAL,WEX</Destination>",N,1900-01-01,SoftripA,2024-08-23 16:56:58.230,Stynes_A,2025-05-20 14:27:20.147,2025-05-21 06:42:32.540,2025-06-16 11:39:06.717,2025-05-21 06:42:32.540,0
14787,IE-SPX-24-8D,2024 Irish Spirit- 8 Days/7 Nights,Loading,2024 Irish Spirit- 8 Days/7 Nights,2024-01-01,2024-12-31,2010-01-01,2024-12-31,SCH-IE-SPX,T,8,Y,N,N,Y,Y,,<Main><AirOffset>1</AirOffset><FromCity>NYC</FromCity><ToCity>DUB</ToCity><ReturnFromCity>DUB</ReturnFromCity><ReturnToCity>NYC</ReturnToCity></Main>,,,<Pre><First>Y</First><Duration>1</Duration></Pre>,,,SPX24,0,N,"L:9|18AA-0AA/0A,36X;A:9|18AA-0AA/0A,36X",36,,<CarOver24Hrs>N</CarOver24Hrs><FlexPKGProfile>N</FlexPKGProfile>,N,1900-01-01,Lyons_S,2024-02-22 00:00:00.000,Lyons_S,2024-02-22 11:59:38.477,2024-02-22 00:00:00.000,9999-12-31 00:00:00.000,2025-04-08 08:40:08.187,1
14788,IE-SPZ-21-8D,2021 Irish Spirit- 8 Days/7 Nights Ref:901,Internal,2021 Irish Spirit- 8 Days/7 Nights Ref:901,2021-01-01,2021-12-31,2019-01-01,2021-12-31,SCH-IE-SPZ,T,8,Y,N,N,Y,Y,,<Main><AirOffset>1</AirOffset><FromCity>NYC</FromCity><ToCity>DUB</ToCity><ReturnFromCity>DUB</ReturnFromCity><ReturnToCity>NYC</ReturnToCity></Main>,,,<Service><ProductCode>IEPRENIGHTS</ProductCode><SupplierID>IE-DUB-ASH</SupplierID><ServiceID>STD-SBB</ServiceID></Service>,,,SPZ21,0,N,"L:9|18AA-0AA/0A,36X;A:9|18AA-0AA/0A,36X",36,,<CarOver24Hrs>N</CarOver24Hrs><FlexPKGProfile>N</FlexPKGProfile>,Y,1900-01-01,Mahnken_J,2020-10-27 00:00:00.000,Biggins_Tr,2021-08-20 17:34:26.113,2020-10-27 00:00:00.000,9999-12-31 00:00:00.000,2025-04-08 08:40:08.187,1
14789,IE-SPZ-21-9D,2021 Irish Spirit - 9 Days/8 Nights Ref:901,Internal,2021 Irish Spirit - 9 Days/8 Nights Ref:901,2021-01-01,2021-12-31,2019-01-01,2021-12-31,SCH-IE-SPZ,T,9,Y,N,N,Y,Y,,<Main><AirOffset>1</AirOffset><FromCity>NYC</FromCity><ToCity>DUB</ToCity><ReturnFromCity>DUB</ReturnFromCity><ReturnToCity>NYC</ReturnToCity></Main>,,,<Service><ProductCode>IEPRENIGHTS</ProductCode><SupplierID>IE-DUB-ASH</SupplierID><ServiceID>STD-SBB</ServiceID></Service><ExcludeOneTime>Y</ExcludeOneTime>,,,SPZ21,0,N,"L:9|18AA-0AA/0A,36X;A:9|18AA-0AA/0A,36X",36,,<CarOver24Hrs>N</CarOver24Hrs><FlexPKGProfile>N</FlexPKGProfile>,Y,1900-01-01,Mahnken_J,2020-10-27 00:00:00.000,Biggins_Tr,2021-08-20 17:34:26.113,2020-10-27 00:00:00.000,9999-12-31 00:00:00.000,2025-04-08 08:40:08.187,1
14790,IE-SPZ-22-8D,2022 Irish Spirit- 8 Days/7 Nights Ref:901,Internal,2022 Irish Spirit- 8 Days/7 Nights Ref:901,2022-01-01,2022-12-31,2020-01-01,2022-12-31,SCH-IE-SPZ,T,8,Y,N,N,Y,Y,,<Main><AirOffset>1</AirOffset><FromCity>NYC</FromCity><ToCity>DUB</ToCity><ReturnFromCity>DUB</ReturnFromCity><ReturnToCity>NYC</ReturnToCity></Main>,,,<Service><ProductCode>IEPRENIGHTS</ProductCode><SupplierID>IE-DUB-ASH</SupplierID><ServiceID>STD-SBB</ServiceID></Service>,,,SPZ22,0,N,"L:9|18AA-0AA/0A,36X;A:9|18AA-0AA/0A,36X",36,,<CarOver24Hrs>N</CarOver24Hrs><FlexPKGProfile>N</FlexPKGProfile>,Y,1900-01-01,Markle_M,2021-06-16 00:00:00.000,Biggins_Tr,2022-02-08 18:34:24.230,2021-06-16 00:00:00.000,9999-12-31 00:00:00.000,2025-04-08 08:40:08.187,1
14845,IE-TAA-25-7D-C-IND,2025 Taste of Ireland Self-Drive - 7 Days/6 Nights,Active,2025 Taste of Ireland Self-Drive - 7 Days/6 Nights,2025-01-01,2025-12-31,2010-01-01,2025-12-31,SCH-IE-TAA,T,7,Y,N,N,Y,Y,,<Main><AirOffset>1</AirOffset><FromCity>NYC</FromCity><ToCity>DUB</ToCity><ReturnFromCity>DUB</ReturnFromCity><ReturnToCity>NYC</ReturnToCity></Main>,,,,<Post><Last>Y</Last><Duration>1</Duration></Post>,"<Option><ProductCode>TRANSPORT-DUBSCR-DUBAP</ProductCode><ProductType>L</ProductType><OnDay>3</OnDay><SellMethod>CALL,WEB</SellMethod></Option>",TAA25,0,N,,36,,"<CarOver24Hrs>N</CarOver24Hrs><FlexPKGProfile>N</FlexPKGProfile><PrefCommMethod></PrefCommMethod><Destination>LIM,DUB,KER</Destination>",Y,1900-01-01,SoftripA,2023-08-11 00:00:00.000,Gregory_Ja,2025-03-13 18:48:33.527,2023-08-11 00:00:00.000,9999-12-31 00:00:00.000,2025-04-08 08:40:08.187,1
14846,IE-TAA-26-5D,2026 Taste of Ireland (Tour C) - 5 Days/4 Nights,Active,2026 Taste of Ireland (Tour C) - 5 Days/4 Nights,2026-01-01,2026-12-31,2010-01-01,2026-12-31,SCH-IE-TAA,T,5,Y,N,N,Y,Y,,<Main><AirOffset>1</AirOffset><FromCity>NYC</FromCity><ToCity>DUB</ToCity><ReturnFromCity>SNN</ReturnFromCity><ReturnToCity>NYC</ReturnToCity><AirReturnOffset></AirReturnOffset></Main><AIWhoStamp>BigginsT</AIWhoStamp><AIDateStamp>2016-01-26 15:32:17.000</AIDateStamp>,,,,,,TAA26,-1,N,"L:4.5|18AA-0AA/0A,36X;A:4.5|18AA-0AA/0A,36X",36,,"<CarOver24Hrs>N</CarOver24Hrs><PrefCommMethod></PrefCommMethod><Destination>LIM,KER,DUB</Destination>",N,1900-01-01,SoftripA,2024-08-23 16:56:58.230,Douglas_P,2025-03-28 11:31:19.190,2024-08-23 16:56:58.230,2025-05-21 06:41:49.877,2025-04-08 08:40:08.187,0
17090,IE-TAA-26-5D,2026 Taste of Ireland (Tour C) - 5 Days/4 Nights,Active,2026 Taste of Ireland (Tour C) - 5 Days/4 Nights,2026-01-01,2026-12-31,2010-01-01,2026-12-31,SCH-IE-TAA,T,5,Y,N,N,Y,Y,,<Main><AirOffset>1</AirOffset><FromCity>NYC</FromCity><ToCity>DUB</ToCity><ReturnFromCity>SNN</ReturnFromCity><ReturnToCity>NYC</ReturnToCity><AirReturnOffset></AirReturnOffset></Main><AIWhoStamp>BigginsT</AIWhoStamp><AIDateStamp>2016-01-26 15:32:17.000</AIDateStamp>,,,,,,TAA26,-1,N,"L:4.5|18AA-0AA/0A,36X;A:4.5|18AA-0AA/0A,36X",36,,"<CarOver24Hrs>N</CarOver24Hrs><PrefCommMethod></PrefCommMethod><Destination>LIM,KER,DUB</Destination>",N,1900-01-01,SoftripA,2024-08-23 16:56:58.230,Stynes_A,2025-05-20 14:24:11.693,2025-05-21 06:42:32.540,2025-07-30 07:14:27.237,2025-05-21 06:42:32.540,0
14847,IE-TAA-26-6D1,2026 Taste of Ireland (Tour D) - 6 Days/5 Nights,Active,2026 Taste of Ireland (Tour D) - 6 Days/5 Nights,2026-01-01,2026-12-31,2010-01-01,2026-12-31,SCH-IE-TAA,T,6,Y,N,N,Y,Y,,<Main><AirOffset>1</AirOffset><FromCity>NYC</FromCity><ToCity>DUB</ToCity><ReturnFromCity>DUB</ReturnFromCity><ReturnToCity>NYC</ReturnToCity></Main>,,,,<Post><Last>Y</Last></Post>,,TAA26,-1,N,"L:4.5|18AA-0AA/0A,36X;A:4.5|18AA-0AA/0A,36X",36,,"<CarOver24Hrs>N</CarOver24Hrs><PrefCommMethod></PrefCommMethod><Destination>LIM,DUB,KER</Destination>",N,1900-01-01,SoftripA,2024-08-23 16:56:58.230,Douglas_P,2025-03-28 11:31:19.317,2024-08-23 16:56:58.230,2025-05-21 06:41:49.877,2025-04-08 08:40:08.187,0
17091,IE-TAA-26-6D1,2026 Taste of Ireland (Tour D) - 6 Days/5 Nights,Active,2026 Taste of Ireland (Tour D) - 6 Days/5 Nights,2026-01-01,2026-12-31,2010-01-01,2026-12-31,SCH-IE-TAA,T,6,Y,N,N,Y,Y,,<Main><AirOffset>1</AirOffset><FromCity>NYC</FromCity><ToCity>DUB</ToCity><ReturnFromCity>DUB</ReturnFromCity><ReturnToCity>NYC</ReturnToCity></Main>,,,,<Post><Last>Y</Last></Post>,,TAA26,-1,N,"L:4.5|18AA-0AA/0A,36X;A:4.5|18AA-0AA/0A,36X",36,,"<CarOver24Hrs>N</CarOver24Hrs><PrefCommMethod></PrefCommMethod><Destination>LIM,DUB,KER</Destination>",N,1900-01-01,SoftripA,2024-08-23 16:56:58.230,Stynes_A,2025-05-20 14:25:16.190,2025-05-21 06:42:32.540,2025-07-30 07:14:27.237,2025-05-21 06:42:32.540,0
14848,IE-TAA-26-6D2,2026 Taste of Ireland (Tour B) - 6 Days/5 Nights,Active,2026 Taste of Ireland (Tour B) - 6 Days/5 Nights,2026-01-01,2026-12-31,2010-01-01,2026-12-31,SCH-IE-TAA,T,6,Y,N,N,Y,Y,,<Main><AirOffset>1</AirOffset><FromCity>NYC</FromCity><ToCity>DUB</ToCity><ReturnFromCity>SNN</ReturnFromCity><ReturnToCity>NYC</ReturnToCity><AirReturnOffset></AirReturnOffset></Main><AIWhoStamp>Stynes_A</AIWhoStamp><AIDateStamp>2018-04-04 11:33:46.000</AIDateStamp>,,,<Pre><First>Y</First></Pre>,,,TAA26,0,N,"L:4.5|18AA-0AA/0A,36X;A:4.5|18AA-0AA/0A,36X",36,,"<CarOver24Hrs>N</CarOver24Hrs><PrefCommMethod></PrefCommMethod><Destination>LIM,KER,DUB</Destination>",N,1900-01-01,SoftripA,2024-08-23 16:56:58.230,Douglas_P,2025-03-28 11:31:19.410,2024-08-23 16:56:58.230,2025-05-21 06:41:49.877,2025-04-08 08:40:08.187,0
17092,IE-TAA-26-6D2,2026 Taste of Ireland (Tour B) - 6 Days/5 Nights,Active,2026 Taste of Ireland (Tour B) - 6 Days/5 Nights,2026-01-01,2026-12-31,2010-01-01,2026-12-31,SCH-IE-TAA,T,6,Y,N,N,Y,Y,,<Main><AirOffset>1</AirOffset><FromCity>NYC</FromCity><ToCity>DUB</ToCity><ReturnFromCity>SNN</ReturnFromCity><ReturnToCity>NYC</ReturnToCity><AirReturnOffset></AirReturnOffset></Main><AIWhoStamp>Stynes_A</AIWhoStamp><AIDateStamp>2018-04-04 11:33:46.000</AIDateStamp>,,,<Pre><First>Y</First></Pre>,,,TAA26,0,N,"L:4.5|18AA-0AA/0A,36X;A:4.5|18AA-0AA/0A,36X",36,,"<CarOver24Hrs>N</CarOver24Hrs><PrefCommMethod></PrefCommMethod><Destination>LIM,KER,DUB</Destination>",N,1900-01-01,SoftripA,2024-08-23 16:56:58.230,Stynes_A,2025-05-20 14:24:11.693,2025-05-21 06:42:32.540,2025-07-30 07:14:27.237,2025-05-21 06:42:32.540,0
14849,IE-TAA-26-7D,2026 Taste of Ireland (Tour A) - 7 Days/6 Nights,Active,2026 Taste of Ireland (Tour A) - 7 Days/6 Nights,2026-01-01,2026-12-31,2010-01-01,2026-12-31,SCH-IE-TAA,T,7,Y,N,N,Y,Y,,<Main><AirOffset>1</AirOffset><FromCity>NYC</FromCity><ToCity>DUB</ToCity><ReturnFromCity>DUB</ReturnFromCity><ReturnToCity>NYC</ReturnToCity></Main>,,,<Pre><First>Y</First></Pre>,<Post><Last>Y</Last></Post>,,TAA26,0,N,"L:4.5|18AA-0AA/0A,36X;A:4.5|18AA-0AA/0A,36X",36,,"<CarOver24Hrs>N</CarOver24Hrs><PrefCommMethod></PrefCommMethod><Destination>LIM,DUB,KER</Destination>",N,1900-01-01,SoftripA,2024-08-23 16:56:58.230,Douglas_P,2025-03-28 11:31:19.457,2024-08-23 16:56:58.230,2025-05-21 06:41:49.877,2025-04-08 08:40:08.187,0
17093,IE-TAA-26-7D,2026 Taste of Ireland (Tour A) - 7 Days/6 Nights,Active,2026 Taste of Ireland (Tour A) - 7 Days/6 Nights,2026-01-01,2026-12-31,2010-01-01,2026-12-31,SCH-IE-TAA,T,7,Y,N,N,Y,Y,,<Main><AirOffset>1</AirOffset><FromCity>NYC</FromCity><ToCity>DUB</ToCity><ReturnFromCity>DUB</ReturnFromCity><ReturnToCity>NYC</ReturnToCity></Main>,,,<Pre><First>Y</First></Pre>,<Post><Last>Y</Last></Post>,,TAA26,0,N,"L:4.5|18AA-0AA/0A,36X;A:4.5|18AA-0AA/0A,36X",36,,"<CarOver24Hrs>N</CarOver24Hrs><PrefCommMethod></PrefCommMethod><Destination>LIM,DUB,KER</Destination>",N,1900-01-01,SoftripA,2024-08-23 16:56:58.230,Stynes_A,2025-05-20 14:25:16.190,2025-05-21 06:42:32.540,2025-07-30 07:14:27.237,2025-05-21 06:42:32.540,0
16199,632649,"2026 Taste of Scotland & Ireland - 10 Days/9 Nights - Bucket List Adventures - July 12, 2026",Active,"2026 Taste of Scotland & Ireland - 10 Days/9 Nights - Bucket List Adventures - July 12, 2026",2026-07-12,2026-07-12,2010-01-01,2026-12-31,SCH-GB-SCA,C,10,Y,N,AA/AAA,Y,N,,<Main><AirOffset>1</AirOffset><FromCity>NYC</FromCity><ToCity>EDI</ToCity><ReturnFromCity>SNN</ReturnFromCity><ReturnToCity>NYC</ReturnToCity><AirReturnOffset></AirReturnOffset></Main><AIWhoStamp>Biggins_Tr</AIWhoStamp><AIDateStamp>2022-09-06 17:00:31.000</AIDateStamp>,,,<Pre><Service><ProductCode>UKPRENIGHTS</ProductCode><SupplierID>GB-GLA-GTH</SupplierID><ServiceID>STD-SBB</ServiceID></Service></Pre>,<Post><Last>Y</Last></Post>,,SCA26,0,N,,24,,"<CarOver24Hrs>N</CarOver24Hrs><PrefCommMethod></PrefCommMethod><Destination>GLA,NAI,EDI,KER,DUB,LIM</Destination><FlexPKGProfile>N</FlexPKGProfile>",Y,1900-01-01,Markle_M,2025-04-15 00:00:00.000,Stynes_A,2025-05-02 14:25:51.877,2025-05-03 04:35:37.930,2025-10-25 05:25:45.697,2025-05-03 04:35:37.930,0
15478,632672,"2026 Scottish & Irish Dream - 13 Days/12 Nights - Dube Travel - September 4, 2026",Multi-Pending,"2026 Scottish & Irish Dream - 13 Days/12 Nights - Dube Travel - September 4, 2026",2026-09-04,2026-09-04,2010-01-01,2026-12-31,SCH-GB-DRA,C,13,Y,N,AA/AAA,Y,N,,<Main><AirOffset>1</AirOffset><FromCity>NYC</FromCity><ToCity>EDI</ToCity><ReturnFromCity>SNN</ReturnFromCity><ReturnToCity>NYC</ReturnToCity><AirReturnOffset></AirReturnOffset></Main><AIWhoStamp>Biggins_Tr</AIWhoStamp><AIDateStamp>2022-09-06 16:55:06.000</AIDateStamp>,,,<Pre><First>Y</First></Pre>,<Post><Last>Y</Last></Post>,,DRA26/TAA26,0/7,N,,44,,"<CarOver24Hrs>N</CarOver24Hrs><PrefCommMethod></PrefCommMethod><Destination>EDI,NAI,PES,DUB,KER,LIM,ARY,GLA,INV</Destination><FlexPKGProfile>N</FlexPKGProfile>",Y,1900-01-01,doig_l,2025-04-15 00:00:00.000,Davies_Ja,2025-04-15 18:45:05.427,2025-04-15 00:00:00.000,2025-07-25 04:41:47.517,2025-04-16 04:53:38.903,0
15856,632672,"2026 Scottish & Irish Dream- 13 Days/12 Nights- Dube Travel- September 4, 2026",Active,"2026 Scottish & Irish Dream- 13 Days/12 Nights- Dube Travel- September 4, 2026",2026-09-04,2026-09-04,2010-01-01,2026-12-31,SCH-GB-DRA,C,13,Y,N,AA/AAA,Y,N,,<Main><AirOffset>1</AirOffset><FromCity>NYC</FromCity><ToCity>EDI</ToCity><ReturnFromCity>SNN</ReturnFromCity><ReturnToCity>NYC</ReturnToCity><AirReturnOffset></AirReturnOffset></Main><AIWhoStamp>Biggins_Tr</AIWhoStamp><AIDateStamp>2022-09-06 16:55:06.000</AIDateStamp>,,,<Pre><First>Y</First></Pre>,<Post><Last>Y</Last></Post>,,DRA26/TAA26,0/7,N,,44,,"<CarOver24Hrs>N</CarOver24Hrs><PrefCommMethod></PrefCommMethod><Destination>EDI,NAI,PES,DUB,KER,LIM,ARY,GLA,INV</Destination><FlexPKGProfile>N</FlexPKGProfile>",Y,1900-01-01,doig_l,2025-04-15 00:00:00.000,doig_l,2025-04-22 18:42:50.867,2025-04-28 19:00:19.260,2025-05-31 06:46:34.090,2025-04-28 19:00:19.260,0
17026,632672,"2026 Scottish & Irish Dream- 13 Days/12 Nights- Dube Travel- September 4, 2026",Active,"2026 Scottish & Irish Dream- 13 Days/12 Nights- Dube Travel- September 4, 2026",2026-09-04,2026-09-04,2010-01-01,2026-12-31,SCH-GB-DRA,C,13,Y,N,AA/AAA,Y,N,,<Main><AirOffset>1</AirOffset><FromCity>NYC</FromCity><ToCity>EDI</ToCity><ReturnFromCity>SNN</ReturnFromCity><ReturnToCity>NYC</ReturnToCity><AirReturnOffset></AirReturnOffset></Main><AIWhoStamp>Biggins_Tr</AIWhoStamp><AIDateStamp>2022-09-06 16:55:06.000</AIDateStamp>,,,<Pre><First>Y</First></Pre>,<Post><Last>Y</Last></Post>,,DRA26/TAA26,0/7,N,,44,,"<CarOver24Hrs>N</CarOver24Hrs><PrefCommMethod></PrefCommMethod><Destination>EDI,NAI,PES,DUB,KER,LIM,ARY,GLA,INV</Destination><FlexPKGProfile>N</FlexPKGProfile>",Y,1900-01-01,doig_l,2025-04-15 00:00:00.000,Stynes_A,2025-05-20 14:24:11.693,2025-05-21 06:42:32.540,2025-05-31 06:46:34.090,2025-05-21 06:42:32.540,0
17251,632672,"2026 Scottish & Irish Dream- 13 Days/12 Nights- Dube Travel- September 4, 2026",Active,"2026 Scottish & Irish Dream- 13 Days/12 Nights- Dube Travel- September 4, 2026",2026-09-04,2026-09-04,2010-01-01,2026-12-31,SCH-GB-DRA,C,13,Y,N,AA/AAA,Y,N,,<Main><AirOffset>1</AirOffset><FromCity>NYC</FromCity><ToCity>EDI</ToCity><ReturnFromCity>SNN</ReturnFromCity><ReturnToCity>NYC</ReturnToCity><AirReturnOffset></AirReturnOffset></Main><AIWhoStamp>Biggins_Tr</AIWhoStamp><AIDateStamp>2022-09-06 16:55:06.000</AIDateStamp>,,,<Pre><First>Y</First></Pre>,<Post><Last>Y</Last></Post>,,DRA26/TAA26,0/7,N,,44,,"<CarOver24Hrs>N</CarOver24Hrs><PrefCommMethod></PrefCommMethod><Destination>EDI,NAI,PES,DUB,KER,LIM,ARY,GLA,INV</Destination><FlexPKGProfile>N</FlexPKGProfile>",Y,1900-01-01,doig_l,2025-04-15 00:00:00.000,Lyons_S,2025-05-22 13:21:25.583,2025-05-23 06:31:23.863,2025-05-31 06:46:34.090,2025-05-23 06:31:23.863,0
17907,632672,"2026 Scottish & Irish Dream- 13 Days/12 Nights- Dube Travel- September 4, 2026",Active,"2026 Scottish & Irish Dream- 13 Days/12 Nights- Dube Travel- September 4, 2026",2026-09-04,2026-09-04,2010-01-01,2026-12-31,SCH-GB-DRA,C,13,Y,N,AA/AAA,Y,N,,<Main><AirOffset>1</AirOffset><FromCity>NYC</FromCity><ToCity>EDI</ToCity><ReturnFromCity>SNN</ReturnFromCity><ReturnToCity>NYC</ReturnToCity><AirReturnOffset></AirReturnOffset></Main><AIWhoStamp>Biggins_Tr</AIWhoStamp><AIDateStamp>2022-09-06 16:55:06.000</AIDateStamp>,,,<Pre><First>Y</First></Pre>,<Post><Last>Y</Last></Post>,,DRA26/TAA26,0/7,N,,44,,"<CarOver24Hrs>N</CarOver24Hrs><PrefCommMethod></PrefCommMethod><Destination>EDI,NAI,PES,DUB,KER,LIM,ARY,GLA,INV</Destination><FlexPKGProfile>N</FlexPKGProfile>",Y,1900-01-01,doig_l,2025-04-15 00:00:00.000,Tancred_E,2025-05-30 09:02:34.497,2025-05-31 06:47:11.173,2025-06-08 05:25:39.740,2025-05-31 06:47:11.173,0
11512,599267,TRAVELWORLD,Active,TRAVELWORLD,2024-10-28,2024-10-28,2024-02-09,2024-10-17,GRP-IE-WH,C,7,Y,N,AA,Y,N,,,,,,,,IE-599267,0,Y,"L:10|12AA-1AA/0A,12.5|14.5AA-1AA/0A,15|17AA-2AA/0A,17.5|19.5AA-2AA/0A,20|22AA-2AA/0A,22.5|24AA-2AA/0A,48X;A:10|12AA-0AA/0A,12.5|14.5AA-0AA/0A,15|17AA-0AA/0A,17.5|19.5AA-0AA/0A,20|22AA-0AA/0A,22.5|24AA-0AA/0A,48X",37,,<CarOver24Hrs>N</CarOver24Hrs><FlexPKGProfile>N</FlexPKGProfile>,Y,1900-01-01,Hager_W,2024-02-09 00:00:00.000,Cafrey_N,2024-10-18 06:35:04.000,2024-02-09 00:00:00.000,9999-12-31 00:00:00.000,2025-04-08 08:40:08.187,1
11513,599364,"2025 Taste of Italy with Sorrento - 10 Days/9 Nights - First Travel Alliance - October 5, 2025",Expired,"2025 Taste of Italy with Sorrento - 10 Days/9 Nights - First Travel Alliance - October 5, 2025",2025-10-05,2025-10-05,2010-01-01,2025-10-05,SCH-IT-ITT,C,10,Y,N,AA/AAA,Y,N,,<Main><AirOffset>1</AirOffset><FromCity>NYC</FromCity><ToCity>VCE</ToCity><ReturnFromCity>NAP</ReturnFromCity><ReturnToCity>NYC</ReturnToCity><AirReturnOffset></AirReturnOffset></Main><AIWhoStamp>McInerney_M</AIWhoStamp><AIDateStamp>2019-06-21 09:20:08.000</AIDateStamp>,,,<Pre><First>Y</First></Pre>,<Post><Last>Y</Last></Post>,,ITT25,0,N,,12,,"<CarOver24Hrs>N</CarOver24Hrs><FlexPKGProfile>N</FlexPKGProfile><PrefCommMethod></PrefCommMethod><Destination>ROM,RRO,VCE,FLR</Destination>",Y,1900-01-01,Wilson_N,2024-02-12 00:00:00.000,edwards_ki,2025-03-26 11:36:05.453,2024-02-12 00:00:00.000,9999-12-31 00:00:00.000,2025-04-08 08:40:08.187,1
11514,599365,"2024 Northern Lights Quest of Iceland - 6 Days/5 Nights - Travel by Misty - November 7, 2024",Multi-Expired,"2024 Northern Lights Quest of Iceland - 6 Days/5 Nights - Travel by Misty - November 7, 2024",2024-11-07,2024-11-07,2010-01-01,2024-12-31,SCH-IS-ICT,C,6,Y,N,AA,Y,N,,<Main><AirOffset>1</AirOffset><FromCity>NYC</FromCity><ToCity>REK</ToCity><ReturnFromCity>REK</ReturnFromCity><ReturnToCity>NYC</ReturnToCity><AirReturnOffset></AirReturnOffset></Main><AIWhoStamp>McInerney_M</AIWhoStamp><AIDateStamp>2018-11-29 09:30:09.000</AIDateStamp>,,,<Pre><First>Y</First></Pre>,<Post><Last>Y</Last></Post>,,ICT24,0,N,,0,,<CarOver24Hrs>N</CarOver24Hrs><FlexPKGProfile>N</FlexPKGProfile>,Y,1900-01-01,doig_l,2024-02-12 00:00:00.000,doig_l,2024-03-08 17:17:03.383,2024-02-12 00:00:00.000,9999-12-31 00:00:00.000,2025-04-08 08:40:08.187,1
11515,599368,ICELAND- Deanna's Travel,Expired,ICELAND- Deanna's Travel,2025-02-12,2025-02-12,2024-02-12,2025-02-12,GRP-EU-KS,C,7,Y,N,N,Y,N,,,,,,,,EU-599368,0,Y,"L:5|7AA-0AA/0A,7.5|9.5AA-0AA/0A,10|12AA-1AA/0A,12.5|14.5AA-1AA/0A,15|17AA-2AA/0A,17.5|19.5AA-2AA/0A,20|22AA-2AA/0A,22.5|24AA-2AA/0A,48X;A:5|7AA-0AA/0A,7.5|9.5AA-0AA/0A,10|12AA-0AA/0A,12.5|14.5AA-0AA/0A,15|17AA-0AA/0A,17.5|19.5AA-0AA/0A,20|22AA-0AA/0A,22.5|24AA-0AA/0A,48X",0,,<CarOver24Hrs>N</CarOver24Hrs><FlexPKGProfile>N</FlexPKGProfile>,N,1900-01-01,Smith_K,2024-02-12 00:00:00.000,Mahnken_J,2025-03-20 17:05:50.377,2024-02-12 00:00:00.000,9999-12-31 00:00:00.000,2025-04-08 08:40:08.187,1
11516,599370,"2024 Taste of Ireland (Tour A) - 7 Days/6 Nights - The Harless Group - June 24, 2024",Active,"2024 Taste of Ireland (Tour A) - 7 Days/6 Nights - The Harless Group - June 24, 2024",2024-06-24,2024-06-24,2010-01-01,2024-12-31,SCH-IE-TAA,C,7,Y,N,AA/AAA,Y,N,,<Main><AirOffset>1</AirOffset><FromCity>NYC</FromCity><ToCity>DUB</ToCity><ReturnFromCity>DUB</ReturnFromCity><ReturnToCity>NYC</ReturnToCity></Main>,,,<Pre><First>Y</First></Pre>,<Post><Last>Y</Last></Post>,,TAA24,0,N,,14,,<CarOver24Hrs>N</CarOver24Hrs><FlexPKGProfile>N</FlexPKGProfile>,Y,1900-01-01,Wilson_N,2024-02-12 00:00:00.000,Lyons_S,2024-06-18 14:01:37.570,2024-02-12 00:00:00.000,9999-12-31 00:00:00.000,2025-04-08 08:40:08.187,1
11517,599386,"2025 London Daytripper - 6 Days/5 Nights - AAA Reading Berks - May 22, 2025",Active,"2025 London Daytripper - 6 Days/5 Nights - AAA Reading Berks - May 22, 2025",2025-05-22,2025-05-22,2010-01-01,2025-12-31,SCH-GB-LNA,C,6,Y,N,AA/AAA,Y,N,,<Main><AirOffset>1</AirOffset><FromCity>NYC</FromCity><ToCity>LON</ToCity><ReturnFromCity>LON</ReturnFromCity><ReturnToCity>NYC</ReturnToCity><AirReturnOffset></AirReturnOffset></Main><AIWhoStamp>Tsao_R</AIWhoStamp><AIDateStamp>2019-08-09 15:10:58.000</AIDateStamp>,,,<Pre><First>Y</First></Pre>,<Post><Last>Y</Last></Post>,,LNA25,0,N,,4,,<CarOver24Hrs>N</CarOver24Hrs><FlexPKGProfile>N</FlexPKGProfile><PrefCommMethod></PrefCommMethod><Destination>LON</Destination>,Y,1900-01-01,Markle_M,2024-02-12 00:00:00.000,Markle_M,2025-02-24 20:23:17.610,2024-02-12 00:00:00.000,9999-12-31 00:00:00.000,2025-04-08 08:40:08.187,1
16529,634368,"2026 Tuscan Treasures with Cinque Terre - 8 Days/7 Nights - Why Not Roam - May 24, 2026",Pending,"2026 Tuscan Treasures with Cinque Terre - 8 Days/7 Nights - Why Not Roam - May 24, 2026",2026-05-24,2026-05-24,2010-01-01,2026-12-31,SCH-IT-TUA,C,8,Y,N,AA/AAA,Y,N,,<Main><AirOffset></AirOffset><FromCity>NYC</FromCity><ToCity>FLR</ToCity><ReturnFromCity>FLR</ReturnFromCity><ReturnToCity>NYC</ReturnToCity><AirReturnOffset></AirReturnOffset></Main><AIWhoStamp>Lyons_S</AIWhoStamp><AIDateStamp>2023-06-22 11:58:42.000</AIDateStamp>,,,<Pre><First>Y</First></Pre>,<Post><Last>Y</Last></Post>,,TUA26,0,N,,10,,<CarOver24Hrs>N</CarOver24Hrs><PrefCommMethod></PrefCommMethod><Destination>MTC</Destination><FlexPKGProfile>N</FlexPKGProfile>,Y,1900-01-01,doig_l,2025-05-09 00:00:00.000,Davies_Ja,2025-05-09 15:06:00.810,2025-05-10 04:34:51.893,2025-07-25 04:41:47.517,2025-05-10 04:34:51.893,0
16608,634368,"2026 Tuscan Treasures with Cinque Terre - 8 Days/7 Nights - Why Not Roam - May 24, 2026",Internal,"2026 Tuscan Treasures with Cinque Terre - 8 Days/7 Nights - Why Not Roam - May 24, 2026",2026-05-24,2026-05-24,2010-01-01,2026-12-31,SCH-IT-TUA,C,8,Y,N,AA/AAA,Y,N,,<Main><AirOffset></AirOffset><FromCity>NYC</FromCity><ToCity>FLR</ToCity><ReturnFromCity>FLR</ReturnFromCity><ReturnToCity>NYC</ReturnToCity><AirReturnOffset></AirReturnOffset></Main><AIWhoStamp>Lyons_S</AIWhoStamp><AIDateStamp>2023-06-22 11:58:42.000</AIDateStamp>,,,<Pre><First>Y</First></Pre>,<Post><Last>Y</Last></Post>,,TUA26,0,N,,10,,<CarOver24Hrs>N</CarOver24Hrs><PrefCommMethod></PrefCommMethod><Destination>MTC</Destination><FlexPKGProfile>N</FlexPKGProfile>,Y,1900-01-01,doig_l,2025-05-09 00:00:00.000,Davies_Ja,2025-05-12 22:09:01.267,2025-05-13 04:42:11.963,2025-07-25 04:41:47.517,2025-05-13 04:42:11.963,0
16694,634368,"2026 Tuscan Treasures with Cinque Terre- 8 Days/7 Nights- Why Not Roam Travel Club- May 24, 2026",Active,"2026 Tuscan Treasures with Cinque Terre- 8 Days/7 Nights- Why Not Roam Travel Club- May 24, 2026",2026-05-24,2026-05-24,2010-01-01,2026-12-31,SCH-IT-TUA,C,8,Y,N,AA/AAA,Y,N,,<Main><AirOffset></AirOffset><FromCity>NYC</FromCity><ToCity>FLR</ToCity><ReturnFromCity>FLR</ReturnFromCity><ReturnToCity>NYC</ReturnToCity><AirReturnOffset></AirReturnOffset></Main><AIWhoStamp>Lyons_S</AIWhoStamp><AIDateStamp>2023-06-22 11:58:42.000</AIDateStamp>,,,<Pre><First>Y</First></Pre>,<Post><Last>Y</Last></Post>,,TUA26,0,N,,10,,<CarOver24Hrs>N</CarOver24Hrs><PrefCommMethod></PrefCommMethod><Destination>MTC</Destination><FlexPKGProfile>N</FlexPKGProfile>,Y,1900-01-01,doig_l,2025-05-09 00:00:00.000,doig_l,2025-05-13 20:18:55.380,2025-05-14 06:43:12.710,2025-06-03 06:38:26.533,2025-05-14 06:43:12.710,0
18041,634368,"2026 Tuscan Treasures with Cinque Terre- 8 Days/7 Nights- Why Not Roam Travel Club- May 24, 2026",Active,"2026 Tuscan Treasures with Cinque Terre- 8 Days/7 Nights- Why Not Roam Travel Club- May 24, 2026",2026-05-24,2026-05-24,2010-01-01,2026-12-31,SCH-IT-TUA,C,8,Y,N,AA/AAA,Y,N,,<Main><AirOffset></AirOffset><FromCity>NYC</FromCity><ToCity>FLR</ToCity><ReturnFromCity>FLR</ReturnFromCity><ReturnToCity>NYC</ReturnToCity><AirReturnOffset></AirReturnOffset></Main><AIWhoStamp>Lyons_S</AIWhoStamp><AIDateStamp>2023-06-22 11:58:42.000</AIDateStamp>,,,<Pre><First>Y</First></Pre>,<Post><Last>Y</Last></Post>,,TUA26,0,N,,10,,<CarOver24Hrs>N</CarOver24Hrs><PrefCommMethod></PrefCommMethod><Destination>MTC</Destination><FlexPKGProfile>N</FlexPKGProfile>,Y,1900-01-01,doig_l,2025-05-09 00:00:00.000,Foster_S,2025-06-02 11:40:16.050,2025-06-03 06:39:03.193,2025-06-09 05:01:33.147,2025-06-03 06:39:03.193,0
16530,634371,"2026 Irish Adventure - 9 Days/8 Nights - Cruise Planners - October 21, 2026",Pending,"2026 Irish Adventure - 9 Days/8 Nights - Cruise Planners - October 21, 2026",2026-10-21,2026-10-21,2010-01-01,2026-12-31,SCH-IE-ADA,C,9,Y,N,AA/AAA,Y,N,,<Main><AirOffset>1</AirOffset><FromCity>NYC</FromCity><ToCity>DUB</ToCity><ReturnFromCity>DUB</ReturnFromCity><ReturnToCity>NYC</ReturnToCity></Main>,,,<Pre><First>Y</First></Pre>,<Post><Last>Y</Last></Post>,,ADA26,0,N,,20,,"<CarOver24Hrs>N</CarOver24Hrs><PrefCommMethod></PrefCommMethod><Destination>DUB,WAT,GAL,DER,KER</Destination><FlexPKGProfile>N</FlexPKGProfile>",Y,1900-01-01,doig_l,2025-05-09 00:00:00.000,Davies_Ja,2025-05-09 15:29:23.443,2025-05-10 04:34:51.893,2025-07-25 04:41:47.517,2025-05-10 04:34:51.893,0
16609,634371,"2026 Irish Adventure - 9 Days/8 Nights - Cruise Planners - October 21, 2026",Internal,"2026 Irish Adventure - 9 Days/8 Nights - Cruise Planners - October 21, 2026",2026-10-21,2026-10-21,2010-01-01,2026-12-31,SCH-IE-ADA,C,9,Y,N,AA/AAA,Y,N,,<Main><AirOffset>1</AirOffset><FromCity>NYC</FromCity><ToCity>DUB</ToCity><ReturnFromCity>DUB</ReturnFromCity><ReturnToCity>NYC</ReturnToCity></Main>,,,<Pre><First>Y</First></Pre>,<Post><Last>Y</Last></Post>,,ADA26,0,N,,20,,"<CarOver24Hrs>N</CarOver24Hrs><PrefCommMethod></PrefCommMethod><Destination>DUB,WAT,GAL,DER,KER</Destination><FlexPKGProfile>N</FlexPKGProfile>",Y,1900-01-01,doig_l,2025-05-09 00:00:00.000,Davies_Ja,2025-05-12 14:21:06.193,2025-05-13 04:42:11.963,2025-07-25 04:41:47.517,2025-05-13 04:42:11.963,0
16695,634371,"2026 Irish Adventure- 9 Days/8 Nights- Cruise Planners- Lisa Hariegel- October 21, 2026",Active,"2026 Irish Adventure- 9 Days/8 Nights- Cruise Planners- Lisa Hariegel- October 21, 2026",2026-10-21,2026-10-21,2010-01-01,2026-12-31,SCH-IE-ADA,C,9,Y,N,AA/AAA,Y,N,,<Main><AirOffset>1</AirOffset><FromCity>NYC</FromCity><ToCity>DUB</ToCity><ReturnFromCity>DUB</ReturnFromCity><ReturnToCity>NYC</ReturnToCity></Main>,,,<Pre><First>Y</First></Pre>,<Post><Last>Y</Last></Post>,,ADA26,0,N,,20,,"<CarOver24Hrs>N</CarOver24Hrs><PrefCommMethod></PrefCommMethod><Destination>DUB,WAT,GAL,DER,KER</Destination><FlexPKGProfile>N</FlexPKGProfile>",Y,1900-01-01,doig_l,2025-05-09 00:00:00.000,doig_l,2025-05-13 19:16:27.460,2025-05-14 06:43:12.710,2025-05-28 07:00:44.447,2025-05-14 06:43:12.710,0
17581,634371,"2026 Irish Adventure- 9 Days/8 Nights- Cruise Planners- Lisa Hariegel- October 21, 2026",Active,"2026 Irish Adventure- 9 Days/8 Nights- Cruise Planners- Lisa Hariegel- October 21, 2026",2026-10-21,2026-10-21,2010-01-01,2026-12-31,SCH-IE-ADA,C,9,Y,N,AA/AAA,Y,N,,<Main><AirOffset>1</AirOffset><FromCity>NYC</FromCity><ToCity>DUB</ToCity><ReturnFromCity>DUB</ReturnFromCity><ReturnToCity>NYC</ReturnToCity></Main>,,,<Pre><First>Y</First></Pre>,<Post><Last>Y</Last></Post>,,ADA26,0,N,,20,,"<CarOver24Hrs>N</CarOver24Hrs><PrefCommMethod></PrefCommMethod><Destination>DUB,WAT,GAL,DER,KER</Destination><FlexPKGProfile>N</FlexPKGProfile>",Y,1900-01-01,doig_l,2025-05-09 00:00:00.000,Stynes_A,2025-05-27 12:09:06.103,2025-05-28 07:01:18.080,2025-07-29 04:43:22.807,2025-05-28 07:01:18.080,0
11295,595001,"2024 Scottish Dream - 8 Days/7 Nights - United Coach & Tour - September 8, 2024",Expired,"2024 Scottish Dream - 8 Days/7 Nights - United Coach & Tour - September 8, 2024",2024-09-08,2024-09-08,2010-01-01,2024-09-08,SCH-GB-DRA,C,8,Y,N,AA/AAA,Y,N,,<Main><AirOffset>1</AirOffset><FromCity>NYC</FromCity><ToCity>EDI</ToCity><ReturnFromCity>EDI</ReturnFromCity><ReturnToCity>NYC</ReturnToCity><AirReturnOffset></AirReturnOffset></Main><AIWhoStamp>Biggins_Tr</AIWhoStamp><AIDateStamp>2022-09-06 16:38:11.000</AIDateStamp>,,,<Pre><First>Y</First></Pre>,,,DRA24,0,N,,0,,"<CarOver24Hrs>N</CarOver24Hrs><FlexPKGProfile>N</FlexPKGProfile><PrefCommMethod></PrefCommMethod><Destination>EDI,NAI,PES,ARY,GLA</Destination>",Y,1900-01-01,Wilson_N,2024-01-04 00:00:00.000,Lyons_S,2024-04-03 11:43:54.517,2024-01-04 00:00:00.000,9999-12-31 00:00:00.000,2025-04-08 08:40:08.187,1
11296,595008,"2024 The Irish Pub Tour- 8 Days/7 Nights - Cruise One Dream Vacations - June 15, 2024",Expired,"2024 The Irish Pub Tour- 8 Days/7 Nights - Cruise One Dream Vacations - June 15, 2024",2024-06-15,2024-06-15,2010-01-01,2024-06-15,SCH-IE-PUA,C,8,Y,N,AA/AAA,Y,N,,<Main><AirOffset>1</AirOffset><FromCity>NYC</FromCity><ToCity>DUB</ToCity><ReturnFromCity>DUB</ReturnFromCity><ReturnToCity>NYC</ReturnToCity></Main>,,,<Pre><First>Y</First></Pre>,,,PUA24,0,N,,0,,<CarOver24Hrs>N</CarOver24Hrs><FlexPKGProfile>N</FlexPKGProfile>,Y,1900-01-01,doig_l,2024-01-04 00:00:00.000,Lyons_S,2024-03-04 16:18:12.753,2024-01-04 00:00:00.000,9999-12-31 00:00:00.000,2025-04-08 08:40:08.187,1
11297,595009,"2024 Best of Ireland South (Tour A)- 8 Days/7 Nights- Schunemann Tour- June 15, 2024",Expired,"2024 Best of Ireland South (Tour A)- 8 Days/7 Nights- Schunemann Tour- June 15, 2024",2024-06-15,2024-06-15,2010-01-01,2024-06-15,SCH-IE-ISA,C,8,Y,N,AA/AAA,Y,N,,<Main><AirOffset>1</AirOffset><FromCity>NYC</FromCity><ToCity>DUB</ToCity><ReturnFromCity>DUB</ReturnFromCity><ReturnToCity>NYC</ReturnToCity></Main>,,,<Pre><First>Y</First></Pre>,<Post><Last>Y</Last></Post>,,ISA24,0,N,,0,,<CarOver24Hrs>N</CarOver24Hrs><FlexPKGProfile>N</FlexPKGProfile>,Y,1900-01-01,doig_l,2024-01-04 00:00:00.000,Stynes_A,2024-04-08 17:20:18.873,2024-01-04 00:00:00.000,9999-12-31 00:00:00.000,2025-04-08 08:40:08.187,1
11298,595011,Pughnfam Travel,Multi-Expired,Pughnfam Travel,2025-09-07,2025-09-07,2024-01-04,2025-09-07,GRP-IE-KS-1,C,11,Y,N,AA,Y,N,,,,,,,,IE-595011,0,Y,"L:5|7AA-0AA/0A,7.5|9.5AA-0AA/0A,10|12AA-1AA/0A,12.5|14.5AA-1AA/0A,15|17AA-2AA/0A,17.5|19.5AA-2AA/0A,20|22AA-2AA/0A,22.5|24AA-2AA/0A,48X;A:5|7AA-0AA/0A,7.5|9.5AA-0AA/0A,10|12AA-0AA/0A,12.5|14.5AA-0AA/0A,15|17AA-0AA/0A,17.5|19.5AA-0AA/0A,20|22AA-0AA/0A,22.5|24AA-0AA/0A,48X",20,,<CarOver24Hrs>N</CarOver24Hrs><FlexPKGProfile>N</FlexPKGProfile>,N,1900-01-01,Smith_K,2024-01-04 00:00:00.000,Smith_K,2024-02-09 15:09:16.203,2024-01-04 00:00:00.000,9999-12-31 00:00:00.000,2025-04-08 08:40:08.187,1
11299,595031,"2024 Irish Legends - 9 Days/8 Nights - Ceres World Travel - August 16, 2024",Expired,"2024 Irish Legends - 9 Days/8 Nights - Ceres World Travel - August 16, 2024",2024-08-16,2024-08-16,2010-01-01,2024-12-31,SCH-IE-LEA,C,9,Y,N,AA/AAA,Y,N,,<Main><AirOffset>1</AirOffset><FromCity>NYC</FromCity><ToCity>DUB</ToCity><ReturnFromCity>DUB</ReturnFromCity><ReturnToCity>NYC</ReturnToCity></Main>,,,<Pre><Service><ProductCode>IEPRENIGHTS</ProductCode><SupplierID>IE-MEA-DCA</SupplierID><ServiceID>STD-SBB</ServiceID></Service></Pre>,,,LEA24,0,N,,0,,"<CarOver24Hrs>N</CarOver24Hrs><FlexPKGProfile>N</FlexPKGProfile><PrefCommMethod></PrefCommMethod><Destination>KER,GAL,KIK,MEA,DUB</Destination>",Y,1900-01-01,Wilson_N,2024-01-04 00:00:00.000,Lyons_S,2024-06-18 13:43:10.240,2024-01-04 00:00:00.000,9999-12-31 00:00:00.000,2025-04-08 08:40:08.187,1
11300,595033,"2024 Irish Legends - 10 Days/9 Nights - Ceres World Travel - August 16, 2024",Multi-Expired,"2024 Irish Legends - 10 Days/9 Nights - Ceres World Travel - August 16, 2024",2024-08-16,2024-08-16,2010-01-01,2024-12-31,SCH-IE-LEA,C,10,Y,N,AA/AAA,Y,N,,<Main><AirOffset>1</AirOffset><FromCity>NYC</FromCity><ToCity>DUB</ToCity><ReturnFromCity>DUB</ReturnFromCity><ReturnToCity>NYC</ReturnToCity></Main>,,,<Pre><Service><ProductCode>IEPRENIGHTS</ProductCode><SupplierID>IE-MEA-DCA</SupplierID><ServiceID>STD-SBB</ServiceID></Service></Pre>,<Post><Last>Y</Last></Post>,,LEA24,0,N,,0,,"<CarOver24Hrs>N</CarOver24Hrs><FlexPKGProfile>N</FlexPKGProfile><PrefCommMethod></PrefCommMethod><Destination>KER,GAL,KIK,MEA,DUB</Destination>",Y,1900-01-01,Wilson_N,2024-01-04 00:00:00.000,Lyons_S,2024-06-18 13:41:24.387,2024-01-04 00:00:00.000,9999-12-31 00:00:00.000,2025-04-08 08:40:08.187,1
11301,595038,"CXLD - 2025 Irish Gold- 9 Days/8 Nights- Ventresca Travel- July 20, 2025",Closed,"CXLD - 2025 Irish Gold- 9 Days/8 Nights- Ventresca Travel- July 20, 2025",2025-07-20,2025-07-20,2010-01-01,2025-07-20,SCH-IE-GOA,C,9,Y,N,AA/AAA,Y,N,,<Main><AirOffset>1</AirOffset><FromCity>NYC</FromCity><ToCity>DUB</ToCity><ReturnFromCity>DUB</ReturnFromCity><ReturnToCity>NYC</ReturnToCity></Main>,,,<Pre><First>Y</First></Pre>,<Post><Last>Y</Last></Post>,,,0,N,,0,,<CarOver24Hrs>N</CarOver24Hrs><FlexPKGProfile>N</FlexPKGProfile>,Y,1900-01-01,Markle_M,2024-01-04 00:00:00.000,Davies_Ja,2024-08-01 21:29:05.023,2024-01-04 00:00:00.000,9999-12-31 00:00:00.000,2025-04-08 08:40:08.187,1
12299,610642,"2025 Taste of Ireland (Tour A) - 7 Days/6 Nights - The Sweeney Group - July 6, 2025",Expired,"2025 Taste of Ireland (Tour A) - 7 Days/6 Nights - The Sweeney Group - July 6, 2025",2025-07-06,2025-07-06,2010-01-01,2025-12-31,SCH-IE-TAA,C,7,Y,N,AA/AAA,Y,N,,<Main><AirOffset>1</AirOffset><FromCity>NYC</FromCity><ToCity>DUB</ToCity><ReturnFromCity>DUB</ReturnFromCity><ReturnToCity>NYC</ReturnToCity></Main>,,,<Pre><First>Y</First></Pre>,<Post><Last>Y</Last><Duration>1</Duration></Post>,,TAA25,0,N,,15,,"<CarOver24Hrs>N</CarOver24Hrs><PrefCommMethod></PrefCommMethod><Destination>LIM,DUB,KER</Destination><FlexPKGProfile>N</FlexPKGProfile>",Y,1900-01-01,Markle_M,2024-07-01 00:00:00.000,Larkin_B,2025-01-17 15:21:52.720,2024-07-01 00:00:00.000,2025-07-25 04:41:47.517,2025-04-08 08:40:08.187,0
12300,610650,"2025 Taste of Scotland & Ireland - 10 Days/9 Nights - The Curtiss Group - June 22, 2025",Multi-Expired,"2025 Taste of Scotland & Ireland - 10 Days/9 Nights - The Curtiss Group - June 22, 2025",2025-06-22,2025-06-22,2010-01-01,2025-12-31,SCH-GB-SCA,C,10,Y,N,AA/AAA,Y,N,,<Main><AirOffset>1</AirOffset><FromCity>NYC</FromCity><ToCity>EDI</ToCity><ReturnFromCity>SNN</ReturnFromCity><ReturnToCity>NYC</ReturnToCity><AirReturnOffset></AirReturnOffset></Main><AIWhoStamp>Biggins_Tr</AIWhoStamp><AIDateStamp>2022-09-06 17:00:31.000</AIDateStamp>,,,<Pre><Service><ProductCode>UKPRENIGHTS</ProductCode><SupplierID>GB-GLA-GTH</SupplierID><ServiceID>STD-SBB</ServiceID></Service></Pre>,<Post><Last>Y</Last></Post>,,SCA25,0,N,,10,,"<CarOver24Hrs>N</CarOver24Hrs><PrefCommMethod></PrefCommMethod><Destination>GLA,NAI,EDI,KER,DUB,LIM</Destination><FlexPKGProfile>N</FlexPKGProfile>",Y,1900-01-01,doig_l,2024-07-01 00:00:00.000,Lyons_S,2025-01-09 11:49:15.170,2024-07-01 00:00:00.000,2025-07-25 04:41:47.517,2025-04-08 08:40:08.187,0
12301,610651,"2025 Taste of Scotland & Ireland - 11 Days/10 Nights - The Curtiss Group - June 22, 2025",Multi-Expired,"2025 Taste of Scotland & Ireland - 11 Days/10 Nights - The Curtiss Group - June 22, 2025",2025-06-22,2025-06-22,2010-01-01,2025-12-31,SCH-GB-SCA,C,11,Y,N,AA/AAA,Y,N,,<Main><AirOffset>1</AirOffset><FromCity>NYC</FromCity><ToCity>EDI</ToCity><ReturnFromCity>DUB</ReturnFromCity><ReturnToCity>NYC</ReturnToCity><AirReturnOffset></AirReturnOffset></Main><AIWhoStamp>Biggins_Tr</AIWhoStamp><AIDateStamp>2022-09-06 17:09:55.000</AIDateStamp>,,,<Pre><Service><ProductCode>UKPRENIGHTS</ProductCode><SupplierID>GB-GLA-GTH</SupplierID><ServiceID>STD-SBB</ServiceID></Service></Pre>,<Post><Last>Y</Last></Post>,,SCA25,0,N,,10,,"<CarOver24Hrs>N</CarOver24Hrs><PrefCommMethod></PrefCommMethod><Destination>GLA,NAI,EDI,KER,DUB,LIM</Destination><FlexPKGProfile>N</FlexPKGProfile>",Y,1900-01-01,doig_l,2024-07-01 00:00:00.000,Lyons_S,2025-01-09 11:49:15.230,2024-07-01 00:00:00.000,2025-07-25 04:41:47.517,2025-04-08 08:40:08.187,0
12302,610702,"2025 Taste of Scotland & Ireland - 11 Days/10 Nights - Cruise Planners - June 13, 2025",Expired,"2025 Taste of Scotland & Ireland - 11 Days/10 Nights - Cruise Planners - June 13, 2025",2025-06-13,2025-06-13,2010-01-01,2025-12-31,SCH-GB-SCA,C,11,Y,N,AA/AAA,Y,N,,<Main><AirOffset>1</AirOffset><FromCity>NYC</FromCity><ToCity>EDI</ToCity><ReturnFromCity>DUB</ReturnFromCity><ReturnToCity>NYC</ReturnToCity><AirReturnOffset></AirReturnOffset></Main><AIWhoStamp>Biggins_Tr</AIWhoStamp><AIDateStamp>2022-09-06 17:09:55.000</AIDateStamp>,,,<Pre><Service><ProductCode>UKPRENIGHTS</ProductCode><SupplierID>GB-GLA-GTH</SupplierID><ServiceID>STD-SBB</ServiceID></Service></Pre>,<Post><Last>Y</Last></Post>,,SCA25,0,N,,20,,"<CarOver24Hrs>N</CarOver24Hrs><PrefCommMethod></PrefCommMethod><Destination>GLA,NAI,EDI,KER,DUB,LIM</Destination><FlexPKGProfile>N</FlexPKGProfile>",Y,1900-01-01,doig_l,2024-07-02 00:00:00.000,Lyons_S,2025-01-09 11:49:15.277,2024-07-02 00:00:00.000,2025-07-25 04:41:47.517,2025-04-08 08:40:08.187,0
12495,613113,"2025 Scottish & Irish Dream- 14 Days/13 Nights- Claire's Scotland/Ireland Group- June 11, 2025",Active,"2025 Scottish & Irish Dream- 14 Days/13 Nights- Claire's Scotland/Ireland Group- June 11, 2025",2025-06-11,2025-06-11,2010-01-01,2025-12-31,SCH-GB-DRA,C,14,Y,N,AA/AAA,Y,N,,<Main><AirOffset>1</AirOffset><FromCity>NYC</FromCity><ToCity>EDI</ToCity><ReturnFromCity>DUB</ReturnFromCity><ReturnToCity>NYC</ReturnToCity><AirReturnOffset></AirReturnOffset></Main><AIWhoStamp>Biggins_Tr</AIWhoStamp><AIDateStamp>2022-09-06 16:56:08.000</AIDateStamp>,,,<Pre><First>Y</First></Pre>,<Post><Last>Y</Last></Post>,,DRA25/TAA25,0/7,N,,8,,"<CarOver24Hrs>N</CarOver24Hrs><PrefCommMethod></PrefCommMethod><Destination>EDI,NAI,PES,DUB,KER,LIM,ARY,GLA,INV</Destination><FlexPKGProfile>N</FlexPKGProfile>",Y,1900-01-01,doig_l,2024-08-08 00:00:00.000,Lyons_S,2025-04-01 12:25:31.827,2024-08-08 00:00:00.000,9999-12-31 00:00:00.000,2025-04-08 08:40:08.187,1
12496,613129,AAA CLUB ALLIANCE,Expired,AAA CLUB ALLIANCE,2025-08-12,2025-08-12,2024-08-08,2025-08-12,GRP-GBIE-BOS-WH,C,11,Y,N,AA,Y,N,,,,,,,,GBIE-613129,0,Y,"L:5|7AA-0AA/0A,7.5|9.5AA-0AA/0A,10|12AA-1AA/0A,12.5|14.5AA-1AA/0A,15|17AA-2AA/0A,17.5|19.5AA-2AA/0A,20|22AA-2AA/0A,22.5|24AA-2AA/0A,48X;A:5|7AA-0AA/0A,7.5|9.5AA-0AA/0A,10|12AA-0AA/0A,12.5|14.5AA-0AA/0A,15|17AA-0AA/0A,17.5|19.5AA-0AA/0A,20|22AA-0AA/0A,22.5|24AA-0AA/0A,48X",0,,<CarOver24Hrs>N</CarOver24Hrs><FlexPKGProfile>N</FlexPKGProfile>,N,1900-01-01,Hager_W,2024-08-08 00:00:00.000,Hager_W,2024-12-12 14:28:31.890,2024-08-08 00:00:00.000,9999-12-31 00:00:00.000,2025-04-08 08:40:08.187,1
12497,613131,TOMMY BUTLER,Pending,TOMMY BUTLER,2025-05-05,2025-05-05,2024-08-08,2025-05-05,GRP-IE-WH,C,8,Y,N,AA,Y,N,,,,,,,,IE-613131,0,Y,"L:5|7AA-0AA/0A,7.5|9.5AA-0AA/0A,10|12AA-1AA/0A,12.5|14.5AA-1AA/0A,15|17AA-2AA/0A,17.5|19.5AA-2AA/0A,20|22AA-2AA/0A,22.5|24AA-2AA/0A,48X;A:5|7AA-0AA/0A,7.5|9.5AA-0AA/0A,10|12AA-0AA/0A,12.5|14.5AA-0AA/0A,15|17AA-0AA/0A,17.5|19.5AA-0AA/0A,20|22AA-0AA/0A,22.5|24AA-0AA/0A,48X",20,,<CarOver24Hrs>N</CarOver24Hrs><FlexPKGProfile>N</FlexPKGProfile>,N,1900-01-01,Hager_W,2024-08-08 00:00:00.000,Hager_W,2024-08-08 21:13:43.243,2024-08-08 00:00:00.000,2025-07-25 04:41:47.517,2025-04-08 08:40:08.187,0
16245,613131,TOMMY BUTLER,Pending,TOMMY BUTLER,2025-05-05,2025-05-05,2024-08-08,2025-05-05,GRP-IE-WH,C,8,Y,N,AA,Y,N,,,,,,,,IE-613131,0,Y,"L:5|7AA-0AA/0A,7.5|9.5AA-0AA/0A,10|12AA-1AA/0A,12.5|14.5AA-1AA/0A,15|17AA-2AA/0A,17.5|19.5AA-2AA/0A,20|22AA-2AA/0A,22.5|24AA-2AA/0A,48X;A:5|7AA-0AA/0A,7.5|9.5AA-0AA/0A,10|12AA-0AA/0A,12.5|14.5AA-0AA/0A,15|17AA-0AA/0A,17.5|19.5AA-0AA/0A,20|22AA-0AA/0A,22.5|24AA-0AA/0A,48X",0,,<CarOver24Hrs>N</CarOver24Hrs><FlexPKGProfile>N</FlexPKGProfile>,N,1900-01-01,Hager_W,2024-08-08 00:00:00.000,Hager_W,2024-08-08 21:13:43.243,2025-05-05 04:35:07.383,2025-09-11 02:14:04.910,2025-05-05 04:35:07.383,0
12498,613139,NEST PLUS,Expired,NEST PLUS,2025-03-20,2025-03-20,2024-08-08,2025-03-20,GRP-GBIE-BOS-WH,C,8,Y,N,AA,Y,N,,,,,,,,GBIE-613139,0,Y,"L:5|7AA-0AA/0A,7.5|9.5AA-0AA/0A,10|12AA-1AA/0A,12.5|14.5AA-1AA/0A,15|17AA-2AA/0A,17.5|19.5AA-2AA/0A,20|22AA-2AA/0A,22.5|24AA-2AA/0A,48X;A:5|7AA-0AA/0A,7.5|9.5AA-0AA/0A,10|12AA-0AA/0A,12.5|14.5AA-0AA/0A,15|17AA-0AA/0A,17.5|19.5AA-0AA/0A,20|22AA-0AA/0A,22.5|24AA-0AA/0A,48X",0,,<CarOver24Hrs>N</CarOver24Hrs><FlexPKGProfile>N</FlexPKGProfile>,N,1900-01-01,Hager_W,2024-08-08 00:00:00.000,Hager_W,2024-12-12 14:56:34.570,2024-08-08 00:00:00.000,9999-12-31 00:00:00.000,2025-04-08 08:40:08.187,1
12499,613140,TRAVELUXE,Expired,TRAVELUXE,2025-05-11,2025-05-11,2024-08-08,2025-05-11,GRP-IE-WH,C,8,Y,N,AA,Y,N,,,,,,,,IE-613140,0,Y,"L:5|7AA-0AA/0A,7.5|9.5AA-0AA/0A,10|12AA-1AA/0A,12.5|14.5AA-1AA/0A,15|17AA-2AA/0A,17.5|19.5AA-2AA/0A,20|22AA-2AA/0A,22.5|24AA-2AA/0A,48X;A:5|7AA-0AA/0A,7.5|9.5AA-0AA/0A,10|12AA-0AA/0A,12.5|14.5AA-0AA/0A,15|17AA-0AA/0A,17.5|19.5AA-0AA/0A,20|22AA-0AA/0A,22.5|24AA-0AA/0A,48X",20,,<CarOver24Hrs>N</CarOver24Hrs><FlexPKGProfile>N</FlexPKGProfile>,N,1900-01-01,Hager_W,2024-08-08 00:00:00.000,Hager_W,2024-12-12 14:32:07.530,2024-08-08 00:00:00.000,2025-07-25 04:41:47.517,2025-04-08 08:40:08.187,0
16560,613140,TRAVELUXE,Expired,TRAVELUXE,2025-05-11,2025-05-11,2024-08-08,2025-05-11,GRP-IE-WH,C,8,Y,N,AA,Y,N,,,,,,,,IE-613140,0,Y,"L:5|7AA-0AA/0A,7.5|9.5AA-0AA/0A,10|12AA-1AA/0A,12.5|14.5AA-1AA/0A,15|17AA-2AA/0A,17.5|19.5AA-2AA/0A,20|22AA-2AA/0A,22.5|24AA-2AA/0A,48X;A:5|7AA-0AA/0A,7.5|9.5AA-0AA/0A,10|12AA-0AA/0A,12.5|14.5AA-0AA/0A,15|17AA-0AA/0A,17.5|19.5AA-0AA/0A,20|22AA-0AA/0A,22.5|24AA-0AA/0A,48X",0,,<CarOver24Hrs>N</CarOver24Hrs><FlexPKGProfile>N</FlexPKGProfile>,N,1900-01-01,Hager_W,2024-08-08 00:00:00.000,Hager_W,2024-12-12 14:32:07.530,2025-05-11 04:36:24.357,9999-12-31 00:00:00.000,2025-05-11 04:36:24.357,1
13636,629561,"2026 Taste of Iceland Coach Tour - 6 Days/5 Nights - US Tours - The One Where They Travel - May 31, 2026",Active,"2026 Taste of Iceland Coach Tour - 6 Days/5 Nights - US Tours - The One Where They Travel - May 31, 2026",2026-05-31,2026-05-31,2010-01-01,2026-12-31,SCH-IS-ICT,C,6,Y,N,AA,Y,N,,<Main><AirOffset>1</AirOffset><FromCity>NYC</FromCity><ToCity>REK</ToCity><ReturnFromCity>REK</ReturnFromCity><ReturnToCity>NYC</ReturnToCity><AirReturnOffset></AirReturnOffset></Main><AIWhoStamp>McInerney_M</AIWhoStamp><AIDateStamp>2018-11-29 09:30:09.000</AIDateStamp>,,,<Pre><First>Y</First></Pre>,<Post><Last>Y</Last></Post>,,ICT26,0,N,,30,,"<CarOver24Hrs>N</CarOver24Hrs><PrefCommMethod></PrefCommMethod><Destination>NUP,REK,HLL</Destination><FlexPKGProfile>N</FlexPKGProfile>",Y,1900-01-01,Wilson_N,2025-03-06 00:00:00.000,Wilson_N,2025-03-27 15:07:16.630,2025-03-06 00:00:00.000,2025-07-25 04:41:47.517,2025-04-08 08:40:08.187,0
15782,629561,"2026 Taste of Iceland Coach Tour - 6 Days/5 Nights - US Tours - The One Where They Travel - May 31, 2026",Active,"2026 Taste of Iceland Coach Tour - 6 Days/5 Nights - US Tours - The One Where They Travel - May 31, 2026",2026-05-31,2026-05-31,2010-01-01,2026-12-31,SCH-IS-ICT,C,6,Y,N,AA,Y,N,,<Main><AirOffset>1</AirOffset><FromCity>NYC</FromCity><ToCity>REK</ToCity><ReturnFromCity>REK</ReturnFromCity><ReturnToCity>NYC</ReturnToCity><AirReturnOffset></AirReturnOffset></Main><AIWhoStamp>McInerney_M</AIWhoStamp><AIDateStamp>2018-11-29 09:30:09.000</AIDateStamp>,,,<Pre><First>Y</First></Pre>,<Post><Last>Y</Last></Post>,,ICT26,0,N,,30,,"<CarOver24Hrs>N</CarOver24Hrs><PrefCommMethod></PrefCommMethod><Destination>NUP,REK,HLL</Destination><FlexPKGProfile>N</FlexPKGProfile>",Y,1900-01-01,Wilson_N,2025-03-06 00:00:00.000,edwards_ki,2025-04-25 09:48:09.110,2025-04-28 19:00:19.260,2025-07-25 04:41:47.517,2025-04-28 19:00:19.260,0
16175,629561,"2026 Taste of Iceland Coach Tour - 6 Days/5 Nights - US Tours - The One Where They Travel - May 31, 2026",Active,"2026 Taste of Iceland Coach Tour - 6 Days/5 Nights - US Tours - The One Where They Travel - May 31, 2026",2026-05-31,2026-05-31,2010-01-01,2026-12-31,SCH-IS-ICT,C,6,Y,N,AA,Y,N,,<Main><AirOffset>1</AirOffset><FromCity>NYC</FromCity><ToCity>REK</ToCity><ReturnFromCity>REK</ReturnFromCity><ReturnToCity>NYC</ReturnToCity><AirReturnOffset></AirReturnOffset></Main><AIWhoStamp>McInerney_M</AIWhoStamp><AIDateStamp>2018-11-29 09:30:09.000</AIDateStamp>,,,<Pre><First>Y</First></Pre>,<Post><Last>Y</Last></Post>,,ICT26,0,N,,30,,"<CarOver24Hrs>N</CarOver24Hrs><PrefCommMethod></PrefCommMethod><Destination>NUP,REK,HLL</Destination><FlexPKGProfile>N</FlexPKGProfile>",Y,1900-01-01,Wilson_N,2025-03-06 00:00:00.000,Tancred_E,2025-05-02 17:14:33.157,2025-05-03 04:35:37.930,2025-07-25 04:41:47.517,2025-05-03 04:35:37.930,0
13748,630850,"2026 Scottish & Irish Sampler - 7 Days/6 Nights - Oasis Travel Network - April 19, 2026",Multi-Pending,"2026 Scottish & Irish Sampler - 7 Days/6 Nights - Oasis Travel Network - April 19, 2026",2026-04-19,2026-04-19,2010-01-01,2026-12-31,SCH-GB-CSA,C,7,Y,N,AA/AAA,Y,N,,<Main><AirOffset>1</AirOffset><FromCity>NYC</FromCity><ToCity>EDI</ToCity><ReturnFromCity>DUB</ReturnFromCity><ReturnToCity>NYC</ReturnToCity><AirReturnOffset></AirReturnOffset></Main><AIWhoStamp>Biggins_Tr</AIWhoStamp><AIDateStamp>2023-02-10 12:02:26.000</AIDateStamp>,,,<Pre><First>Y</First></Pre>,<Post><Last>Y</Last></Post>,,CSA26,0,N,,10,,"<CarOver24Hrs>N</CarOver24Hrs><PrefCommMethod></PrefCommMethod><Destination>DUB,BEL,EDI</Destination><FlexPKGProfile>N</FlexPKGProfile>",Y,1900-01-01,doig_l,2025-03-20 00:00:00.000,Foster_S,2025-03-26 11:31:02.193,2025-03-20 00:00:00.000,2025-07-25 04:41:47.517,2025-04-08 08:40:08.187,0
16335,630850,"2026 Scottish & Irish Sampler - 7 Days/6 Nights - Oasis Travel Network - April 19, 2026",Internal,"2026 Scottish & Irish Sampler - 7 Days/6 Nights - Oasis Travel Network - April 19, 2026",2026-04-19,2026-04-19,2010-01-01,2026-12-31,SCH-GB-CSA,C,7,Y,N,AA/AAA,Y,N,,<Main><AirOffset>1</AirOffset><FromCity>NYC</FromCity><ToCity>EDI</ToCity><ReturnFromCity>DUB</ReturnFromCity><ReturnToCity>NYC</ReturnToCity><AirReturnOffset></AirReturnOffset></Main><AIWhoStamp>Biggins_Tr</AIWhoStamp><AIDateStamp>2023-02-10 12:02:26.000</AIDateStamp>,,,<Pre><First>Y</First></Pre>,<Post><Last>Y</Last></Post>,,CSA26,0,N,,10,,"<CarOver24Hrs>N</CarOver24Hrs><PrefCommMethod></PrefCommMethod><Destination>DUB,BEL,EDI</Destination><FlexPKGProfile>N</FlexPKGProfile>",Y,1900-01-01,doig_l,2025-03-20 00:00:00.000,Davies_Ja,2025-05-06 14:10:28.027,2025-05-07 04:32:50.770,2025-07-25 04:41:47.517,2025-05-07 04:32:50.770,0
16397,630850,"2026 Scottish & Irish Sampler- 7 Days/6 Nights- Savored Moments Travel- April 19, 2026",Active,"2026 Scottish & Irish Sampler- 7 Days/6 Nights- Savored Moments Travel- April 19, 2026",2026-04-19,2026-04-19,2010-01-01,2026-12-31,SCH-GB-CSA,C,7,Y,N,AA/AAA,Y,N,,<Main><AirOffset>1</AirOffset><FromCity>NYC</FromCity><ToCity>EDI</ToCity><ReturnFromCity>DUB</ReturnFromCity><ReturnToCity>NYC</ReturnToCity><AirReturnOffset></AirReturnOffset></Main><AIWhoStamp>Biggins_Tr</AIWhoStamp><AIDateStamp>2023-02-10 12:02:26.000</AIDateStamp>,,,<Pre><First>Y</First></Pre>,<Post><Last>Y</Last></Post>,,CSA26,0,N,,10,,"<CarOver24Hrs>N</CarOver24Hrs><PrefCommMethod></PrefCommMethod><Destination>DUB,BEL,EDI</Destination><FlexPKGProfile>N</FlexPKGProfile>",Y,1900-01-01,doig_l,2025-03-20 00:00:00.000,doig_l,2025-05-07 21:43:51.760,2025-05-08 04:34:50.883,2025-05-23 06:30:57.903,2025-05-08 04:34:50.883,0
17215,630850,"2026 Scottish & Irish Sampler- 7 Days/6 Nights- Savored Moments Travel- April 19, 2026",Active,"2026 Scottish & Irish Sampler- 7 Days/6 Nights- Savored Moments Travel- April 19, 2026",2026-04-19,2026-04-19,2010-01-01,2026-12-31,SCH-GB-CSA,C,7,Y,N,AA/AAA,Y,N,,<Main><AirOffset>1</AirOffset><FromCity>NYC</FromCity><ToCity>EDI</ToCity><ReturnFromCity>DUB</ReturnFromCity><ReturnToCity>NYC</ReturnToCity><AirReturnOffset></AirReturnOffset></Main><AIWhoStamp>Biggins_Tr</AIWhoStamp><AIDateStamp>2023-02-10 12:02:26.000</AIDateStamp>,,,<Pre><First>Y</First></Pre>,<Post><Last>Y</Last></Post>,,CSA26,0,N,,10,,"<CarOver24Hrs>N</CarOver24Hrs><PrefCommMethod></PrefCommMethod><Destination>DUB,BEL,EDI</Destination><FlexPKGProfile>N</FlexPKGProfile>",Y,1900-01-01,doig_l,2025-03-20 00:00:00.000,Lyons_S,2025-05-22 13:31:02.470,2025-05-23 06:31:23.863,2025-07-18 05:17:44.013,2025-05-23 06:31:23.863,0
13749,630910,"2026 Tuscan Treasures with Cinque Terre - 8 Days/7 Nights - Cruises & Tours Unlimited -  May 24, 2026",Active,"2026 Tuscan Treasures with Cinque Terre - 8 Days/7 Nights - Cruises & Tours Unlimited -  May 24, 2026",2026-05-24,2026-05-24,2010-01-01,2026-05-24,SCH-IT-TUA,C,8,Y,N,AA/AAA,Y,N,,<Main><AirOffset></AirOffset><FromCity>NYC</FromCity><ToCity>FLR</ToCity><ReturnFromCity>FLR</ReturnFromCity><ReturnToCity>NYC</ReturnToCity><AirReturnOffset></AirReturnOffset></Main><AIWhoStamp>Lyons_S</AIWhoStamp><AIDateStamp>2023-06-22 11:58:42.000</AIDateStamp>,,,,,,TUA26,0,N,,30,,<CarOver24Hrs>N</CarOver24Hrs><PrefCommMethod></PrefCommMethod><Destination>MTC</Destination><FlexPKGProfile>N</FlexPKGProfile>,Y,1900-01-01,Wilson_N,2025-03-20 00:00:00.000,Wilson_N,2025-04-02 16:01:44.687,2025-03-20 00:00:00.000,2025-07-25 04:41:47.517,2025-04-08 08:40:08.187,0
15459,630910,"2026 Tuscan Treasures with Cinque Terre - 8 Days/7 Nights - Cruises & Tours Unlimited -  May 24, 2026",Active,"2026 Tuscan Treasures with Cinque Terre - 8 Days/7 Nights - Cruises & Tours Unlimited -  May 24, 2026",2026-05-24,2026-05-24,2010-01-01,2026-05-24,SCH-IT-TUA,C,8,Y,N,AA/AAA,Y,N,,<Main><AirOffset></AirOffset><FromCity>NYC</FromCity><ToCity>FLR</ToCity><ReturnFromCity>FLR</ReturnFromCity><ReturnToCity>NYC</ReturnToCity><AirReturnOffset></AirReturnOffset></Main><AIWhoStamp>Lyons_S</AIWhoStamp><AIDateStamp>2023-06-22 11:58:42.000</AIDateStamp>,,,,,,TUA26,0,N,,30,,<CarOver24Hrs>N</CarOver24Hrs><PrefCommMethod></PrefCommMethod><Destination>MTC</Destination><FlexPKGProfile>N</FlexPKGProfile>,Y,1900-01-01,Wilson_N,2025-03-20 00:00:00.000,Foster_S,2025-04-15 15:19:41.943,2025-04-16 04:53:38.903,2025-07-25 04:41:47.517,2025-04-16 04:53:38.903,0
15806,630910,"2026 Tuscan Treasures with Cinque Terre - 8 Days/7 Nights - Cruises & Tours Unlimited -  May 24, 2026",Active,"2026 Tuscan Treasures with Cinque Terre - 8 Days/7 Nights - Cruises & Tours Unlimited -  May 24, 2026",2026-05-24,2026-05-24,2010-01-01,2026-05-24,SCH-IT-TUA,C,8,Y,N,AA/AAA,Y,N,,<Main><AirOffset></AirOffset><FromCity>NYC</FromCity><ToCity>FLR</ToCity><ReturnFromCity>FLR</ReturnFromCity><ReturnToCity>NYC</ReturnToCity><AirReturnOffset></AirReturnOffset></Main><AIWhoStamp>Lyons_S</AIWhoStamp><AIDateStamp>2023-06-22 11:58:42.000</AIDateStamp>,,,,,,TUA26,0,N,,30,,<CarOver24Hrs>N</CarOver24Hrs><PrefCommMethod></PrefCommMethod><Destination>MTC</Destination><FlexPKGProfile>N</FlexPKGProfile>,Y,1900-01-01,Wilson_N,2025-03-20 00:00:00.000,Lyons_S,2025-04-25 11:16:20.060,2025-04-28 19:00:19.260,2025-07-25 04:41:47.517,2025-04-28 19:00:19.260,0
18030,630910,"2026 Tuscan Treasures with Cinque Terre - 8 Days/7 Nights - Cruises & Tours Unlimited -  May 24, 2026",Active,"2026 Tuscan Treasures with Cinque Terre - 8 Days/7 Nights - Cruises & Tours Unlimited -  May 24, 2026",2026-05-24,2026-05-24,2010-01-01,2026-05-24,SCH-IT-TUA,C,8,Y,N,AA/AAA,Y,N,,<Main><AirOffset></AirOffset><FromCity>NYC</FromCity><ToCity>FLR</ToCity><ReturnFromCity>FLR</ReturnFromCity><ReturnToCity>NYC</ReturnToCity><AirReturnOffset></AirReturnOffset></Main><AIWhoStamp>Lyons_S</AIWhoStamp><AIDateStamp>2023-06-22 11:58:42.000</AIDateStamp>,,,,,,TUA26,0,N,,30,,<CarOver24Hrs>N</CarOver24Hrs><PrefCommMethod></PrefCommMethod><Destination>MTC</Destination><FlexPKGProfile>N</FlexPKGProfile>,Y,1900-01-01,Wilson_N,2025-03-20 00:00:00.000,Foster_S,2025-06-02 11:40:15.737,2025-06-03 06:39:03.193,2025-07-25 04:41:47.517,2025-06-03 06:39:03.193,0
13783,631270,"2026 Irish Adventure - 9 Days/8 Nights - Travel Planners International - June 22, 2026",Multi-Pending,"2026 Irish Adventure - 9 Days/8 Nights - Travel Planners International - June 22, 2026",2026-06-22,2026-06-22,2010-01-01,2026-12-31,SCH-IE-ADA,C,9,Y,N,AA/AAA,Y,N,,<Main><AirOffset>1</AirOffset><FromCity>NYC</FromCity><ToCity>DUB</ToCity><ReturnFromCity>DUB</ReturnFromCity><ReturnToCity>NYC</ReturnToCity></Main>,,,<Pre><First>Y</First></Pre>,<Post><Last>Y</Last></Post>,,ADA26,0,N,,11,,"<CarOver24Hrs>N</CarOver24Hrs><PrefCommMethod></PrefCommMethod><Destination>DUB,WAT,GAL,DER,KER</Destination><FlexPKGProfile>N</FlexPKGProfile>",Y,1900-01-01,Wilson_N,2025-03-25 00:00:00.000,Davies_Ja,2025-03-25 19:47:48.980,2025-03-25 00:00:00.000,2025-07-25 04:41:47.517,2025-04-08 08:40:08.187,0
15819,631270,"2026 Irish Adventure - 9 Days/8 Nights - Travel Planners International - June 22, 2026",Multi-Pending,"2026 Irish Adventure - 9 Days/8 Nights - Travel Planners International - June 22, 2026",2026-06-22,2026-06-22,2010-01-01,2026-12-31,SCH-IE-ADA,C,9,Y,N,AA/AAA,Y,N,,<Main><AirOffset>1</AirOffset><FromCity>NYC</FromCity><ToCity>DUB</ToCity><ReturnFromCity>DUB</ReturnFromCity><ReturnToCity>NYC</ReturnToCity></Main>,,,<Pre><First>Y</First></Pre>,<Post><Last>Y</Last></Post>,,ADA26,0,N,,11,,"<CarOver24Hrs>N</CarOver24Hrs><PrefCommMethod></PrefCommMethod><Destination>DUB,WAT,GAL,DER,KER</Destination><FlexPKGProfile>N</FlexPKGProfile>",Y,1900-01-01,Wilson_N,2025-03-25 00:00:00.000,Lyons_S,2025-04-23 16:28:59.753,2025-04-28 19:00:19.260,2025-07-25 04:41:47.517,2025-04-28 19:00:19.260,0
16399,631270,"2026 Irish Adventure - 9 Days/8 Nights - Travel Planners International - June 22, 2026",Multi-Expired,"2026 Irish Adventure - 9 Days/8 Nights - Travel Planners International - June 22, 2026",2026-06-22,2026-06-22,2010-01-01,2026-12-31,SCH-IE-ADA,C,9,Y,N,AA/AAA,Y,N,,<Main><AirOffset>1</AirOffset><FromCity>NYC</FromCity><ToCity>DUB</ToCity><ReturnFromCity>DUB</ReturnFromCity><ReturnToCity>NYC</ReturnToCity></Main>,,,<Pre><First>Y</First></Pre>,<Post><Last>Y</Last></Post>,,ADA26,0,N,,11,,"<CarOver24Hrs>N</CarOver24Hrs><PrefCommMethod></PrefCommMethod><Destination>DUB,WAT,GAL,DER,KER</Destination><FlexPKGProfile>N</FlexPKGProfile>",Y,1900-01-01,Wilson_N,2025-03-25 00:00:00.000,Caldeira_N,2025-05-07 14:40:01.003,2025-05-08 04:34:50.883,2025-12-19 06:30:24.337,2025-05-08 04:34:50.883,0
13784,631272,"2026 Taste of Ireland (Tour A) - 7 Days/6 Nights - Travel Planners International - June 24, 2026",Multi-Pending,"2026 Taste of Ireland (Tour A) - 7 Days/6 Nights - Travel Planners International - June 24, 2026",2026-06-24,2026-06-24,2010-01-01,2026-12-31,SCH-IE-TAA,C,7,Y,N,AA/AAA,Y,N,,<Main><AirOffset>1</AirOffset><FromCity>NYC</FromCity><ToCity>DUB</ToCity><ReturnFromCity>DUB</ReturnFromCity><ReturnToCity>NYC</ReturnToCity></Main>,,,<Pre><First>Y</First></Pre>,<Post><Last>Y</Last></Post>,,TAA26,0,N,,11,,"<CarOver24Hrs>N</CarOver24Hrs><PrefCommMethod></PrefCommMethod><Destination>LIM,DUB,KER</Destination><FlexPKGProfile>N</FlexPKGProfile>",Y,1900-01-01,Wilson_N,2025-03-25 00:00:00.000,Douglas_P,2025-03-28 11:31:18.787,2025-03-25 00:00:00.000,2025-07-25 04:41:47.517,2025-04-08 08:40:08.187,0
16400,631272,"2026 Taste of Ireland (Tour A) - 7 Days/6 Nights - Travel Planners International - June 24, 2026",Multi-Expired,"2026 Taste of Ireland (Tour A) - 7 Days/6 Nights - Travel Planners International - June 24, 2026",2026-06-24,2026-06-24,2010-01-01,2026-12-31,SCH-IE-TAA,C,7,Y,N,AA/AAA,Y,N,,<Main><AirOffset>1</AirOffset><FromCity>NYC</FromCity><ToCity>DUB</ToCity><ReturnFromCity>DUB</ReturnFromCity><ReturnToCity>NYC</ReturnToCity></Main>,,,<Pre><First>Y</First></Pre>,<Post><Last>Y</Last></Post>,,TAA26,0,N,,11,,"<CarOver24Hrs>N</CarOver24Hrs><PrefCommMethod></PrefCommMethod><Destination>LIM,DUB,KER</Destination><FlexPKGProfile>N</FlexPKGProfile>",Y,1900-01-01,Wilson_N,2025-03-25 00:00:00.000,Caldeira_N,2025-05-07 14:38:24.407,2025-05-08 04:34:50.883,2025-08-12 05:13:27.650,2025-05-08 04:34:50.883,0
13785,631280,"2026 Taste of Ireland (Tour A) - 7 Days/6 Nights - Nexion LLC - October 14, 2026",Expired,"2026 Taste of Ireland (Tour A) - 7 Days/6 Nights - Nexion LLC - October 14, 2026",2026-10-14,2026-10-14,2010-01-01,2026-12-31,SCH-IE-TAA,C,7,Y,N,AA/AAA,Y,N,,<Main><AirOffset>1</AirOffset><FromCity>NYC</FromCity><ToCity>DUB</ToCity><ReturnFromCity>DUB</ReturnFromCity><ReturnToCity>NYC</ReturnToCity></Main>,,,<Pre><First>Y</First></Pre>,<Post><Last>Y</Last></Post>,,TAA26,0,N,,28,,"<CarOver24Hrs>N</CarOver24Hrs><PrefCommMethod></PrefCommMethod><Destination>LIM,DUB,KER</Destination><FlexPKGProfile>N</FlexPKGProfile>",Y,1900-01-01,Wilson_N,2025-03-25 00:00:00.000,Douglas_P,2025-03-28 11:31:18.830,2025-03-25 00:00:00.000,2025-08-12 05:13:27.650,2025-04-08 08:40:08.187,0
15342,632385,"2026 Scottish Clans & Castles - 10 Days/9 Nights - The Rekemeier Group - September 3, 2026",Pending,"2026 Scottish Clans & Castles - 10 Days/9 Nights - The Rekemeier Group - September 3, 2026",2026-09-03,2026-09-03,2010-01-01,2026-12-31,SCH-GB-CCA,C,10,Y,N,AA/AAA,Y,N,,<Main><AirOffset>1</AirOffset><FromCity>NYC</FromCity><ToCity>EDI</ToCity><ReturnFromCity>EDI</ReturnFromCity><ReturnToCity>NYC</ReturnToCity><AirReturnOffset></AirReturnOffset></Main><AIWhoStamp>Biggins_Tr</AIWhoStamp><AIDateStamp>2022-09-06 16:25:23.000</AIDateStamp>,,,<Pre><First>Y</First></Pre>,,,CCA26,0,N,,32,,"<CarOver24Hrs>N</CarOver24Hrs><PrefCommMethod></PrefCommMethod><Destination>FIF,RSS,GLA,ABD,INV</Destination><FlexPKGProfile>N</FlexPKGProfile>",Y,1900-01-01,doig_l,2025-04-10 00:00:00.000,Lyons_S,2025-04-11 11:35:08.460,2025-04-10 00:00:00.000,2025-07-25 04:41:47.517,2025-04-15 09:44:58.910,0
16107,632385,"2026 Scottish Clans & Castles - 10 Days/9 Nights - The Rekemeier Group - September 3, 2026",Pending,"2026 Scottish Clans & Castles - 10 Days/9 Nights - The Rekemeier Group - September 3, 2026",2026-09-03,2026-09-03,2010-01-01,2026-12-31,SCH-GB-CCA,C,10,Y,N,AA/AAA,Y,N,,<Main><AirOffset>1</AirOffset><FromCity>NYC</FromCity><ToCity>EDI</ToCity><ReturnFromCity>EDI</ReturnFromCity><ReturnToCity>NYC</ReturnToCity><AirReturnOffset></AirReturnOffset></Main><AIWhoStamp>Biggins_Tr</AIWhoStamp><AIDateStamp>2022-09-06 16:25:23.000</AIDateStamp>,,,<Pre><First>Y</First></Pre>,,,CCA26,0,N,,32,,"<CarOver24Hrs>N</CarOver24Hrs><PrefCommMethod></PrefCommMethod><Destination>RSS,ABD,INV,GLA,FIF</Destination><FlexPKGProfile>N</FlexPKGProfile>",Y,1900-01-01,doig_l,2025-04-10 00:00:00.000,Zanchetta_I,2025-05-01 10:12:37.723,2025-05-02 04:23:56.197,2025-07-25 04:41:47.517,2025-05-02 04:23:56.197,0
16451,632385,"2026 Scottish Clans & Castles - 10 Days/9 Nights - The Rekemeier Group - September 3, 2026",Pending,"2026 Scottish Clans & Castles - 10 Days/9 Nights - The Rekemeier Group - September 3, 2026",2026-09-03,2026-09-03,2010-01-01,2026-12-31,SCH-GB-CCA,C,10,Y,N,AA/AAA,Y,N,,<Main><AirOffset>1</AirOffset><FromCity>NYC</FromCity><ToCity>EDI</ToCity><ReturnFromCity>EDI</ReturnFromCity><ReturnToCity>NYC</ReturnToCity><AirReturnOffset></AirReturnOffset></Main><AIWhoStamp>Biggins_Tr</AIWhoStamp><AIDateStamp>2022-09-06 16:25:23.000</AIDateStamp>,,,<Pre><First>Y</First></Pre>,,,CCA26,0,N,,32,,"<CarOver24Hrs>N</CarOver24Hrs><PrefCommMethod></PrefCommMethod><Destination>RSS,ABD,INV,GLA,FIF</Destination><FlexPKGProfile>N</FlexPKGProfile>",Y,1900-01-01,doig_l,2025-04-10 00:00:00.000,Tancred_E,2025-05-08 16:32:12.920,2025-05-09 04:35:46.410,2025-07-25 04:41:47.517,2025-05-09 04:35:46.410,0
16874,632385,"2026 Scottish Clans & Castles - 10 Days/9 Nights - The Rekemeier Group - September 3, 2026",Pending,"2026 Scottish Clans & Castles - 10 Days/9 Nights - The Rekemeier Group - September 3, 2026",2026-09-03,2026-09-03,2010-01-01,2026-12-31,SCH-GB-CCA,C,10,Y,N,AA/AAA,Y,N,,<Main><AirOffset>1</AirOffset><FromCity>NYC</FromCity><ToCity>EDI</ToCity><ReturnFromCity>EDI</ReturnFromCity><ReturnToCity>NYC</ReturnToCity><AirReturnOffset></AirReturnOffset></Main><AIWhoStamp>Biggins_Tr</AIWhoStamp><AIDateStamp>2022-09-06 16:25:23.000</AIDateStamp>,,,<Pre><First>Y</First></Pre>,,,CCA26,0,N,,32,,"<CarOver24Hrs>N</CarOver24Hrs><PrefCommMethod></PrefCommMethod><Destination>RSS,ABD,INV,GLA,FIF</Destination><FlexPKGProfile>N</FlexPKGProfile>",Y,1900-01-01,doig_l,2025-04-10 00:00:00.000,Lyons_S,2025-05-16 19:33:53.437,2025-05-18 06:42:47.047,2025-07-25 04:41:47.517,2025-05-18 06:42:47.047,0
16932,632385,"2026 Scottish Clans & Castles - 10 Days/9 Nights - The Rekemeier Group - September 3, 2026",Expired,"2026 Scottish Clans & Castles - 10 Days/9 Nights - The Rekemeier Group - September 3, 2026",2026-09-03,2026-09-03,2010-01-01,2026-12-31,SCH-GB-CCA,C,10,Y,N,AA/AAA,Y,N,,<Main><AirOffset>1</AirOffset><FromCity>NYC</FromCity><ToCity>EDI</ToCity><ReturnFromCity>EDI</ReturnFromCity><ReturnToCity>NYC</ReturnToCity><AirReturnOffset></AirReturnOffset></Main><AIWhoStamp>Biggins_Tr</AIWhoStamp><AIDateStamp>2022-09-06 16:25:23.000</AIDateStamp>,,,<Pre><First>Y</First></Pre>,,,CCA26,0,N,,32,,"<CarOver24Hrs>N</CarOver24Hrs><PrefCommMethod></PrefCommMethod><Destination>RSS,ABD,INV,GLA,FIF</Destination><FlexPKGProfile>N</FlexPKGProfile>",Y,1900-01-01,doig_l,2025-04-10 00:00:00.000,Davies_Ja,2025-05-19 14:21:51.480,2025-05-20 06:46:13.487,2025-05-24 06:26:01.357,2025-05-20 06:46:13.487,0
17359,632385,"2026 Scottish Clans & Castles - 10 Days/9 Nights - The Rekemeier Group - September 3, 2026",Expired,"2026 Scottish Clans & Castles - 10 Days/9 Nights - The Rekemeier Group - September 3, 2026",2026-09-03,2026-09-03,2010-01-01,2026-12-31,SCH-GB-CCA,C,10,Y,N,AA/AAA,Y,N,,<Main><AirOffset>1</AirOffset><FromCity>NYC</FromCity><ToCity>EDI</ToCity><ReturnFromCity>EDI</ReturnFromCity><ReturnToCity>NYC</ReturnToCity><AirReturnOffset></AirReturnOffset></Main><AIWhoStamp>Biggins_Tr</AIWhoStamp><AIDateStamp>2022-09-06 16:25:23.000</AIDateStamp>,,,<Pre><First>Y</First></Pre>,,,CCA26,0,N,,32,,"<CarOver24Hrs>N</CarOver24Hrs><PrefCommMethod></PrefCommMethod><Destination>RSS,ABD,INV,GLA,FIF</Destination><FlexPKGProfile>N</FlexPKGProfile>",Y,1900-01-01,doig_l,2025-04-10 00:00:00.000,Lyons_S,2025-05-23 19:38:44.653,2025-05-24 06:26:39.947,2025-11-13 06:25:21.820,2025-05-24 06:26:39.947,0
16361,634117,"2026 Scottish Isles & Glens - 13 Days/12 Nights - Bespoke Legacy Luxury Travel - August 3, 2026",Multi-Pending,"2026 Scottish Isles & Glens - 13 Days/12 Nights - Bespoke Legacy Luxury Travel - August 3, 2026",2026-08-03,2026-08-03,2010-01-01,2026-12-31,SCH-GB-SIA,C,13,Y,N,AA/AAA,Y,N,,<Main><AirOffset>1</AirOffset><FromCity>NYC</FromCity><ToCity>EDI</ToCity><ReturnFromCity>EDI</ReturnFromCity><ReturnToCity>NYC</ReturnToCity><AirReturnOffset></AirReturnOffset></Main><AIWhoStamp>Biggins_Tr</AIWhoStamp><AIDateStamp>2022-09-06 11:50:21.000</AIDateStamp>,,,<Pre><Service><ProductCode>UKPRENIGHTS</ProductCode><SupplierID>GB-GLA-GGH</SupplierID><ServiceID>STD-SBB</ServiceID></Service></Pre>,<Post><Last>Y</Last></Post>,,SIA26,0,N,,10,,"<CarOver24Hrs>N</CarOver24Hrs><PrefCommMethod></PrefCommMethod><Destination>RSS,KIO,EDI,PES,GAI,INV,GLA</Destination><FlexPKGProfile>N</FlexPKGProfile>",Y,1900-01-01,Wilson_N,2025-05-06 00:00:00.000,Davies_Ja,2025-05-06 16:12:08.347,2025-05-06 00:00:00.000,2025-07-25 04:41:47.517,2025-05-07 04:32:50.770,0
17278,634117,"2026 Scottish Isles & Glens - 13 Days/12 Nights - Bespoke Legacy Luxury Travel - August 3, 2026",Multi-Pending,"2026 Scottish Isles & Glens - 13 Days/12 Nights - Bespoke Legacy Luxury Travel - August 3, 2026",2026-08-03,2026-08-03,2010-01-01,2026-12-31,SCH-GB-SIA,C,13,Y,N,AA/AAA,Y,N,,<Main><AirOffset>1</AirOffset><FromCity>NYC</FromCity><ToCity>EDI</ToCity><ReturnFromCity>EDI</ReturnFromCity><ReturnToCity>NYC</ReturnToCity><AirReturnOffset></AirReturnOffset></Main><AIWhoStamp>Biggins_Tr</AIWhoStamp><AIDateStamp>2022-09-06 11:50:21.000</AIDateStamp>,,,<Pre><Service><ProductCode>UKPRENIGHTS</ProductCode><SupplierID>GB-GLA-GGH</SupplierID><ServiceID>STD-SBB</ServiceID></Service></Pre>,<Post><Last>Y</Last></Post>,,SIA26,0,N,,10,,"<CarOver24Hrs>N</CarOver24Hrs><PrefCommMethod></PrefCommMethod><Destination>RSS,KIO,EDI,PES,GAI,INV,GLA</Destination><FlexPKGProfile>N</FlexPKGProfile>",Y,1900-01-01,Wilson_N,2025-05-06 00:00:00.000,Foster_S,2025-05-22 15:27:32.133,2025-05-23 06:31:23.863,2025-07-25 04:41:47.517,2025-05-23 06:31:23.863,0
17457,634117,"2026 Scottish Isles & Glens - 13 Days/12 Nights - Bespoke Legacy Luxury Travel - August 3, 2026",Multi-Pending,"2026 Scottish Isles & Glens - 13 Days/12 Nights - Bespoke Legacy Luxury Travel - August 3, 2026",2026-08-03,2026-08-03,2010-01-01,2026-12-31,SCH-GB-SIA,C,13,Y,N,AA/AAA,Y,N,,<Main><AirOffset>1</AirOffset><FromCity>NYC</FromCity><ToCity>EDI</ToCity><ReturnFromCity>EDI</ReturnFromCity><ReturnToCity>NYC</ReturnToCity><AirReturnOffset></AirReturnOffset></Main><AIWhoStamp>Biggins_Tr</AIWhoStamp><AIDateStamp>2022-09-06 11:50:21.000</AIDateStamp>,,,<Pre><Service><ProductCode>UKPRENIGHTS</ProductCode><SupplierID>GB-GLA-GGH</SupplierID><ServiceID>STD-SBB</ServiceID></Service></Pre>,<Post><Last>Y</Last></Post>,,SIA26,0,N,,10,,"<CarOver24Hrs>N</CarOver24Hrs><PrefCommMethod></PrefCommMethod><Destination>RSS,KIO,EDI,PES,GAI,INV,GLA</Destination><FlexPKGProfile>N</FlexPKGProfile>",Y,1900-01-01,Wilson_N,2025-05-06 00:00:00.000,Lyons_S,2025-05-26 16:37:04.557,2025-05-27 07:14:18.497,2025-07-25 04:41:47.517,2025-05-27 07:14:18.497,0
16362,634125,"2025 Best of Ireland South (Tour A) - 8 Days/7 Nights - SeaLandAir Travel - October 18, 2025",Pending,"2025 Best of Ireland South (Tour A) - 8 Days/7 Nights - SeaLandAir Travel - October 18, 2025",2025-10-18,2025-10-18,2010-01-01,2025-12-31,SCH-IE-ISA,C,8,Y,N,AA/AAA,Y,N,,<Main><AirOffset>1</AirOffset><FromCity>NYC</FromCity><ToCity>DUB</ToCity><ReturnFromCity>DUB</ReturnFromCity><ReturnToCity>NYC</ReturnToCity></Main>,,,<Pre><First>Y</First></Pre>,<Post><Last>Y</Last></Post>,,ISA25,0,N,,24,,"<CarOver24Hrs>N</CarOver24Hrs><PrefCommMethod></PrefCommMethod><Destination>DUB,CLA,KER</Destination><FlexPKGProfile>N</FlexPKGProfile>",Y,1900-01-01,Markle_M,2025-05-06 00:00:00.000,Davies_Ja,2025-05-06 17:05:42.100,2025-05-06 00:00:00.000,2025-07-25 04:41:47.517,2025-05-07 04:32:50.770,0
16822,634125,"2025 Best of Ireland South (Tour A) - 8 Days/7 Nights - SeaLandAir Travel - October 18, 2025",Internal,"2025 Best of Ireland South (Tour A) - 8 Days/7 Nights - SeaLandAir Travel - October 18, 2025",2025-10-18,2025-10-18,2010-01-01,2025-12-31,SCH-IE-ISA,C,8,Y,N,AA/AAA,Y,N,,<Main><AirOffset>1</AirOffset><FromCity>NYC</FromCity><ToCity>DUB</ToCity><ReturnFromCity>DUB</ReturnFromCity><ReturnToCity>NYC</ReturnToCity></Main>,,,<Pre><First>Y</First></Pre>,<Post><Last>Y</Last></Post>,,ISA25,0,N,,24,,"<CarOver24Hrs>N</CarOver24Hrs><PrefCommMethod></PrefCommMethod><Destination>DUB,CLA,KER</Destination><FlexPKGProfile>N</FlexPKGProfile>",Y,1900-01-01,Markle_M,2025-05-06 00:00:00.000,Markle_M,2025-05-15 21:08:15.007,2025-05-16 06:42:01.470,2025-07-25 04:41:47.517,2025-05-16 06:42:01.470,0
16877,634125,"2025 Best of Ireland South (Tour A) - 8 Days/7 Nights - SeaLandAir Travel - October 18, 2025",Active,"2025 Best of Ireland South (Tour A) - 8 Days/7 Nights - SeaLandAir Travel - October 18, 2025",2025-10-18,2025-10-18,2010-01-01,2025-12-31,SCH-IE-ISA,C,8,Y,N,AA/AAA,Y,N,,<Main><AirOffset>1</AirOffset><FromCity>NYC</FromCity><ToCity>DUB</ToCity><ReturnFromCity>DUB</ReturnFromCity><ReturnToCity>NYC</ReturnToCity></Main>,,,<Pre><First>Y</First></Pre>,<Post><Last>Y</Last></Post>,,ISA25,0,N,,24,,"<CarOver24Hrs>N</CarOver24Hrs><PrefCommMethod></PrefCommMethod><Destination>DUB,CLA,KER</Destination><FlexPKGProfile>N</FlexPKGProfile>",Y,1900-01-01,Markle_M,2025-05-06 00:00:00.000,Markle_M,2025-05-16 14:46:18.817,2025-05-18 06:42:47.047,2025-06-16 11:39:06.717,2025-05-18 06:42:47.047,0
16363,634128,"2026 Irish Adventure - 9 Days/8 Nights - Dream Vacations - August 14, 2026",Internal,"2026 Irish Adventure - 9 Days/8 Nights - Dream Vacations - August 14, 2026",2026-08-14,2026-08-14,2010-01-01,2026-12-31,SCH-IE-ADA,C,9,Y,N,AA/AAA,Y,N,,<Main><AirOffset>1</AirOffset><FromCity>NYC</FromCity><ToCity>DUB</ToCity><ReturnFromCity>DUB</ReturnFromCity><ReturnToCity>NYC</ReturnToCity></Main>,,,<Pre><First>Y</First></Pre>,<Post><Last>Y</Last></Post>,,ADA26,0,N,,24,,"<CarOver24Hrs>N</CarOver24Hrs><PrefCommMethod></PrefCommMethod><Destination>DUB,WAT,GAL,DER,KER</Destination><FlexPKGProfile>N</FlexPKGProfile>",Y,1900-01-01,doig_l,2025-05-06 00:00:00.000,Davies_Ja,2025-05-06 21:14:44.520,2025-05-06 00:00:00.000,2025-07-25 04:41:47.517,2025-05-07 04:32:50.770,0
16421,634264,"2026 Taste of Italy - 7 Days/6 Nights - Inteletravel - September 13, 2026",Pending,"2026 Taste of Italy - 7 Days/6 Nights - Inteletravel - September 13, 2026",2026-09-13,2026-09-13,2010-01-01,2026-12-31,SCH-IT-ITT,C,7,Y,N,AA/AAA,Y,N,,<Main><AirOffset>1</AirOffset><FromCity>NYC</FromCity><ToCity>VCE</ToCity><ReturnFromCity>ROM</ReturnFromCity><ReturnToCity>NYC</ReturnToCity><AirReturnOffset></AirReturnOffset></Main><AIWhoStamp>Biggins_Tr</AIWhoStamp><AIDateStamp>2018-09-25 16:53:08.000</AIDateStamp>,,,<Pre><First>Y</First></Pre>,<Post><Last>Y</Last></Post>,,ITT26,0,N,,10,,"<CarOver24Hrs>N</CarOver24Hrs><PrefCommMethod></PrefCommMethod><Destination>ROM,VCE,FLR</Destination><FlexPKGProfile>N</FlexPKGProfile>",Y,1900-01-01,doig_l,2025-05-07 00:00:00.000,Davies_Ja,2025-05-07 19:56:12.603,2025-05-07 00:00:00.000,2025-07-25 04:41:47.517,2025-05-08 04:34:50.883,0
16524,634264,"2026 Taste of Italy - 7 Days/6 Nights - Inteletravel - September 13, 2026",Pending,"2026 Taste of Italy - 7 Days/6 Nights - Inteletravel - September 13, 2026",2026-09-13,2026-09-13,2010-01-01,2026-12-31,SCH-IT-ITT,C,7,Y,N,AA/AAA,Y,N,,<Main><AirOffset>1</AirOffset><FromCity>NYC</FromCity><ToCity>VCE</ToCity><ReturnFromCity>ROM</ReturnFromCity><ReturnToCity>NYC</ReturnToCity><AirReturnOffset></AirReturnOffset></Main><AIWhoStamp>Biggins_Tr</AIWhoStamp><AIDateStamp>2018-09-25 16:53:08.000</AIDateStamp>,,,<Pre><First>Y</First></Pre>,<Post><Last>Y</Last></Post>,,ITT26,0,N,,10,,"<CarOver24Hrs>N</CarOver24Hrs><PrefCommMethod></PrefCommMethod><Destination>ROM,VCE,FLR</Destination><FlexPKGProfile>N</FlexPKGProfile>",Y,1900-01-01,doig_l,2025-05-07 00:00:00.000,Tancred_E,2025-05-09 16:18:38.110,2025-05-10 04:34:51.893,2025-07-25 04:41:47.517,2025-05-10 04:34:51.893,0
16823,634264,"2026 Taste of Italy - 7 Days/6 Nights - Inteletravel - September 13, 2026",Pending,"2026 Taste of Italy - 7 Days/6 Nights - Inteletravel - September 13, 2026",2026-09-13,2026-09-13,2010-01-01,2026-12-31,SCH-IT-ITT,C,7,Y,N,AA/AAA,Y,N,,<Main><AirOffset>1</AirOffset><FromCity>NYC</FromCity><ToCity>VCE</ToCity><ReturnFromCity>ROM</ReturnFromCity><ReturnToCity>NYC</ReturnToCity><AirReturnOffset></AirReturnOffset></Main><AIWhoStamp>Biggins_Tr</AIWhoStamp><AIDateStamp>2018-09-25 16:53:08.000</AIDateStamp>,,,<Pre><First>Y</First></Pre>,<Post><Last>Y</Last></Post>,,ITT26,0,N,,10,,"<CarOver24Hrs>N</CarOver24Hrs><PrefCommMethod></PrefCommMethod><Destination>ROM,VCE,FLR</Destination><FlexPKGProfile>N</FlexPKGProfile>",Y,1900-01-01,doig_l,2025-05-07 00:00:00.000,edwards_ki,2025-05-15 18:23:29.113,2025-05-16 06:42:01.470,2025-07-25 04:41:47.517,2025-05-16 06:42:01.470,0
16936,634264,"2026 Taste of Italy - 7 Days/6 Nights - Inteletravel - September 13, 2026",Expired,"2026 Taste of Italy - 7 Days/6 Nights - Inteletravel - September 13, 2026",2026-09-13,2026-09-13,2010-01-01,2026-12-31,SCH-IT-ITT,C,7,Y,N,AA/AAA,Y,N,,<Main><AirOffset>1</AirOffset><FromCity>NYC</FromCity><ToCity>VCE</ToCity><ReturnFromCity>ROM</ReturnFromCity><ReturnToCity>NYC</ReturnToCity><AirReturnOffset></AirReturnOffset></Main><AIWhoStamp>Biggins_Tr</AIWhoStamp><AIDateStamp>2018-09-25 16:53:08.000</AIDateStamp>,,,<Pre><First>Y</First></Pre>,<Post><Last>Y</Last></Post>,,ITT26,0,N,,10,,"<CarOver24Hrs>N</CarOver24Hrs><PrefCommMethod></PrefCommMethod><Destination>ROM,VCE,FLR</Destination><FlexPKGProfile>N</FlexPKGProfile>",Y,1900-01-01,doig_l,2025-05-07 00:00:00.000,doig_l,2025-05-19 20:36:44.743,2025-05-20 06:46:13.487,2025-05-30 06:58:13.120,2025-05-20 06:46:13.487,0
17802,634264,"2026 Taste of Italy - 7 Days/6 Nights - Inteletravel - September 13, 2026",Expired,"2026 Taste of Italy - 7 Days/6 Nights - Inteletravel - September 13, 2026",2026-09-13,2026-09-13,2010-01-01,2026-12-31,SCH-IT-ITT,C,7,Y,N,AA/AAA,Y,N,,<Main><AirOffset>1</AirOffset><FromCity>NYC</FromCity><ToCity>VCE</ToCity><ReturnFromCity>ROM</ReturnFromCity><ReturnToCity>NYC</ReturnToCity><AirReturnOffset></AirReturnOffset></Main><AIWhoStamp>Biggins_Tr</AIWhoStamp><AIDateStamp>2018-09-25 16:53:08.000</AIDateStamp>,,,<Pre><First>Y</First></Pre>,<Post><Last>Y</Last></Post>,,ITT26,0,N,,10,,"<CarOver24Hrs>N</CarOver24Hrs><PrefCommMethod></PrefCommMethod><Destination>ROM,VCE,FLR</Destination><FlexPKGProfile>N</FlexPKGProfile>",Y,1900-01-01,doig_l,2025-05-07 00:00:00.000,Lyons_S,2025-05-29 14:22:18.170,2025-05-30 06:58:40.317,2025-07-05 06:00:59.987,2025-05-30 06:58:40.317,0
11675,602251,"CXLD- 2024 Scots Irish Tour- 11 Days/10 Nights- Pyramid Club- September 17, 2024",Closed,"CXLD- 2024 Scots Irish Tour- 11 Days/10 Nights- Pyramid Club- September 17, 2024",2024-09-17,2024-09-17,2010-01-01,2024-12-31,SCH-GB-SNA,C,11,Y,N,AA/AAA,Y,N,,<Main><AirOffset>1</AirOffset><FromCity>NYC</FromCity><ToCity>EDI</ToCity><ReturnFromCity>SNN</ReturnFromCity><ReturnToCity>NYC</ReturnToCity><AirReturnOffset></AirReturnOffset></Main><AIWhoStamp>BigginsT</AIWhoStamp><AIDateStamp>2016-01-22 14:33:35.000</AIDateStamp>,,,<Pre><First>Y</First></Pre>,<Post><Last>Y</Last></Post>,,,0,N,,0,,<CarOver24Hrs>N</CarOver24Hrs><FlexPKGProfile>N</FlexPKGProfile>,Y,1900-01-01,doig_l,2024-03-11 00:00:00.000,doig_l,2024-04-29 22:11:11.910,2024-03-11 00:00:00.000,9999-12-31 00:00:00.000,2025-04-08 08:40:08.187,1
12350,611281,"2025 Best of Britain- 10 Days/9 Nights- DeDe's Travel/Travel Planners Int'l- April 27, 2025",Active,"2025 Best of Britain- 10 Days/9 Nights- DeDe's Travel/Travel Planners Int'l- April 27, 2025",2025-04-27,2025-04-27,2010-01-01,2025-12-31,SCH-GB-BEA,C,10,Y,N,AA,Y,N,,<Main><AirOffset>1</AirOffset><FromCity>NYC</FromCity><ToCity>LON</ToCity><ReturnFromCity>LON</ReturnFromCity><ReturnToCity>NYC</ReturnToCity><AirReturnOffset></AirReturnOffset></Main>,,,<Pre><First>Y</First></Pre>,<Post><Last>Y</Last></Post>,,BEA25,0,N,,13,,"<CarOver24Hrs>N</CarOver24Hrs><PrefCommMethod></PrefCommMethod><Destination>BKS,YOR,LON,LIV,FIF,CDI</Destination><FlexPKGProfile>N</FlexPKGProfile>",Y,1900-01-01,Markle_M,2024-07-11 00:00:00.000,Markle_M,2025-01-15 15:56:30.633,2024-07-11 00:00:00.000,9999-12-31 00:00:00.000,2025-04-08 08:40:08.187,1
12351,611282,"CXLD - 2025  Irish Gold - 9 Days/8 Nights - Rapid Travel - April 25, 2025",Closed,"CXLD - 2025  Irish Gold - 9 Days/8 Nights - Rapid Travel - April 25, 2025",2025-04-25,2025-04-25,2010-01-01,2025-04-25,SCH-IE-GOA,C,9,Y,N,AA/AAA,Y,N,,<Main><AirOffset>1</AirOffset><FromCity>NYC</FromCity><ToCity>DUB</ToCity><ReturnFromCity>DUB</ReturnFromCity><ReturnToCity>NYC</ReturnToCity></Main>,,,<Pre><First>Y</First></Pre>,<Post><Last>Y</Last></Post>,,,0,N,,0,,"<CarOver24Hrs>N</CarOver24Hrs><PrefCommMethod></PrefCommMethod><Destination>WAT,GAL,DUB,KER</Destination><FlexPKGProfile>N</FlexPKGProfile>",Y,1900-01-01,Markle_M,2024-07-11 00:00:00.000,Davies_Ja,2024-11-25 21:48:09.813,2024-07-11 00:00:00.000,9999-12-31 00:00:00.000,2025-04-08 08:40:08.187,1
12352,611302,"2025 Irish Adventure - 9 Days/8 Nights - Olsen O'Leary Travel - May 7, 2025",Expired,"2025 Irish Adventure - 9 Days/8 Nights - Olsen O'Leary Travel - May 7, 2025",2025-05-07,2025-05-07,2010-01-01,2025-12-31,SCH-IE-ADA,C,9,Y,N,AA/AAA,Y,N,,<Main><AirOffset>1</AirOffset><FromCity>NYC</FromCity><ToCity>DUB</ToCity><ReturnFromCity>DUB</ReturnFromCity><ReturnToCity>NYC</ReturnToCity></Main>,,,<Pre><First>Y</First></Pre>,<Post><Last>Y</Last></Post>,,ADA25,0,N,,25,,"<CarOver24Hrs>N</CarOver24Hrs><PrefCommMethod></PrefCommMethod><Destination>DUB,WAT,GAL,DER,KER</Destination><FlexPKGProfile>N</FlexPKGProfile>",Y,1900-01-01,Markle_M,2024-07-12 00:00:00.000,Lyons_S,2025-02-05 17:10:48.700,2024-07-12 00:00:00.000,2025-07-25 04:41:47.517,2025-04-08 08:40:08.187,0
16298,611302,"2025 Irish Adventure - 9 Days/8 Nights - Olsen O'Leary Travel - May 7, 2025",Expired,"2025 Irish Adventure - 9 Days/8 Nights - Olsen O'Leary Travel - May 7, 2025",2025-05-07,2025-05-07,2010-01-01,2025-12-31,SCH-IE-ADA,C,9,Y,N,AA/AAA,Y,N,,<Main><AirOffset>1</AirOffset><FromCity>NYC</FromCity><ToCity>DUB</ToCity><ReturnFromCity>DUB</ReturnFromCity><ReturnToCity>NYC</ReturnToCity></Main>,,,<Pre><First>Y</First></Pre>,<Post><Last>Y</Last></Post>,,ADA25,0,N,,0,,"<CarOver24Hrs>N</CarOver24Hrs><PrefCommMethod></PrefCommMethod><Destination>DUB,WAT,GAL,DER,KER</Destination><FlexPKGProfile>N</FlexPKGProfile>",Y,1900-01-01,Markle_M,2024-07-12 00:00:00.000,Lyons_S,2025-02-05 17:10:48.700,2025-05-07 04:32:50.770,9999-12-31 00:00:00.000,2025-05-07 04:32:50.770,1
12353,611303,"2025 Ireland's Wild Atlantic Way - 9 Days/8 Nights - Olsen O'Leary Travel - May 18, 2025",Expired,"2025 Ireland's Wild Atlantic Way - 9 Days/8 Nights - Olsen O'Leary Travel - May 18, 2025",2025-05-18,2025-05-18,2010-01-01,2025-12-31,SCH-IE-IWA,C,9,Y,N,AA/AAA,Y,N,,<Main><AirOffset>1</AirOffset><FromCity>NYC</FromCity><ToCity>DUB</ToCity><ReturnFromCity>DUB</ReturnFromCity><ReturnToCity>NYC</ReturnToCity></Main>,,,<Pre><Service><ProductCode>IEPRENIGHTS</ProductCode><SupplierID>IE-DUB-CCA</SupplierID><ServiceID>STD-SBB</ServiceID></Service></Pre>,,,IWA25,0,N,,25,,"<CarOver24Hrs>N</CarOver24Hrs><PrefCommMethod></PrefCommMethod><Destination>DON,KER,MAY,LIM,DUB</Destination><FlexPKGProfile>N</FlexPKGProfile>",Y,1900-01-01,Markle_M,2024-07-12 00:00:00.000,Lyons_S,2025-01-08 16:45:45.077,2024-07-12 00:00:00.000,2025-07-25 04:41:47.517,2025-04-08 08:40:08.187,0
16860,611303,"2025 Ireland's Wild Atlantic Way - 9 Days/8 Nights - Olsen O'Leary Travel - May 18, 2025",Expired,"2025 Ireland's Wild Atlantic Way - 9 Days/8 Nights - Olsen O'Leary Travel - May 18, 2025",2025-05-18,2025-05-18,2010-01-01,2025-12-31,SCH-IE-IWA,C,9,Y,N,AA/AAA,Y,N,,<Main><AirOffset>1</AirOffset><FromCity>NYC</FromCity><ToCity>DUB</ToCity><ReturnFromCity>DUB</ReturnFromCity><ReturnToCity>NYC</ReturnToCity></Main>,,,<Pre><Service><ProductCode>IEPRENIGHTS</ProductCode><SupplierID>IE-DUB-CCA</SupplierID><ServiceID>STD-SBB</ServiceID></Service></Pre>,,,IWA25,0,N,,0,,"<CarOver24Hrs>N</CarOver24Hrs><PrefCommMethod></PrefCommMethod><Destination>DON,KER,MAY,LIM,DUB</Destination><FlexPKGProfile>N</FlexPKGProfile>",Y,1900-01-01,Markle_M,2024-07-12 00:00:00.000,Lyons_S,2025-01-08 16:45:45.077,2025-05-18 06:42:47.047,9999-12-31 00:00:00.000,2025-05-18 06:42:47.047,1
12354,611327,"2025 Scottish Dream - 8 Days/7 Nights - Parrott's Tours - September 4, 2025",Active,"2025 Scottish Dream - 8 Days/7 Nights - Parrott's Tours - September 4, 2025",2025-09-04,2025-09-04,2010-01-01,2025-12-31,SCH-GB-DRA,C,8,Y,N,AA/AAA,Y,N,,<Main><AirOffset>1</AirOffset><FromCity>NYC</FromCity><ToCity>EDI</ToCity><ReturnFromCity>EDI</ReturnFromCity><ReturnToCity>NYC</ReturnToCity><AirReturnOffset></AirReturnOffset></Main><AIWhoStamp>Biggins_Tr</AIWhoStamp><AIDateStamp>2022-09-06 16:38:11.000</AIDateStamp>,,,<Pre><First>Y</First></Pre>,,,DRA25,0,N,,26,,"<CarOver24Hrs>N</CarOver24Hrs><FlexPKGProfile>N</FlexPKGProfile><PrefCommMethod></PrefCommMethod><Destination>EDI,NAI,PES,ARY,GLA,INV</Destination>",Y,1900-01-01,Wilson_N,2024-07-12 00:00:00.000,Lyons_S,2025-04-01 12:25:31.810,2024-07-12 00:00:00.000,2025-07-25 04:41:47.517,2025-04-08 08:40:08.187,0
13819,631657,Travel Unlimited,Pending,Travel Unlimited,2026-05-13,2026-05-13,2025-03-31,2026-05-13,GRP-IE-KS-1,C,9,Y,N,AA,Y,N,,,,,,,,IE-631657,0,Y,"L:5|7AA-0AA/0A,7.5|9.5AA-0AA/0A,10|12AA-0AA/0A,12.5|14.5AA-0AA/0A,15|17AA-0AA/0A,17.5|19.5AA-0AA/0A,20|22AA-0AA/0A,22.5|24AA-0AA/0A,48X;A:5|7AA-0AA/0A,7.5|9.5AA-0AA/0A,10|12AA-0AA/0A,12.5|14.5AA-0AA/0A,15|17AA-0AA/0A,17.5|19.5AA-0AA/0A,20|22AA-0AA/0A,22.5|24AA-0AA/0A,48X",20,,<CarOver24Hrs>N</CarOver24Hrs><FlexPKGProfile>N</FlexPKGProfile>,N,1900-01-01,Smith_K,2025-03-31 00:00:00.000,Smith_K,2025-03-31 20:54:25.130,2025-03-31 00:00:00.000,2025-07-25 04:41:47.517,2025-04-08 08:40:08.187,0
16341,631657,Travel Unlimited,Pending,Travel Unlimited,2026-06-03,2026-06-03,2025-03-31,2026-06-03,GRP-IE-KS-1,C,9,Y,N,AA,Y,N,,,,,,,,IE-631657,0,Y,"L:5|7AA-0AA/0A,7.5|9.5AA-0AA/0A,10|12AA-0AA/0A,12.5|14.5AA-0AA/0A,15|17AA-0AA/0A,17.5|19.5AA-0AA/0A,20|22AA-0AA/0A,22.5|24AA-0AA/0A,48X;A:5|7AA-0AA/0A,7.5|9.5AA-0AA/0A,10|12AA-0AA/0A,12.5|14.5AA-0AA/0A,15|17AA-0AA/0A,17.5|19.5AA-0AA/0A,20|22AA-0AA/0A,22.5|24AA-0AA/0A,48X",20,,<CarOver24Hrs>N</CarOver24Hrs><FlexPKGProfile>N</FlexPKGProfile>,N,1900-01-01,Smith_K,2025-03-31 00:00:00.000,Smith_K,2025-05-06 17:05:37.317,2025-05-07 04:32:50.770,2025-07-25 04:41:47.517,2025-05-07 04:32:50.770,0
16600,631657,Travel Unlimited,Internal,Travel Unlimited,2026-06-03,2026-06-03,2025-03-31,2026-06-03,GRP-IE-KS-1,C,9,Y,N,AA,Y,N,,,,,,,,IE-631657,0,Y,"L:5|7AA-0AA/0A,7.5|9.5AA-0AA/0A,10|12AA-0AA/0A,12.5|14.5AA-0AA/0A,15|17AA-0AA/0A,17.5|19.5AA-0AA/0A,20|22AA-0AA/0A,22.5|24AA-0AA/0A,48X;A:5|7AA-0AA/0A,7.5|9.5AA-0AA/0A,10|12AA-0AA/0A,12.5|14.5AA-0AA/0A,15|17AA-0AA/0A,17.5|19.5AA-0AA/0A,20|22AA-0AA/0A,22.5|24AA-0AA/0A,48X",20,,<CarOver24Hrs>N</CarOver24Hrs><FlexPKGProfile>N</FlexPKGProfile>,Y,1900-01-01,Smith_K,2025-03-31 00:00:00.000,Smith_K,2025-05-12 19:24:53.277,2025-05-13 04:42:11.963,2025-07-25 04:41:47.517,2025-05-13 04:42:11.963,0
16671,631657,Travel Unlimited,Internal,Travel Unlimited,2026-06-03,2026-06-03,2025-03-31,2026-06-03,GRP-IE-KS-1,C,9,Y,N,AA,Y,N,,,,,,,,IE-631657,0,Y,"L:5|7AA-0AA/0A,7.5|9.5AA-0AA/0A,10|12AA-0AA/0A,12.5|14.5AA-0AA/0A,15|17AA-0AA/0A,17.5|19.5AA-0AA/0A,20|22AA-0AA/0A,22.5|24AA-0AA/0A,48X;A:5|7AA-0AA/0A,7.5|9.5AA-0AA/0A,10|12AA-0AA/0A,12.5|14.5AA-0AA/0A,15|17AA-0AA/0A,17.5|19.5AA-0AA/0A,20|22AA-0AA/0A,22.5|24AA-0AA/0A,48X",20,,<CarOver24Hrs>N</CarOver24Hrs><FlexPKGProfile>N</FlexPKGProfile>,Y,1900-01-01,Smith_K,2025-03-31 00:00:00.000,McCloskey_C,2025-05-13 14:16:27.943,2025-05-14 06:43:12.710,2025-07-25 04:41:47.517,2025-05-14 06:43:12.710,0
17113,631657,Travel Unlimited,Internal,Travel Unlimited,2026-06-03,2026-06-03,2025-03-31,2026-06-03,GRP-IE-KS-1,C,9,Y,N,AA,Y,N,,,,,,,,IE-631657,0,Y,"L:5|7AA-0AA/0A,7.5|9.5AA-0AA/0A,10|12AA-0AA/0A,12.5|14.5AA-0AA/0A,15|17AA-0AA/0A,17.5|19.5AA-0AA/0A,20|22AA-0AA/0A,22.5|24AA-0AA/0A,48X;A:5|7AA-0AA/0A,7.5|9.5AA-0AA/0A,10|12AA-0AA/0A,12.5|14.5AA-0AA/0A,15|17AA-0AA/0A,17.5|19.5AA-0AA/0A,20|22AA-0AA/0A,22.5|24AA-0AA/0A,48X",20,,<CarOver24Hrs>N</CarOver24Hrs><FlexPKGProfile>N</FlexPKGProfile>,Y,1900-01-01,Smith_K,2025-03-31 00:00:00.000,Smith_K,2025-05-21 15:10:13.847,2025-05-22 06:56:39.240,2025-07-25 04:41:47.517,2025-05-22 06:56:39.240,0
17229,631657,Travel Unlimited,Internal,Travel Unlimited,2026-06-03,2026-06-03,2025-03-31,2026-06-03,GRP-IE-KS-1,C,9,Y,N,AA,Y,N,,,,,,,,IE-631657,0,Y,"L:5|7AA-0AA/0A,7.5|9.5AA-0AA/0A,10|12AA-0AA/0A,12.5|14.5AA-0AA/0A,15|17AA-0AA/0A,17.5|19.5AA-0AA/0A,20|22AA-0AA/0A,22.5|24AA-0AA/0A,48X;A:5|7AA-0AA/0A,7.5|9.5AA-0AA/0A,10|12AA-0AA/0A,12.5|14.5AA-0AA/0A,15|17AA-0AA/0A,17.5|19.5AA-0AA/0A,20|22AA-0AA/0A,22.5|24AA-0AA/0A,48X",20,,<CarOver24Hrs>N</CarOver24Hrs><FlexPKGProfile>N</FlexPKGProfile>,Y,1900-01-01,Smith_K,2025-03-31 00:00:00.000,Lavery_R,2025-05-22 14:42:30.220,2025-05-23 06:31:23.863,2025-07-25 04:41:47.517,2025-05-23 06:31:23.863,0
17358,631657,Travel Unlimited,Internal,Travel Unlimited,2026-06-03,2026-06-03,2025-03-31,2026-03-20,GRP-IE-KS-1,C,9,Y,N,AA,Y,N,,,,,,,,IE-631657,0,Y,"L:5|7AA-0AA/0A,7.5|9.5AA-0AA/0A,10|12AA-0AA/0A,12.5|14.5AA-0AA/0A,15|17AA-0AA/0A,17.5|19.5AA-0AA/0A,20|22AA-0AA/0A,44X;A:5|7AA-0AA/0A,7.5|9.5AA-0AA/0A,10|12AA-0AA/0A,12.5|14.5AA-0AA/0A,15|17AA-0AA/0A,17.5|19.5AA-0AA/0A,20|22AA-0AA/0A,44X",20,,<CarOver24Hrs>N</CarOver24Hrs><FlexPKGProfile>N</FlexPKGProfile>,Y,1900-01-01,Smith_K,2025-03-31 00:00:00.000,Mahoney_he,2025-05-23 16:24:48.943,2025-05-24 06:26:39.947,2025-07-25 04:41:47.517,2025-05-24 06:26:39.947,0
16119,633835,"2026 Best of Spain - 9 Days/8 Nights - Christian Tours - October 4, 2026",Multi-Pending,"2026 Best of Spain - 9 Days/8 Nights - Christian Tours - October 4, 2026",2026-10-04,2026-10-04,2010-01-01,2026-12-31,SCH-ES-BSA,C,9,Y,N,AA/AAA,Y,N,,<Main><AirOffset>1</AirOffset><FromCity>NYC</FromCity><ToCity>MAD</ToCity><ReturnFromCity>BCN</ReturnFromCity><ReturnToCity>NYC</ReturnToCity><AirReturnOffset></AirReturnOffset></Main><AIWhoStamp>Lyons_S</AIWhoStamp><AIDateStamp>2024-03-06 15:52:30.000</AIDateStamp>,,,<Pre><Service><ProductCode>ESPRENIGHTS</ProductCode><SupplierID>ES-MAD-RDM</SupplierID><ServiceID>STD-SBB</ServiceID></Service></Pre>,,,BSA26,0,N,,26,,"<CarOver24Hrs>N</CarOver24Hrs><PrefCommMethod></PrefCommMethod><Destination>SVQ,MAD,GRX,BCN,VLC</Destination><FlexPKGProfile>N</FlexPKGProfile>",Y,1900-01-01,doig_l,2025-05-01 00:00:00.000,Davies_Ja,2025-05-01 14:20:03.207,2025-05-01 00:00:00.000,2025-07-25 04:41:47.517,2025-05-02 04:23:56.197,0
16820,633835,"2026 Best of Spain- 9 Days/8 Nights- Christian Tours- October 4, 2026",Active,"2026 Best of Spain- 9 Days/8 Nights- Christian Tours- October 4, 2026",2026-10-04,2026-10-04,2010-01-01,2026-12-31,SCH-ES-BSA,C,9,Y,N,AA/AAA,Y,N,,<Main><AirOffset>1</AirOffset><FromCity>NYC</FromCity><ToCity>MAD</ToCity><ReturnFromCity>BCN</ReturnFromCity><ReturnToCity>NYC</ReturnToCity><AirReturnOffset></AirReturnOffset></Main><AIWhoStamp>Lyons_S</AIWhoStamp><AIDateStamp>2024-03-06 15:52:30.000</AIDateStamp>,,,<Pre><Service><ProductCode>ESPRENIGHTS</ProductCode><SupplierID>ES-MAD-RDM</SupplierID><ServiceID>STD-SBB</ServiceID></Service></Pre>,,,BSA26,0,N,,24,,"<CarOver24Hrs>N</CarOver24Hrs><PrefCommMethod></PrefCommMethod><Destination>SVQ,MAD,GRX,BCN,VLC</Destination><FlexPKGProfile>N</FlexPKGProfile>",Y,1900-01-01,doig_l,2025-05-01 00:00:00.000,doig_l,2025-05-15 17:33:41.727,2025-05-16 06:42:01.470,2025-05-23 06:30:57.903,2025-05-16 06:42:01.470,0
17272,633835,"2026 Best of Spain- 9 Days/8 Nights- Christian Tours- October 4, 2026",Active,"2026 Best of Spain- 9 Days/8 Nights- Christian Tours- October 4, 2026",2026-10-04,2026-10-04,2010-01-01,2026-12-31,SCH-ES-BSA,C,9,Y,N,AA/AAA,Y,N,,<Main><AirOffset>1</AirOffset><FromCity>NYC</FromCity><ToCity>MAD</ToCity><ReturnFromCity>BCN</ReturnFromCity><ReturnToCity>NYC</ReturnToCity><AirReturnOffset></AirReturnOffset></Main><AIWhoStamp>Lyons_S</AIWhoStamp><AIDateStamp>2024-03-06 15:52:30.000</AIDateStamp>,,,<Pre><Service><ProductCode>ESPRENIGHTS</ProductCode><SupplierID>ES-MAD-RDM</SupplierID><ServiceID>STD-SBB</ServiceID></Service></Pre>,,,BSA26,0,N,,24,,"<CarOver24Hrs>N</CarOver24Hrs><PrefCommMethod></PrefCommMethod><Destination>SVQ,MAD,GRX,BCN,VLC</Destination><FlexPKGProfile>N</FlexPKGProfile>",Y,1900-01-01,doig_l,2025-05-01 00:00:00.000,Lyons_S,2025-05-22 14:59:16.497,2025-05-23 06:31:23.863,2025-06-09 05:01:33.147,2025-05-23 06:31:23.863,0
16120,633878,"2026 Scottish Isles & Glens - 13 Days/12 Nights - Oasis Travel Network - August 10, 2026",Multi-Pending,"2026 Scottish Isles & Glens - 13 Days/12 Nights - Oasis Travel Network - August 10, 2026",2026-08-10,2026-08-10,2010-01-01,2026-12-31,SCH-GB-SIA,C,13,Y,N,AA/AAA,Y,N,,<Main><AirOffset>1</AirOffset><FromCity>NYC</FromCity><ToCity>EDI</ToCity><ReturnFromCity>EDI</ReturnFromCity><ReturnToCity>NYC</ReturnToCity><AirReturnOffset></AirReturnOffset></Main><AIWhoStamp>Biggins_Tr</AIWhoStamp><AIDateStamp>2022-09-06 11:50:21.000</AIDateStamp>,,,<Pre><Service><ProductCode>UKPRENIGHTS</ProductCode><SupplierID>GB-GLA-GGH</SupplierID><ServiceID>STD-SBB</ServiceID></Service></Pre>,<Post><Last>Y</Last></Post>,,SIA26,0,N,,12,,"<CarOver24Hrs>N</CarOver24Hrs><PrefCommMethod></PrefCommMethod><Destination>RSS,KIO,EDI,PES,GAI,INV,GLA</Destination><FlexPKGProfile>N</FlexPKGProfile>",Y,1900-01-01,Wilson_N,2025-05-01 00:00:00.000,Davies_Ja,2025-05-01 18:46:53.823,2025-05-01 00:00:00.000,2025-07-25 04:41:47.517,2025-05-02 04:23:56.197,0
16220,633878,"2026 Scottish Isles & Glens - 13 Days/12 Nights - Oasis Travel Network - Mason & Melissa Friends and Family - August 10, 2026",Active,"2026 Scottish Isles & Glens - 13 Days/12 Nights - Oasis Travel Network - Mason & Melissa Friends and Family - August 10, 2026",2026-08-10,2026-08-10,2010-01-01,2026-12-31,SCH-GB-SIA,C,13,Y,N,AA/AAA,Y,N,,<Main><AirOffset>1</AirOffset><FromCity>NYC</FromCity><ToCity>EDI</ToCity><ReturnFromCity>EDI</ReturnFromCity><ReturnToCity>NYC</ReturnToCity><AirReturnOffset></AirReturnOffset></Main><AIWhoStamp>Biggins_Tr</AIWhoStamp><AIDateStamp>2022-09-06 11:50:21.000</AIDateStamp>,,,,,,SIA26,0,N,,12,,"<CarOver24Hrs>N</CarOver24Hrs><PrefCommMethod></PrefCommMethod><Destination>RSS,KIO,EDI,PES,GAI,INV,GLA</Destination><FlexPKGProfile>N</FlexPKGProfile>",Y,1900-01-01,Wilson_N,2025-05-01 00:00:00.000,Wilson_N,2025-05-02 15:37:23.917,2025-05-03 04:35:37.930,2025-07-25 04:41:47.517,2025-05-03 04:35:37.930,0
17273,633878,"2026 Scottish Isles & Glens - 13 Days/12 Nights - Oasis Travel Network - Mason & Melissa Friends and Family - August 10, 2026",Active,"2026 Scottish Isles & Glens - 13 Days/12 Nights - Oasis Travel Network - Mason & Melissa Friends and Family - August 10, 2026",2026-08-10,2026-08-10,2010-01-01,2026-12-31,SCH-GB-SIA,C,13,Y,N,AA/AAA,Y,N,,<Main><AirOffset>1</AirOffset><FromCity>NYC</FromCity><ToCity>EDI</ToCity><ReturnFromCity>EDI</ReturnFromCity><ReturnToCity>NYC</ReturnToCity><AirReturnOffset></AirReturnOffset></Main><AIWhoStamp>Biggins_Tr</AIWhoStamp><AIDateStamp>2022-09-06 11:50:21.000</AIDateStamp>,,,,,,SIA26,0,N,,12,,"<CarOver24Hrs>N</CarOver24Hrs><PrefCommMethod></PrefCommMethod><Destination>RSS,KIO,EDI,PES,GAI,INV,GLA</Destination><FlexPKGProfile>N</FlexPKGProfile>",Y,1900-01-01,Wilson_N,2025-05-01 00:00:00.000,Foster_S,2025-05-22 15:27:32.133,2025-05-23 06:31:23.863,2025-07-25 04:41:47.517,2025-05-23 06:31:23.863,0
17456,633878,"2026 Scottish Isles & Glens - 13 Days/12 Nights - Oasis Travel Network - Mason & Melissa Friends and Family - August 10, 2026",Active,"2026 Scottish Isles & Glens - 13 Days/12 Nights - Oasis Travel Network - Mason & Melissa Friends and Family - August 10, 2026",2026-08-10,2026-08-10,2010-01-01,2026-12-31,SCH-GB-SIA,C,13,Y,N,AA/AAA,Y,N,,<Main><AirOffset>1</AirOffset><FromCity>NYC</FromCity><ToCity>EDI</ToCity><ReturnFromCity>EDI</ReturnFromCity><ReturnToCity>NYC</ReturnToCity><AirReturnOffset></AirReturnOffset></Main><AIWhoStamp>Biggins_Tr</AIWhoStamp><AIDateStamp>2022-09-06 11:50:21.000</AIDateStamp>,,,,,,SIA26,0,N,,12,,"<CarOver24Hrs>N</CarOver24Hrs><PrefCommMethod></PrefCommMethod><Destination>RSS,KIO,EDI,PES,GAI,INV,GLA</Destination><FlexPKGProfile>N</FlexPKGProfile>",Y,1900-01-01,Wilson_N,2025-05-01 00:00:00.000,Lyons_S,2025-05-26 16:37:04.493,2025-05-27 07:14:18.497,2025-07-25 04:41:47.517,2025-05-27 07:14:18.497,0
16286,634018,"2026 Irish Classic - 12 Days/11 Nights - The Nancy Zelem Group - May 23, 2026",Pending,"2026 Irish Classic - 12 Days/11 Nights - The Nancy Zelem Group - May 23, 2026",2026-05-23,2026-05-23,2010-01-01,2026-12-31,SCH-IE-CLA,C,12,Y,N,AA/AAA,Y,N,,<Main><AirOffset>1</AirOffset><FromCity>NYC</FromCity><ToCity>DUB</ToCity><ReturnFromCity>DUB</ReturnFromCity><ReturnToCity>NYC</ReturnToCity></Main>,,,<Pre><First>Y</First></Pre>,,,CLA26,0,N,,11,,"<CarOver24Hrs>N</CarOver24Hrs><PrefCommMethod></PrefCommMethod><Destination>ANT,KER,WAT,DER,DUB,MAY,LIM</Destination><FlexPKGProfile>N</FlexPKGProfile>",Y,1900-01-01,Wilson_N,2025-05-05 00:00:00.000,Davies_Ja,2025-05-05 15:57:14.940,2025-05-05 00:00:00.000,2025-05-30 06:58:13.120,2025-05-06 04:34:49.337,0
17796,634018,"2026 Irish Classic - 12 Days/11 Nights - The Nancy Zelem Group - May 23, 2026",Pending,"2026 Irish Classic - 12 Days/11 Nights - The Nancy Zelem Group - May 23, 2026",2026-05-23,2026-05-23,2010-01-01,2026-12-31,SCH-IE-CLA,C,12,Y,N,AA/AAA,Y,N,,<Main><AirOffset>1</AirOffset><FromCity>NYC</FromCity><ToCity>DUB</ToCity><ReturnFromCity>DUB</ReturnFromCity><ReturnToCity>NYC</ReturnToCity></Main>,,,<Pre><First>Y</First></Pre>,,,CLA26,0,N,,11,,"<CarOver24Hrs>N</CarOver24Hrs><PrefCommMethod></PrefCommMethod><Destination>ANT,KER,WAT,DER,DUB,MAY,LIM</Destination><FlexPKGProfile>N</FlexPKGProfile>",Y,1900-01-01,Wilson_N,2025-05-05 00:00:00.000,byrne_dr,2025-05-29 12:32:53.163,2025-05-30 06:58:40.317,2025-06-06 08:10:07.670,2025-05-30 06:58:40.317,0
16287,634059,"2025 Ireland South Daytripper - 8 Days/7 Nights - Waves Your Needs in Travel - October 12, 2025",Pending,"2025 Ireland South Daytripper - 8 Days/7 Nights - Waves Your Needs in Travel - October 12, 2025",2025-10-12,2025-10-12,2010-01-01,2025-12-31,SCH-IE-IDA,C,8,Y,N,AA,Y,N,,<Main><AirOffset>1</AirOffset><FromCity>NYC</FromCity><ToCity>SNN</ToCity><ReturnFromCity>DUB</ReturnFromCity><ReturnToCity>NYC</ReturnToCity><AirReturnOffset></AirReturnOffset></Main><AIWhoStamp>Biggins_Tr</AIWhoStamp><AIDateStamp>2020-04-21 17:32:50.000</AIDateStamp>,,,<Pre><First>Y</First></Pre>,<Post><Last>Y</Last></Post>,,IDA25,0,N,,26,,"<CarOver24Hrs>N</CarOver24Hrs><PrefCommMethod></PrefCommMethod><Destination>LIM,DUB</Destination><FlexPKGProfile>N</FlexPKGProfile>",Y,1900-01-01,doig_l,2025-05-05 00:00:00.000,Davies_Ja,2025-05-05 21:00:38.950,2025-05-05 00:00:00.000,2025-07-25 04:41:47.517,2025-05-06 04:34:49.337,0
16288,634081,"2026 Taste of Italy with Sorrento - 10 Days/9 Nights - Holiday Travel - August 30, 2026",Pending,"2026 Taste of Italy with Sorrento - 10 Days/9 Nights - Holiday Travel - August 30, 2026",2026-08-30,2026-08-30,2010-01-01,2026-12-31,SCH-IT-ITT,C,10,Y,N,AA/AAA,Y,N,,<Main><AirOffset>1</AirOffset><FromCity>NYC</FromCity><ToCity>VCE</ToCity><ReturnFromCity>NAP</ReturnFromCity><ReturnToCity>NYC</ReturnToCity><AirReturnOffset></AirReturnOffset></Main><AIWhoStamp>McInerney_M</AIWhoStamp><AIDateStamp>2019-06-21 09:20:08.000</AIDateStamp>,,,<Pre><First>Y</First></Pre>,<Post><Last>Y</Last></Post>,,ITT26,0,N,,25,,"<CarOver24Hrs>N</CarOver24Hrs><PrefCommMethod></PrefCommMethod><Destination>ROM,RRO,VCE,FLR</Destination><FlexPKGProfile>N</FlexPKGProfile>",Y,1900-01-01,Markle_M,2025-05-05 00:00:00.000,Davies_Ja,2025-05-05 22:09:37.677,2025-05-05 00:00:00.000,2025-07-25 04:41:47.517,2025-05-06 04:34:49.337,0
16521,634081,"2026 Taste of Italy with Sorrento - 10 Days/9 Nights - Holiday Travel - August 30, 2026",Pending,"2026 Taste of Italy with Sorrento - 10 Days/9 Nights - Holiday Travel - August 30, 2026",2026-08-30,2026-08-30,2010-01-01,2026-12-31,SCH-IT-ITT,C,10,Y,N,AA/AAA,Y,N,,<Main><AirOffset>1</AirOffset><FromCity>NYC</FromCity><ToCity>VCE</ToCity><ReturnFromCity>NAP</ReturnFromCity><ReturnToCity>NYC</ReturnToCity><AirReturnOffset></AirReturnOffset></Main><AIWhoStamp>McInerney_M</AIWhoStamp><AIDateStamp>2019-06-21 09:20:08.000</AIDateStamp>,,,<Pre><First>Y</First></Pre>,<Post><Last>Y</Last></Post>,,ITT26,0,N,,25,,"<CarOver24Hrs>N</CarOver24Hrs><PrefCommMethod></PrefCommMethod><Destination>ROM,RRO,VCE,FLR</Destination><FlexPKGProfile>N</FlexPKGProfile>",Y,1900-01-01,Markle_M,2025-05-05 00:00:00.000,Tancred_E,2025-05-09 16:18:38.097,2025-05-10 04:34:51.893,2025-07-25 04:41:47.517,2025-05-10 04:34:51.893,0
17797,634081,"2026 Taste of Italy with Sorrento - 10 Days/9 Nights - Holiday Travel - August 30, 2026",Pending,"2026 Taste of Italy with Sorrento - 10 Days/9 Nights - Holiday Travel - August 30, 2026",2026-08-30,2026-08-30,2010-01-01,2026-12-31,SCH-IT-ITT,C,10,Y,N,AA/AAA,Y,N,,<Main><AirOffset>1</AirOffset><FromCity>NYC</FromCity><ToCity>VCE</ToCity><ReturnFromCity>NAP</ReturnFromCity><ReturnToCity>NYC</ReturnToCity><AirReturnOffset></AirReturnOffset></Main><AIWhoStamp>McInerney_M</AIWhoStamp><AIDateStamp>2019-06-21 09:20:08.000</AIDateStamp>,,,<Pre><First>Y</First></Pre>,<Post><Last>Y</Last></Post>,,ITT26,0,N,,25,,"<CarOver24Hrs>N</CarOver24Hrs><PrefCommMethod></PrefCommMethod><Destination>ROM,RRO,VCE,FLR</Destination><FlexPKGProfile>N</FlexPKGProfile>",Y,1900-01-01,Markle_M,2025-05-05 00:00:00.000,Lyons_S,2025-05-29 14:22:35.780,2025-05-30 06:58:40.317,2025-07-25 04:41:47.517,2025-05-30 06:58:40.317,0
14881,IE-TRANSPORT-CHAUFFEUR,Private Driver Vehicles (IE) - Irish Chauffeur Vehicles,Internal,Private Driver Vehicles (IE) - Irish Chauffeur Vehicles,2010-01-01,2029-12-31,2009-11-03,2029-12-31,CHA-IE-HTL,L,0,N,N,N,Y,N,,,,,,,,,,N,,,,<CarOver24Hrs>N</CarOver24Hrs><FlexPKGProfile>N</FlexPKGProfile><PrefCommMethod></PrefCommMethod><Destination></Destination>,Y,1900-01-01,Perlinger_G,2019-11-13 00:00:00.000,Whelan_Dar,2025-03-19 07:24:19.360,2019-11-13 00:00:00.000,9999-12-31 00:00:00.000,2025-04-08 08:40:08.187,1
14882,IE-VST-CHA,Private Driver Experiences (IE) - Irish Visits & Admissions,Internal,Private Driver Experiences (IE) - Irish Visits & Admissions,2010-01-01,2025-12-31,2009-11-10,2025-12-31,CHA-IE-HTL,L,0,N,N,N,Y,N,,,,,,,,,,N,,,,<CarOver24Hrs>N</CarOver24Hrs><FlexPKGProfile>N</FlexPKGProfile><PrefCommMethod></PrefCommMethod><Destination></Destination>,Y,1900-01-01,McInerney_M,2016-06-03 00:00:00.000,Whelan_Dar,2025-04-04 09:27:29.750,2016-06-03 00:00:00.000,2025-07-25 04:41:47.517,2025-04-08 08:40:08.187,0
14883,IE-ZAU-18-8D,2018 Irischer Zauber 8-Tagige Busrundreise,Closed,2018 Irischer Zauber 8-Tagige Busrundreise,2018-01-01,2018-12-31,2016-01-01,2018-12-31,SCH-IE-ZAU,T,8,Y,N,N,Y,N,,<AIWhoStamp>DouglasP</AIWhoStamp><AIDateStamp>2016-02-11 15:48:40.000</AIDateStamp>,"DUB,",,<Service><ProductCode>IEPRENIGHTS</ProductCode><SupplierID>IE-DUB-BHD</SupplierID><ServiceID>STD-SBB</ServiceID></Service><Duration>1</Duration>,<Service><ProductCode>IEPRENIGHTS</ProductCode><SupplierID>IE-DUB-BHD</SupplierID><ServiceID>STD-SBB</ServiceID></Service><Duration>1</Duration>,,ZAU18,0,N,"L:15|15AA-0AA/0A,30X;A:15|15AA-0AA/0A,30X",30,,<CarOver24Hrs>N</CarOver24Hrs><FlexPKGProfile>N</FlexPKGProfile>,Y,1900-01-01,Biggins_Tr,2016-08-04 00:00:00.000,Tsao_R,2020-01-09 16:00:29.917,2016-08-04 00:00:00.000,9999-12-31 00:00:00.000,2025-04-08 08:40:08.187,1
14884,IE-ZAU-19-8D,2019 Irischer Zauber 8-Tagige Busrundreise,Internal,2019 Irischer Zauber 8-Tagige Busrundreise,2019-01-01,2019-12-31,2017-01-01,2019-12-31,SCH-IE-ZAU,T,8,Y,N,N,Y,N,,<AIWhoStamp>DouglasP</AIWhoStamp><AIDateStamp>2016-02-11 15:48:40.000</AIDateStamp>,"DUB,",,<Service><ProductCode>IEPRENIGHTS</ProductCode><SupplierID>IE-DUB-BHD</SupplierID><ServiceID>STD-SBB</ServiceID></Service>,<Service><ProductCode>IEPRENIGHTS</ProductCode><SupplierID>IE-DUB-BHD</SupplierID><ServiceID>STD-SBB</ServiceID></Service>,,ZAU19,0,N,"L:15|15AA-0AA/0A,30X;A:15|15AA-0AA/0A,30X",30,,<CarOver24Hrs>N</CarOver24Hrs><FlexPKGProfile>N</FlexPKGProfile>,Y,1900-01-01,Biggins_Tr,2017-06-14 00:00:00.000,Stynes_A,2019-04-24 10:13:27.113,2017-06-14 00:00:00.000,9999-12-31 00:00:00.000,2025-04-08 08:40:08.187,1
14885,IE-ZAU-20-8D,2020 Irischer Zauber 8-Tagige Busrundreise,Internal,2020 Irischer Zauber 8-Tagige Busrundreise,2020-01-01,2020-12-31,2018-01-01,2020-12-31,SCH-IE-ZAU,T,8,Y,N,N,Y,N,,<AIWhoStamp>DouglasP</AIWhoStamp><AIDateStamp>2016-02-11 15:48:40.000</AIDateStamp>,"DUB,",,<Service><ProductCode>IEPRENIGHTS</ProductCode><SupplierID>IE-DUB-BHD</SupplierID><ServiceID>STD-SBB</ServiceID></Service>,<Service><ProductCode>IEPRENIGHTS</ProductCode><SupplierID>IE-DUB-BHD</SupplierID><ServiceID>STD-SBB</ServiceID></Service>,,ZAU20,0,N,"L:17|20.5AA-0AA/0A,41X;A:17|20.5AA-0AA/0A,41X",41,,<CarOver24Hrs>N</CarOver24Hrs><FlexPKGProfile>N</FlexPKGProfile>,Y,1900-01-01,Tsao_R,2018-07-24 00:00:00.000,Coade_L,2020-03-05 22:35:49.333,2018-07-24 00:00:00.000,9999-12-31 00:00:00.000,2025-04-08 08:40:08.187,1
13536,627928,"2026 Taste of Ireland (Tour A) - 7 Days/6 Nights - Taylored Tours - March 15, 2026",Expired,"2026 Taste of Ireland (Tour A) - 7 Days/6 Nights - Taylored Tours - March 15, 2026",2026-03-15,2026-03-15,2010-01-01,2026-12-31,SCH-IE-TAA,C,7,Y,N,AA/AAA,Y,N,,<Main><AirOffset>1</AirOffset><FromCity>NYC</FromCity><ToCity>DUB</ToCity><ReturnFromCity>DUB</ReturnFromCity><ReturnToCity>NYC</ReturnToCity></Main>,,,<Pre><First>Y</First></Pre>,<Post><Last>Y</Last></Post>,,TAA26,0,N,,26,,"<CarOver24Hrs>N</CarOver24Hrs><PrefCommMethod></PrefCommMethod><Destination>LIM,DUB,KER</Destination><FlexPKGProfile>N</FlexPKGProfile>",Y,1900-01-01,Wilson_N,2025-02-18 00:00:00.000,Douglas_P,2025-03-28 11:31:17.847,2025-02-18 00:00:00.000,2025-08-12 05:13:27.650,2025-04-08 08:40:08.187,0
13537,627962,"2026  Irish Gold - 9 Days/8 Nights - Moostash Joe Tours - August 23, 2026",Active,"2026  Irish Gold - 9 Days/8 Nights - Moostash Joe Tours - August 23, 2026",2026-08-23,2026-08-23,2010-01-01,2026-12-31,SCH-IE-GOA,C,9,Y,N,AA/AAA,Y,N,,<Main><AirOffset>1</AirOffset><FromCity>NYC</FromCity><ToCity>DUB</ToCity><ReturnFromCity>DUB</ReturnFromCity><ReturnToCity>NYC</ReturnToCity></Main>,,,<Pre><First>Y</First></Pre>,<Post><Last>Y</Last></Post>,,GOA26,0,N,,32,,"<CarOver24Hrs>N</CarOver24Hrs><PrefCommMethod></PrefCommMethod><Destination>WAT,GAL,DUB,KER</Destination><FlexPKGProfile>N</FlexPKGProfile>",Y,1900-01-01,Markle_M,2025-02-18 00:00:00.000,Lyons_S,2025-03-11 20:31:13.390,2025-02-18 00:00:00.000,2025-07-05 06:00:59.987,2025-04-08 08:40:08.187,0
13538,627965,"2026 Irish Adventure - 9 Days/8 Nights - Summer Solutions Travel - March 23, 2026",Active,"2026 Irish Adventure - 9 Days/8 Nights - Summer Solutions Travel - March 23, 2026",2026-03-23,2026-03-23,2010-01-01,2026-12-31,SCH-IE-ADA,C,9,Y,N,AA/AAA,Y,N,,<Main><AirOffset>1</AirOffset><FromCity>NYC</FromCity><ToCity>DUB</ToCity><ReturnFromCity>DUB</ReturnFromCity><ReturnToCity>NYC</ReturnToCity></Main>,,,<Pre><First>Y</First></Pre>,<Post><Last>Y</Last></Post>,,ADA26,0,N,,26,,"<CarOver24Hrs>N</CarOver24Hrs><PrefCommMethod></PrefCommMethod><Destination>DUB,WAT,GAL,DER,KER</Destination><FlexPKGProfile>N</FlexPKGProfile>",Y,1900-01-01,Markle_M,2025-02-18 00:00:00.000,Markle_M,2025-02-21 17:29:26.870,2025-02-18 00:00:00.000,2025-05-14 06:42:39.163,2025-04-08 08:40:08.187,0
15765,627965,"2026 Irish Adventure - 9 Days/8 Nights - Summer Solutions Travel - March 23, 2026",Active,"2026 Irish Adventure - 9 Days/8 Nights - Summer Solutions Travel - March 23, 2026",2026-03-23,2026-03-23,2010-01-01,2026-12-31,SCH-IE-ADA,C,9,Y,N,AA/AAA,Y,N,,<Main><AirOffset>1</AirOffset><FromCity>NYC</FromCity><ToCity>DUB</ToCity><ReturnFromCity>DUB</ReturnFromCity><ReturnToCity>NYC</ReturnToCity></Main>,,,<Pre><First>Y</First></Pre>,<Post><Last>Y</Last></Post>,,ADA26,0,N,,26,,"<CarOver24Hrs>N</CarOver24Hrs><PrefCommMethod></PrefCommMethod><Destination>DUB,WAT,GAL,DER,KER</Destination><FlexPKGProfile>N</FlexPKGProfile>",Y,1900-01-01,Markle_M,2025-02-18 00:00:00.000,Lyons_S,2025-04-23 16:28:59.583,2025-04-28 19:00:19.260,2025-05-14 06:42:39.163,2025-04-28 19:00:19.260,0
16655,627965,"2026 Irish Adventure - 9 Days/8 Nights - Summer Solutions Travel - March 23, 2026",Active,"2026 Irish Adventure - 9 Days/8 Nights - Summer Solutions Travel - March 23, 2026",2026-03-23,2026-03-23,2010-01-01,2026-12-31,SCH-IE-ADA,C,9,Y,N,AA/AAA,Y,N,,<Main><AirOffset>1</AirOffset><FromCity>NYC</FromCity><ToCity>DUB</ToCity><ReturnFromCity>DUB</ReturnFromCity><ReturnToCity>NYC</ReturnToCity></Main>,,,<Pre><First>Y</First></Pre>,<Post><Last>Y</Last></Post>,,ADA26,0,N,,26,,"<CarOver24Hrs>N</CarOver24Hrs><PrefCommMethod></PrefCommMethod><Destination>DUB,WAT,GAL,DER,KER</Destination><FlexPKGProfile>N</FlexPKGProfile>",Y,1900-01-01,Markle_M,2025-02-18 00:00:00.000,Stynes_A,2025-05-13 14:19:58.707,2025-05-14 06:43:12.710,2025-07-29 04:43:22.807,2025-05-14 06:43:12.710,0
13539,627968,"2025 Scottish & Irish Sampler - 7 Days/6 Nights - Gallagher Travel Shoppe - October 12, 2025",Pending,"2025 Scottish & Irish Sampler - 7 Days/6 Nights - Gallagher Travel Shoppe - October 12, 2025",2025-10-12,2025-10-12,2010-01-01,2025-12-31,SCH-GB-CSA,C,7,Y,N,AA/AAA,Y,N,,<Main><AirOffset>1</AirOffset><FromCity>NYC</FromCity><ToCity>EDI</ToCity><ReturnFromCity>DUB</ReturnFromCity><ReturnToCity>NYC</ReturnToCity><AirReturnOffset></AirReturnOffset></Main><AIWhoStamp>Biggins_Tr</AIWhoStamp><AIDateStamp>2023-02-10 12:02:26.000</AIDateStamp>,,,<Pre><First>Y</First></Pre>,<Post><Last>Y</Last></Post>,,CSA25,0,N,,12,,"<CarOver24Hrs>N</CarOver24Hrs><PrefCommMethod></PrefCommMethod><Destination>DUB,BEL,EDI</Destination><FlexPKGProfile>N</FlexPKGProfile>",Y,1900-01-01,doig_l,2025-02-18 00:00:00.000,Davies_Ja,2025-02-18 18:47:32.580,2025-02-18 00:00:00.000,2025-07-25 04:41:47.517,2025-04-08 08:40:08.187,0
16161,627968,"2025 Scottish & Irish Sampler - 7 Days/6 Nights - Gallagher Travel Shoppe - October 12, 2025",Pending,"2025 Scottish & Irish Sampler - 7 Days/6 Nights - Gallagher Travel Shoppe - October 12, 2025",2025-10-12,2025-10-12,2010-01-01,2025-12-31,SCH-GB-CSA,C,7,Y,N,AA/AAA,Y,N,,<Main><AirOffset>1</AirOffset><FromCity>NYC</FromCity><ToCity>EDI</ToCity><ReturnFromCity>DUB</ReturnFromCity><ReturnToCity>NYC</ReturnToCity><AirReturnOffset></AirReturnOffset></Main><AIWhoStamp>Biggins_Tr</AIWhoStamp><AIDateStamp>2023-02-10 12:02:26.000</AIDateStamp>,,,<Pre><First>Y</First></Pre>,<Post><Last>Y</Last></Post>,,CSA25,0,N,,12,,"<CarOver24Hrs>N</CarOver24Hrs><PrefCommMethod></PrefCommMethod><Destination>DUB,BEL,EDI</Destination><FlexPKGProfile>N</FlexPKGProfile>",Y,1900-01-01,doig_l,2025-02-18 00:00:00.000,Lyons_S,2025-05-02 10:47:00.520,2025-05-03 04:35:37.930,2025-07-25 04:41:47.517,2025-05-03 04:35:37.930,0
16328,627968,"2025 Scottish & Irish Sampler - 7 Days/6 Nights - Gallagher Travel Shoppe - October 12, 2025",Expired,"2025 Scottish & Irish Sampler - 7 Days/6 Nights - Gallagher Travel Shoppe - October 12, 2025",2025-10-12,2025-10-12,2010-01-01,2025-12-31,SCH-GB-CSA,C,7,Y,N,AA/AAA,Y,N,,<Main><AirOffset>1</AirOffset><FromCity>NYC</FromCity><ToCity>EDI</ToCity><ReturnFromCity>DUB</ReturnFromCity><ReturnToCity>NYC</ReturnToCity><AirReturnOffset></AirReturnOffset></Main><AIWhoStamp>Biggins_Tr</AIWhoStamp><AIDateStamp>2023-02-10 12:02:26.000</AIDateStamp>,,,<Pre><First>Y</First></Pre>,<Post><Last>Y</Last></Post>,,CSA25,0,N,,12,,"<CarOver24Hrs>N</CarOver24Hrs><PrefCommMethod></PrefCommMethod><Destination>DUB,BEL,EDI</Destination><FlexPKGProfile>N</FlexPKGProfile>",Y,1900-01-01,doig_l,2025-02-18 00:00:00.000,Markle_M,2025-05-06 21:53:43.557,2025-05-07 04:32:50.770,9999-12-31 00:00:00.000,2025-05-07 04:32:50.770,1
15285,629311,"2026 Taste of Scotland & Ireland- 11 Days/10 Nights- SJ Travel Peavy- April 28, 2026",Active,"2026 Taste of Scotland & Ireland- 11 Days/10 Nights- SJ Travel Peavy- April 28, 2026",2026-04-28,2026-04-28,2010-01-01,2026-12-31,SCH-GB-SCA,C,11,Y,N,AA/AAA,Y,N,,<Main><AirOffset>1</AirOffset><FromCity>NYC</FromCity><ToCity>EDI</ToCity><ReturnFromCity>DUB</ReturnFromCity><ReturnToCity>NYC</ReturnToCity><AirReturnOffset></AirReturnOffset></Main><AIWhoStamp>Biggins_Tr</AIWhoStamp><AIDateStamp>2022-09-06 17:09:55.000</AIDateStamp>,,,<Pre><Service><ProductCode>UKPRENIGHTS</ProductCode><SupplierID>GB-GLA-GTH</SupplierID><ServiceID>STD-SBB</ServiceID></Service></Pre>,<Post><Last>Y</Last></Post>,,SCA26,0,N,,32,,"<CarOver24Hrs>N</CarOver24Hrs><PrefCommMethod></PrefCommMethod><Destination>GLA,NAI,EDI,KER,DUB,LIM</Destination><FlexPKGProfile>N</FlexPKGProfile>",Y,1900-01-01,doig_l,2025-03-03 00:00:00.000,Lyons_S,2025-04-11 15:30:44.687,2025-04-15 09:44:58.910,2025-05-03 04:35:04.443,2025-04-15 09:44:58.910,0
16169,629311,"2026 Taste of Scotland & Ireland- 11 Days/10 Nights- SJ Travel Peavy- April 28, 2026",Active,"2026 Taste of Scotland & Ireland- 11 Days/10 Nights- SJ Travel Peavy- April 28, 2026",2026-04-28,2026-04-28,2010-01-01,2026-12-31,SCH-GB-SCA,C,11,Y,N,AA/AAA,Y,N,,<Main><AirOffset>1</AirOffset><FromCity>NYC</FromCity><ToCity>EDI</ToCity><ReturnFromCity>DUB</ReturnFromCity><ReturnToCity>NYC</ReturnToCity><AirReturnOffset></AirReturnOffset></Main><AIWhoStamp>Biggins_Tr</AIWhoStamp><AIDateStamp>2022-09-06 17:09:55.000</AIDateStamp>,,,<Pre><Service><ProductCode>UKPRENIGHTS</ProductCode><SupplierID>GB-GLA-GTH</SupplierID><ServiceID>STD-SBB</ServiceID></Service></Pre>,<Post><Last>Y</Last></Post>,,SCA26,0,N,,32,,"<CarOver24Hrs>N</CarOver24Hrs><PrefCommMethod></PrefCommMethod><Destination>GLA,NAI,EDI,KER,DUB,LIM</Destination><FlexPKGProfile>N</FlexPKGProfile>",Y,1900-01-01,doig_l,2025-03-03 00:00:00.000,Stynes_A,2025-05-02 14:25:51.877,2025-05-03 04:35:37.930,2025-08-09 16:06:59.757,2025-05-03 04:35:37.930,0
13620,629356,Cruise Planners,Pending,Cruise Planners,2026-05-03,2026-05-03,2025-03-04,2026-05-03,GRP-GB-BOS-KS,C,12,Y,N,N,Y,N,,,,,,,,GB-629356,0,Y,"L:5|7AA-0AA/0A,7.5|9.5AA-0AA/0A,10|12AA-1AA/0A,12.5|14.5AA-1AA/0A,15|17AA-2AA/0A,17.5|19.5AA-2AA/0A,20|22AA-2AA/0A,22.5|24AA-2AA/0A,48X;A:5|7AA-0AA/0A,7.5|9.5AA-0AA/0A,10|12AA-0AA/0A,12.5|14.5AA-0AA/0A,15|17AA-0AA/0A,17.5|19.5AA-0AA/0A,20|22AA-0AA/0A,22.5|24AA-0AA/0A,48X",15,,<CarOver24Hrs>N</CarOver24Hrs><FlexPKGProfile>N</FlexPKGProfile>,N,1900-01-01,Smith_K,2025-03-04 00:00:00.000,Smith_K,2025-03-04 16:08:32.263,2025-03-04 00:00:00.000,2025-07-25 04:41:47.517,2025-04-08 08:40:08.187,0
16170,629356,Cruise Planners,Expired,Cruise Planners,2026-05-03,2026-05-03,2025-03-04,2026-05-03,GRP-GB-BOS-KS,C,12,Y,N,N,Y,N,,,,,,,,GB-629356,0,Y,"L:5|7AA-0AA/0A,7.5|9.5AA-0AA/0A,10|12AA-1AA/0A,12.5|14.5AA-1AA/0A,15|17AA-2AA/0A,17.5|19.5AA-2AA/0A,20|22AA-2AA/0A,22.5|24AA-2AA/0A,48X;A:5|7AA-0AA/0A,7.5|9.5AA-0AA/0A,10|12AA-0AA/0A,12.5|14.5AA-0AA/0A,15|17AA-0AA/0A,17.5|19.5AA-0AA/0A,20|22AA-0AA/0A,22.5|24AA-0AA/0A,48X",15,,<CarOver24Hrs>N</CarOver24Hrs><FlexPKGProfile>N</FlexPKGProfile>,N,1900-01-01,Smith_K,2025-03-04 00:00:00.000,Smith_K,2025-05-02 19:39:50.090,2025-05-03 04:35:37.930,9999-12-31 00:00:00.000,2025-05-03 04:35:37.930,1
13621,629375,"2026 Taste of Scotland & Ireland - 10 Days/9 Nights - Huck's Tours LLC - May 15, 2026",Multi-Expired,"2026 Taste of Scotland & Ireland - 10 Days/9 Nights - Huck's Tours LLC - May 15, 2026",2026-05-15,2026-05-15,2010-01-01,2026-12-31,SCH-GB-SCA,C,10,Y,N,AA/AAA,Y,N,,<Main><AirOffset>1</AirOffset><FromCity>NYC</FromCity><ToCity>EDI</ToCity><ReturnFromCity>SNN</ReturnFromCity><ReturnToCity>NYC</ReturnToCity><AirReturnOffset></AirReturnOffset></Main><AIWhoStamp>Biggins_Tr</AIWhoStamp><AIDateStamp>2022-09-06 17:00:31.000</AIDateStamp>,,,<Pre><Service><ProductCode>UKPRENIGHTS</ProductCode><SupplierID>GB-GLA-GTH</SupplierID><ServiceID>STD-SBB</ServiceID></Service></Pre>,<Post><Last>Y</Last></Post>,,SCA26,0,N,,44,,"<CarOver24Hrs>N</CarOver24Hrs><PrefCommMethod></PrefCommMethod><Destination>GLA,NAI,EDI,KER,DUB,LIM</Destination><FlexPKGProfile>N</FlexPKGProfile>",Y,1900-01-01,doig_l,2025-03-04 00:00:00.000,doig_l,2025-03-10 20:45:51.120,2025-03-04 00:00:00.000,2025-04-15 09:44:21.330,2025-04-08 08:40:08.187,0
15286,629375,"2026 Taste of Scotland & Ireland - 10 Days/9 Nights - Huck's Tours LLC - May 15, 2026",Multi-Expired,"2026 Taste of Scotland & Ireland - 10 Days/9 Nights - Huck's Tours LLC - May 15, 2026",2026-05-15,2026-05-15,2010-01-01,2026-12-31,SCH-GB-SCA,C,10,Y,N,AA/AAA,Y,N,,<Main><AirOffset>1</AirOffset><FromCity>NYC</FromCity><ToCity>EDI</ToCity><ReturnFromCity>SNN</ReturnFromCity><ReturnToCity>NYC</ReturnToCity><AirReturnOffset></AirReturnOffset></Main><AIWhoStamp>Biggins_Tr</AIWhoStamp><AIDateStamp>2022-09-06 17:00:31.000</AIDateStamp>,,,<Pre><Service><ProductCode>UKPRENIGHTS</ProductCode><SupplierID>GB-GLA-GTH</SupplierID><ServiceID>STD-SBB</ServiceID></Service></Pre>,<Post><Last>Y</Last></Post>,,SCA26,0,N,,44,,"<CarOver24Hrs>N</CarOver24Hrs><PrefCommMethod></PrefCommMethod><Destination>GLA,NAI,EDI,KER,DUB,LIM</Destination><FlexPKGProfile>N</FlexPKGProfile>",Y,1900-01-01,doig_l,2025-03-04 00:00:00.000,Lyons_S,2025-04-11 15:30:44.703,2025-04-15 09:44:58.910,9999-12-31 00:00:00.000,2025-04-15 09:44:58.910,1
15288,629383,"2026 Taste of Scotland & Ireland - 10 Days/9 Nights - AAA Club Alliance - June 16, 2026",Pending,"2026 Taste of Scotland & Ireland - 10 Days/9 Nights - AAA Club Alliance - June 16, 2026",2026-06-16,2026-06-16,2010-01-01,2026-12-31,SCH-GB-SCA,C,10,Y,N,AA/AAA,Y,N,,<Main><AirOffset>1</AirOffset><FromCity>NYC</FromCity><ToCity>EDI</ToCity><ReturnFromCity>SNN</ReturnFromCity><ReturnToCity>NYC</ReturnToCity><AirReturnOffset></AirReturnOffset></Main><AIWhoStamp>Biggins_Tr</AIWhoStamp><AIDateStamp>2022-09-06 17:00:31.000</AIDateStamp>,,,<Pre><Service><ProductCode>UKPRENIGHTS</ProductCode><SupplierID>GB-GLA-GTH</SupplierID><ServiceID>STD-SBB</ServiceID></Service></Pre>,<Post><Last>Y</Last></Post>,,SCA26,0,N,,13,,"<CarOver24Hrs>N</CarOver24Hrs><PrefCommMethod></PrefCommMethod><Destination>GLA,NAI,EDI,KER,DUB,LIM</Destination><FlexPKGProfile>N</FlexPKGProfile>",Y,1900-01-01,doig_l,2025-03-04 00:00:00.000,Lyons_S,2025-04-11 15:30:44.720,2025-04-15 09:44:58.910,2025-07-25 04:41:47.517,2025-04-15 09:44:58.910,0
16172,629383,"2026 Taste of Scotland & Ireland - 10 Days/9 Nights - AAA Club Alliance - June 16, 2026",Expired,"2026 Taste of Scotland & Ireland - 10 Days/9 Nights - AAA Club Alliance - June 16, 2026",2026-06-16,2026-06-16,2010-01-01,2026-12-31,SCH-GB-SCA,C,10,Y,N,AA/AAA,Y,N,,<Main><AirOffset>1</AirOffset><FromCity>NYC</FromCity><ToCity>EDI</ToCity><ReturnFromCity>SNN</ReturnFromCity><ReturnToCity>NYC</ReturnToCity><AirReturnOffset></AirReturnOffset></Main><AIWhoStamp>Biggins_Tr</AIWhoStamp><AIDateStamp>2022-09-06 17:00:31.000</AIDateStamp>,,,<Pre><Service><ProductCode>UKPRENIGHTS</ProductCode><SupplierID>GB-GLA-GTH</SupplierID><ServiceID>STD-SBB</ServiceID></Service></Pre>,<Post><Last>Y</Last></Post>,,SCA26,0,N,,13,,"<CarOver24Hrs>N</CarOver24Hrs><PrefCommMethod></PrefCommMethod><Destination>GLA,NAI,EDI,KER,DUB,LIM</Destination><FlexPKGProfile>N</FlexPKGProfile>",Y,1900-01-01,doig_l,2025-03-04 00:00:00.000,doig_l,2025-05-02 19:03:22.423,2025-05-03 04:35:37.930,2026-01-15 06:51:34.973,2025-05-03 04:35:37.930,0
13624,629384,"2026 Irish Adventure - 8 Days/7 Nights - AAA Club Alliance - June 8, 2026",Pending,"2026 Irish Adventure - 8 Days/7 Nights - AAA Club Alliance - June 8, 2026",2026-06-08,2026-06-08,2010-01-01,2026-12-31,SCH-IE-ADA,C,8,Y,N,AA/AAA,Y,N,,<Main><AirOffset>1</AirOffset><FromCity>NYC</FromCity><ToCity>DUB</ToCity><ReturnFromCity>DUB</ReturnFromCity><ReturnToCity>NYC</ReturnToCity></Main>,,,<Pre><First>Y</First></Pre>,,,ADA26,0,N,,13,,"<CarOver24Hrs>N</CarOver24Hrs><PrefCommMethod></PrefCommMethod><Destination>DUB,WAT,GAL,DER,KER</Destination><FlexPKGProfile>N</FlexPKGProfile>",Y,1900-01-01,doig_l,2025-03-04 00:00:00.000,Caldeira_N,2025-03-04 19:01:44.753,2025-03-04 00:00:00.000,2025-07-25 04:41:47.517,2025-04-08 08:40:08.187,0
15779,629384,"2026 Irish Adventure - 8 Days/7 Nights - AAA Club Alliance - June 8, 2026",Pending,"2026 Irish Adventure - 8 Days/7 Nights - AAA Club Alliance - June 8, 2026",2026-06-08,2026-06-08,2010-01-01,2026-12-31,SCH-IE-ADA,C,8,Y,N,AA/AAA,Y,N,,<Main><AirOffset>1</AirOffset><FromCity>NYC</FromCity><ToCity>DUB</ToCity><ReturnFromCity>DUB</ReturnFromCity><ReturnToCity>NYC</ReturnToCity></Main>,,,<Pre><First>Y</First></Pre>,,,ADA26,0,N,,13,,"<CarOver24Hrs>N</CarOver24Hrs><PrefCommMethod></PrefCommMethod><Destination>DUB,WAT,GAL,DER,KER</Destination><FlexPKGProfile>N</FlexPKGProfile>",Y,1900-01-01,doig_l,2025-03-04 00:00:00.000,Lyons_S,2025-04-23 16:29:27.780,2025-04-28 19:00:19.260,2025-07-25 04:41:47.517,2025-04-28 19:00:19.260,0
16173,629384,"2026 Irish Adventure - 8 Days/7 Nights - AAA Club Alliance - June 8, 2026",Multi-Expired,"2026 Irish Adventure - 8 Days/7 Nights - AAA Club Alliance - June 8, 2026",2026-06-08,2026-06-08,2010-01-01,2026-12-31,SCH-IE-ADA,C,8,Y,N,AA/AAA,Y,N,,<Main><AirOffset>1</AirOffset><FromCity>NYC</FromCity><ToCity>DUB</ToCity><ReturnFromCity>DUB</ReturnFromCity><ReturnToCity>NYC</ReturnToCity></Main>,,,<Pre><First>Y</First></Pre>,,,ADA26,0,N,,13,,"<CarOver24Hrs>N</CarOver24Hrs><PrefCommMethod></PrefCommMethod><Destination>DUB,WAT,GAL,DER,KER</Destination><FlexPKGProfile>N</FlexPKGProfile>",Y,1900-01-01,doig_l,2025-03-04 00:00:00.000,doig_l,2025-05-02 19:04:21.263,2025-05-03 04:35:37.930,2025-12-19 06:30:24.337,2025-05-03 04:35:37.930,0
13625,629402,"2026 Ireland South Daytripper - 7 Days/6 Nights - First Travel Alliance - August 9, 2026",Pending,"2026 Ireland South Daytripper - 7 Days/6 Nights - First Travel Alliance - August 9, 2026",2026-08-09,2026-08-09,2010-01-01,2026-12-31,SCH-IE-IDA,C,7,Y,N,AA,Y,N,,<Main><AirOffset>1</AirOffset><FromCity>NYC</FromCity><ToCity>SNN</ToCity><ReturnFromCity>DUB</ReturnFromCity><ReturnToCity>NYC</ReturnToCity><AirReturnOffset></AirReturnOffset></Main><AIWhoStamp>Biggins_Tr</AIWhoStamp><AIDateStamp>2020-04-21 17:32:50.000</AIDateStamp>,,,<Pre><First>Y</First></Pre>,,,IDA26,0,N,,10,,"<CarOver24Hrs>N</CarOver24Hrs><PrefCommMethod></PrefCommMethod><Destination>LIM,DUB</Destination><FlexPKGProfile>N</FlexPKGProfile>",Y,1900-01-01,Wilson_N,2025-03-04 00:00:00.000,Lyons_S,2025-03-11 20:45:29.880,2025-03-04 00:00:00.000,2025-06-18 05:51:19.710,2025-04-08 08:40:08.187,0
13628,629434,"2025 Irish Adventure - 8 Days/7 Nights - The Holloway Group - September 17, 2025",Active,"2025 Irish Adventure - 8 Days/7 Nights - The Holloway Group - September 17, 2025",2025-09-17,2025-09-17,2010-01-01,2025-12-31,SCH-IE-ADA,C,8,Y,N,AA/AAA,Y,N,,<Main><AirOffset>1</AirOffset><FromCity>NYC</FromCity><ToCity>DUB</ToCity><ReturnFromCity>DUB</ReturnFromCity><ReturnToCity>NYC</ReturnToCity></Main>,,,<Pre><First>Y</First></Pre>,,,ADA25,0,N,,10,,"<CarOver24Hrs>N</CarOver24Hrs><PrefCommMethod></PrefCommMethod><Destination>DUB,WAT,GAL,DER,KER</Destination><FlexPKGProfile>N</FlexPKGProfile>",Y,1900-01-01,Wilson_N,2025-03-04 00:00:00.000,Wilson_N,2025-03-10 20:18:45.037,2025-03-04 00:00:00.000,2025-07-25 04:41:47.517,2025-04-08 08:40:08.187,0
13629,629466,"2026 Taste of Ireland (Tour A) - 7 Days/6 Nights - Gem City Travel - August 2, 2026",Pending,"2026 Taste of Ireland (Tour A) - 7 Days/6 Nights - Gem City Travel - August 2, 2026",2026-08-02,2026-08-02,2010-01-01,2026-12-31,SCH-IE-TAA,C,7,Y,N,AA/AAA,Y,N,,<Main><AirOffset>1</AirOffset><FromCity>NYC</FromCity><ToCity>DUB</ToCity><ReturnFromCity>DUB</ReturnFromCity><ReturnToCity>NYC</ReturnToCity></Main>,,,<Pre><First>Y</First></Pre>,<Post><Last>Y</Last></Post>,,TAA26,0,N,,20,,"<CarOver24Hrs>N</CarOver24Hrs><PrefCommMethod></PrefCommMethod><Destination>LIM,DUB,KER</Destination><FlexPKGProfile>N</FlexPKGProfile>",Y,1900-01-01,Wilson_N,2025-03-05 00:00:00.000,Douglas_P,2025-03-28 11:31:18.097,2025-03-05 00:00:00.000,2025-07-25 04:41:47.517,2025-04-08 08:40:08.187,0
16993,629466,"2026 Taste of Ireland (Tour A) - 7 Days/6 Nights - Gem City Travel - August 2, 2026",Pending,"2026 Taste of Ireland (Tour A) - 7 Days/6 Nights - Gem City Travel - August 2, 2026",2026-08-02,2026-08-02,2010-01-01,2026-12-31,SCH-IE-TAA,C,7,Y,N,AA/AAA,Y,N,,<Main><AirOffset>1</AirOffset><FromCity>NYC</FromCity><ToCity>DUB</ToCity><ReturnFromCity>DUB</ReturnFromCity><ReturnToCity>NYC</ReturnToCity></Main>,,,<Pre><First>Y</First></Pre>,<Post><Last>Y</Last></Post>,,TAA26,0,N,,20,,"<CarOver24Hrs>N</CarOver24Hrs><PrefCommMethod></PrefCommMethod><Destination>LIM,DUB,KER</Destination><FlexPKGProfile>N</FlexPKGProfile>",Y,1900-01-01,Wilson_N,2025-03-05 00:00:00.000,Stynes_A,2025-05-20 14:25:16.190,2025-05-21 06:42:32.540,2025-07-25 04:41:47.517,2025-05-21 06:42:32.540,0
17549,629466,"2026 Taste of Ireland (Tour A) - 7 Days/6 Nights - Gem City Travel - July 26, 2026",Pending,"2026 Taste of Ireland (Tour A) - 7 Days/6 Nights - Gem City Travel - July 26, 2026",2026-07-26,2026-07-26,2010-01-01,2026-07-26,SCH-IE-TAA,C,7,Y,N,AA/AAA,Y,N,,<Main><AirOffset>1</AirOffset><FromCity>NYC</FromCity><ToCity>DUB</ToCity><ReturnFromCity>DUB</ReturnFromCity><ReturnToCity>NYC</ReturnToCity></Main>,,,<Pre><First>Y</First></Pre>,<Post><Last>Y</Last></Post>,,TAA26,0,N,,20,,"<CarOver24Hrs>N</CarOver24Hrs><PrefCommMethod></PrefCommMethod><Destination>LIM,DUB,KER</Destination><FlexPKGProfile>N</FlexPKGProfile>",Y,1900-01-01,Wilson_N,2025-03-05 00:00:00.000,Davies_Ja,2025-05-27 17:38:38.503,2025-05-28 07:01:18.080,2025-06-08 05:25:39.740,2025-05-28 07:01:18.080,0
13630,629467,"2026 Irish Adventure - 8 Days/7 Nights - Gem City Travel - July 31, 2026",Multi-Expired,"2026 Irish Adventure - 8 Days/7 Nights - Gem City Travel - July 31, 2026",2026-07-31,2026-07-31,2010-01-01,2026-12-31,SCH-IE-ADA,C,8,Y,N,AA/AAA,Y,N,,<Main><AirOffset>1</AirOffset><FromCity>NYC</FromCity><ToCity>DUB</ToCity><ReturnFromCity>DUB</ReturnFromCity><ReturnToCity>NYC</ReturnToCity></Main>,,,<Pre><First>Y</First></Pre>,,,ADA26,0,N,,20,,"<CarOver24Hrs>N</CarOver24Hrs><PrefCommMethod></PrefCommMethod><Destination>DUB,WAT,GAL,DER,KER</Destination><FlexPKGProfile>N</FlexPKGProfile>",Y,1900-01-01,Wilson_N,2025-03-05 00:00:00.000,Wilson_N,2025-03-11 14:27:23.033,2025-03-05 00:00:00.000,2025-04-28 18:59:10.807,2025-04-08 08:40:08.187,0
15781,629467,"2026 Irish Adventure - 8 Days/7 Nights - Gem City Travel - July 31, 2026",Multi-Expired,"2026 Irish Adventure - 8 Days/7 Nights - Gem City Travel - July 31, 2026",2026-07-31,2026-07-31,2010-01-01,2026-12-31,SCH-IE-ADA,C,8,Y,N,AA/AAA,Y,N,,<Main><AirOffset>1</AirOffset><FromCity>NYC</FromCity><ToCity>DUB</ToCity><ReturnFromCity>DUB</ReturnFromCity><ReturnToCity>NYC</ReturnToCity></Main>,,,<Pre><First>Y</First></Pre>,,,ADA26,0,N,,20,,"<CarOver24Hrs>N</CarOver24Hrs><PrefCommMethod></PrefCommMethod><Destination>DUB,WAT,GAL,DER,KER</Destination><FlexPKGProfile>N</FlexPKGProfile>",Y,1900-01-01,Wilson_N,2025-03-05 00:00:00.000,Lyons_S,2025-04-23 16:29:27.780,2025-04-28 19:00:19.260,9999-12-31 00:00:00.000,2025-04-28 19:00:19.260,1
13631,629526,Italy - The Travel Agent Next Door,Pending,Italy - The Travel Agent Next Door,2026-05-01,2026-05-01,2025-03-05,2026-05-01,GRP-EU-KS,C,14,Y,N,N,Y,N,,,,,,,,EU-629526,0,Y,"L:5|7AA-0AA/0A,7.5|9.5AA-0AA/0A,10|12AA-0AA/0A,12.5|14.5AA-0AA/0A,15|17AA-0AA/0A,17.5|19.5AA-0AA/0A,20|22AA-0AA/0A,22.5|24AA-0AA/0A,48X;A:5|7AA-0AA/0A,7.5|9.5AA-0AA/0A,10|12AA-0AA/0A,12.5|14.5AA-0AA/0A,15|17AA-0AA/0A,17.5|19.5AA-0AA/0A,20|22AA-0AA/0A,22.5|24AA-0AA/0A,48X",20,,<CarOver24Hrs>N</CarOver24Hrs><FlexPKGProfile>N</FlexPKGProfile>,N,1900-01-01,Smith_K,2025-03-05 00:00:00.000,Smith_K,2025-03-05 21:10:44.327,2025-03-05 00:00:00.000,2025-07-30 07:14:27.237,2025-04-08 08:40:08.187,0
13661,629738,"2025 Taste of Scotland - 6 Days/5 Nights - Port to Runway Travel - July 20, 2025",Expired,"2025 Taste of Scotland - 6 Days/5 Nights - Port to Runway Travel - July 20, 2025",2025-07-20,2025-07-20,2010-01-01,2025-12-31,SCH-GB-SCA,C,6,Y,N,AA/AAA,Y,N,,<Main><AirOffset>1</AirOffset><FromCity>NYC</FromCity><ToCity>EDI</ToCity><ReturnFromCity>EDI</ReturnFromCity><ReturnToCity>NYC</ReturnToCity><AirReturnOffset></AirReturnOffset></Main><AIWhoStamp>Biggins_Tr</AIWhoStamp><AIDateStamp>2022-09-06 17:16:49.000</AIDateStamp>,,,<Pre><Service><ProductCode>UKPRENIGHTS</ProductCode><SupplierID>GB-GLA-GTH</SupplierID><ServiceID>STD-SBB</ServiceID></Service></Pre>,<Post><Last>Y</Last></Post>,,SCA25,0,N,,16,,"<CarOver24Hrs>N</CarOver24Hrs><PrefCommMethod></PrefCommMethod><Destination>GLA,NAI,EDI</Destination><FlexPKGProfile>N</FlexPKGProfile>",Y,1900-01-01,Wilson_N,2025-03-07 00:00:00.000,Wilson_N,2025-03-12 15:56:44.407,2025-03-07 00:00:00.000,2025-07-25 04:41:47.517,2025-04-08 08:40:08.187,0
13662,629744,"2026 Taste of Iceland Coach Tour - 6 Days/5 Nights - Parott Tours - July 5, 2026",Pending,"2026 Taste of Iceland Coach Tour - 6 Days/5 Nights - Parott Tours - July 5, 2026",2026-07-05,2026-07-05,2010-01-01,2026-12-31,SCH-IS-ICT,C,6,Y,N,AA,Y,N,,<Main><AirOffset>1</AirOffset><FromCity>NYC</FromCity><ToCity>REK</ToCity><ReturnFromCity>REK</ReturnFromCity><ReturnToCity>NYC</ReturnToCity><AirReturnOffset></AirReturnOffset></Main><AIWhoStamp>McInerney_M</AIWhoStamp><AIDateStamp>2018-11-29 09:30:09.000</AIDateStamp>,,,<Pre><First>Y</First></Pre>,<Post><Last>Y</Last></Post>,,ICT26,0,N,,10,,"<CarOver24Hrs>N</CarOver24Hrs><PrefCommMethod></PrefCommMethod><Destination>NUP,REK,HLL</Destination><FlexPKGProfile>N</FlexPKGProfile>",Y,1900-01-01,Wilson_N,2025-03-07 00:00:00.000,Davies_Ja,2025-03-07 21:04:45.470,2025-03-07 00:00:00.000,2025-07-25 04:41:47.517,2025-04-08 08:40:08.187,0
15455,629744,"2026 Taste of Iceland Coach Tour - 6 Days/5 Nights - Parott Tours - July 5, 2026",Multi-Expired,"2026 Taste of Iceland Coach Tour - 6 Days/5 Nights - Parott Tours - July 5, 2026",2026-07-05,2026-07-05,2010-01-01,2026-12-31,SCH-IS-ICT,C,6,Y,N,AA,Y,N,,<Main><AirOffset>1</AirOffset><FromCity>NYC</FromCity><ToCity>REK</ToCity><ReturnFromCity>REK</ReturnFromCity><ReturnToCity>NYC</ReturnToCity><AirReturnOffset></AirReturnOffset></Main><AIWhoStamp>McInerney_M</AIWhoStamp><AIDateStamp>2018-11-29 09:30:09.000</AIDateStamp>,,,<Pre><First>Y</First></Pre>,<Post><Last>Y</Last></Post>,,ICT26,0,N,,10,,"<CarOver24Hrs>N</CarOver24Hrs><PrefCommMethod></PrefCommMethod><Destination>NUP,REK,HLL</Destination><FlexPKGProfile>N</FlexPKGProfile>",Y,1900-01-01,Wilson_N,2025-03-07 00:00:00.000,Davies_Ja,2025-04-15 18:55:39.210,2025-04-16 04:53:38.903,2025-05-28 07:00:44.447,2025-04-16 04:53:38.903,0
15787,629744,"2026 Taste of Iceland Coach Tour - 6 Days/5 Nights - Parott Tours - July 5, 2026",Multi-Expired,"2026 Taste of Iceland Coach Tour - 6 Days/5 Nights - Parott Tours - July 5, 2026",2026-07-05,2026-07-05,2010-01-01,2026-12-31,SCH-IS-ICT,C,6,Y,N,AA,Y,N,,<Main><AirOffset>1</AirOffset><FromCity>NYC</FromCity><ToCity>REK</ToCity><ReturnFromCity>REK</ReturnFromCity><ReturnToCity>NYC</ReturnToCity><AirReturnOffset></AirReturnOffset></Main><AIWhoStamp>McInerney_M</AIWhoStamp><AIDateStamp>2018-11-29 09:30:09.000</AIDateStamp>,,,<Pre><First>Y</First></Pre>,<Post><Last>Y</Last></Post>,,ICT26,0,N,,10,,"<CarOver24Hrs>N</CarOver24Hrs><PrefCommMethod></PrefCommMethod><Destination>NUP,REK,HLL</Destination><FlexPKGProfile>N</FlexPKGProfile>",Y,1900-01-01,Wilson_N,2025-03-07 00:00:00.000,edwards_ki,2025-04-25 09:48:09.140,2025-04-28 19:00:19.260,2025-05-28 07:00:44.447,2025-04-28 19:00:19.260,0
17552,629744,"2026 Taste of Iceland Coach Tour - 6 Days/5 Nights - Parott Tours - July 5, 2026",Multi-Expired,"2026 Taste of Iceland Coach Tour - 6 Days/5 Nights - Parott Tours - July 5, 2026",2026-07-05,2026-07-05,2010-01-01,2026-12-31,SCH-IS-ICT,C,6,Y,N,AA,Y,N,,<Main><AirOffset>1</AirOffset><FromCity>NYC</FromCity><ToCity>REK</ToCity><ReturnFromCity>REK</ReturnFromCity><ReturnToCity>NYC</ReturnToCity><AirReturnOffset></AirReturnOffset></Main><AIWhoStamp>McInerney_M</AIWhoStamp><AIDateStamp>2018-11-29 09:30:09.000</AIDateStamp>,,,<Pre><First>Y</First></Pre>,<Post><Last>Y</Last></Post>,,ICT26,0,N,,10,,"<CarOver24Hrs>N</CarOver24Hrs><PrefCommMethod></PrefCommMethod><Destination>NUP,REK,HLL</Destination><FlexPKGProfile>N</FlexPKGProfile>",Y,1900-01-01,Wilson_N,2025-03-07 00:00:00.000,Tancred_E,2025-05-27 15:07:39.983,2025-05-28 07:01:18.080,2025-06-16 11:39:06.717,2025-05-28 07:01:18.080,0
13663,629746,"2026 Ireland South Daytripper- 7 Days/6 Nights- Murphy Ireland- September 6, 2026",Active,"2026 Ireland South Daytripper- 7 Days/6 Nights- Murphy Ireland- September 6, 2026",2026-09-06,2026-09-06,2010-01-01,2026-12-31,SCH-IE-IDA,C,7,Y,N,AA,Y,N,,<Main><AirOffset>1</AirOffset><FromCity>NYC</FromCity><ToCity>SNN</ToCity><ReturnFromCity>DUB</ReturnFromCity><ReturnToCity>NYC</ReturnToCity><AirReturnOffset></AirReturnOffset></Main><AIWhoStamp>Biggins_Tr</AIWhoStamp><AIDateStamp>2020-04-21 17:32:50.000</AIDateStamp>,,,<Pre><First>Y</First></Pre>,,,IDA26,0,N,,16,,"<CarOver24Hrs>N</CarOver24Hrs><PrefCommMethod></PrefCommMethod><Destination>LIM,DUB</Destination><FlexPKGProfile>N</FlexPKGProfile>",Y,1900-01-01,doig_l,2025-03-07 00:00:00.000,doig_l,2025-03-14 17:06:20.300,2025-03-07 00:00:00.000,2025-06-18 05:51:19.710,2025-04-08 08:40:08.187,0
15297,630244,"2026 Taste of Scotland & Ireland - 11 Days/10 Nights - Chmiebell Tours - October 11, 2026",Active,"2026 Taste of Scotland & Ireland - 11 Days/10 Nights - Chmiebell Tours - October 11, 2026",2026-10-11,2026-10-11,2010-01-01,2026-12-31,SCH-GB-SCA,C,11,Y,N,AA/AAA,Y,N,,<Main><AirOffset>1</AirOffset><FromCity>NYC</FromCity><ToCity>EDI</ToCity><ReturnFromCity>DUB</ReturnFromCity><ReturnToCity>NYC</ReturnToCity><AirReturnOffset></AirReturnOffset></Main><AIWhoStamp>Biggins_Tr</AIWhoStamp><AIDateStamp>2022-09-06 17:09:55.000</AIDateStamp>,,,<Pre><Service><ProductCode>UKPRENIGHTS</ProductCode><SupplierID>GB-GLA-GTH</SupplierID><ServiceID>STD-SBB</ServiceID></Service></Pre>,<Post><Last>Y</Last></Post>,,SCA26,0,N,,36,,"<CarOver24Hrs>N</CarOver24Hrs><PrefCommMethod></PrefCommMethod><Destination>GLA,NAI,EDI,KER,DUB,LIM</Destination><FlexPKGProfile>N</FlexPKGProfile>",Y,1900-01-01,Markle_M,2025-03-13 00:00:00.000,Lyons_S,2025-04-11 15:30:44.750,2025-04-15 09:44:58.910,2025-05-03 04:35:04.443,2025-04-15 09:44:58.910,0
16179,630244,"2026 Taste of Scotland & Ireland - 11 Days/10 Nights - Chmiebell Tours - October 11, 2026",Active,"2026 Taste of Scotland & Ireland - 11 Days/10 Nights - Chmiebell Tours - October 11, 2026",2026-10-11,2026-10-11,2010-01-01,2026-12-31,SCH-GB-SCA,C,11,Y,N,AA/AAA,Y,N,,<Main><AirOffset>1</AirOffset><FromCity>NYC</FromCity><ToCity>EDI</ToCity><ReturnFromCity>DUB</ReturnFromCity><ReturnToCity>NYC</ReturnToCity><AirReturnOffset></AirReturnOffset></Main><AIWhoStamp>Biggins_Tr</AIWhoStamp><AIDateStamp>2022-09-06 17:09:55.000</AIDateStamp>,,,<Pre><Service><ProductCode>UKPRENIGHTS</ProductCode><SupplierID>GB-GLA-GTH</SupplierID><ServiceID>STD-SBB</ServiceID></Service></Pre>,<Post><Last>Y</Last></Post>,,SCA26,0,N,,36,,"<CarOver24Hrs>N</CarOver24Hrs><PrefCommMethod></PrefCommMethod><Destination>GLA,NAI,EDI,KER,DUB,LIM</Destination><FlexPKGProfile>N</FlexPKGProfile>",Y,1900-01-01,Markle_M,2025-03-13 00:00:00.000,Stynes_A,2025-05-02 14:25:51.877,2025-05-03 04:35:37.930,2026-01-06 06:56:57.540,2025-05-03 04:35:37.930,0
13693,630245,"2026 Taste of Iceland Coach Tour - 6 Days/5 Nights - Sullivan's Irish Alley & Travel - May 10, 2026",Pending,"2026 Taste of Iceland Coach Tour - 6 Days/5 Nights - Sullivan's Irish Alley & Travel - May 10, 2026",2026-05-10,2026-05-10,2010-01-01,2026-12-31,SCH-IS-ICT,C,6,Y,N,AA,Y,N,,<Main><AirOffset>1</AirOffset><FromCity>NYC</FromCity><ToCity>REK</ToCity><ReturnFromCity>REK</ReturnFromCity><ReturnToCity>NYC</ReturnToCity><AirReturnOffset></AirReturnOffset></Main><AIWhoStamp>McInerney_M</AIWhoStamp><AIDateStamp>2018-11-29 09:30:09.000</AIDateStamp>,,,<Pre><First>Y</First></Pre>,<Post><Last>Y</Last></Post>,,ICT26,0,N,,16,,"<CarOver24Hrs>N</CarOver24Hrs><PrefCommMethod></PrefCommMethod><Destination>NUP,REK,HLL</Destination><FlexPKGProfile>N</FlexPKGProfile>",Y,1900-01-01,Wilson_N,2025-03-13 00:00:00.000,Davies_Ja,2025-03-13 14:27:33.587,2025-03-13 00:00:00.000,2025-05-03 04:35:04.443,2025-04-08 08:40:08.187,0
15792,630245,"2026 Taste of Iceland Coach Tour - 6 Days/5 Nights - Sullivan's Irish Alley & Travel - May 10, 2026",Pending,"2026 Taste of Iceland Coach Tour - 6 Days/5 Nights - Sullivan's Irish Alley & Travel - May 10, 2026",2026-05-10,2026-05-10,2010-01-01,2026-12-31,SCH-IS-ICT,C,6,Y,N,AA,Y,N,,<Main><AirOffset>1</AirOffset><FromCity>NYC</FromCity><ToCity>REK</ToCity><ReturnFromCity>REK</ReturnFromCity><ReturnToCity>NYC</ReturnToCity><AirReturnOffset></AirReturnOffset></Main><AIWhoStamp>McInerney_M</AIWhoStamp><AIDateStamp>2018-11-29 09:30:09.000</AIDateStamp>,,,<Pre><First>Y</First></Pre>,<Post><Last>Y</Last></Post>,,ICT26,0,N,,16,,"<CarOver24Hrs>N</CarOver24Hrs><PrefCommMethod></PrefCommMethod><Destination>NUP,REK,HLL</Destination><FlexPKGProfile>N</FlexPKGProfile>",Y,1900-01-01,Wilson_N,2025-03-13 00:00:00.000,edwards_ki,2025-04-25 09:48:09.170,2025-04-28 19:00:19.260,2025-05-03 04:35:04.443,2025-04-28 19:00:19.260,0
16180,630245,"2026 Taste of Iceland Coach Tour - 6 Days/5 Nights - Sullivan's Irish Alley & Travel - May 10, 2026",Pending,"2026 Taste of Iceland Coach Tour - 6 Days/5 Nights - Sullivan's Irish Alley & Travel - May 10, 2026",2026-05-10,2026-05-10,2010-01-01,2026-12-31,SCH-IS-ICT,C,6,Y,N,AA,Y,N,,<Main><AirOffset>1</AirOffset><FromCity>NYC</FromCity><ToCity>REK</ToCity><ReturnFromCity>REK</ReturnFromCity><ReturnToCity>NYC</ReturnToCity><AirReturnOffset></AirReturnOffset></Main><AIWhoStamp>McInerney_M</AIWhoStamp><AIDateStamp>2018-11-29 09:30:09.000</AIDateStamp>,,,<Pre><First>Y</First></Pre>,<Post><Last>Y</Last></Post>,,ICT26,0,N,,16,,"<CarOver24Hrs>N</CarOver24Hrs><PrefCommMethod></PrefCommMethod><Destination>NUP,REK,HLL</Destination><FlexPKGProfile>N</FlexPKGProfile>",Y,1900-01-01,Wilson_N,2025-03-13 00:00:00.000,Tancred_E,2025-05-02 17:14:33.157,2025-05-03 04:35:37.930,2025-06-16 11:39:06.717,2025-05-03 04:35:37.930,0
13694,630260,AAA NORTH PENN,Multi-Expired,AAA NORTH PENN,2025-09-25,2025-09-25,2025-03-13,2025-09-25,GRP-IE-ND-WH,C,6,Y,N,N,Y,N,,,,,,,,IE-630260,0,Y,"L:5|7AA-0AA/0A,7.5|9.5AA-0AA/0A,10|12AA-0AA/0A,12.5|14.5AA-0AA/0A,15|17AA-0AA/0A,17.5|19.5AA-0AA/0A,20|22AA-0AA/0A,22.5|24AA-0AA/0A,48X;A:5|7AA-0AA/0A,7.5|9.5AA-0AA/0A,10|12AA-0AA/0A,12.5|14.5AA-0AA/0A,15|17AA-0AA/0A,17.5|19.5AA-0AA/0A,20|22AA-0AA/0A,22.5|24AA-0AA/0A,48X",20,,<CarOver24Hrs>N</CarOver24Hrs><FlexPKGProfile>N</FlexPKGProfile>,N,1900-01-01,Hager_W,2025-03-13 00:00:00.000,Hager_W,2025-03-24 18:10:46.797,2025-03-13 00:00:00.000,9999-12-31 00:00:00.000,2025-04-08 08:40:08.187,1
13722,630649,"2026 Scottish & Irish Dream - 14 Days/13 Nights - Cruise Control 305 Travel - July 19, 2026",Multi-Pending,"2026 Scottish & Irish Dream - 14 Days/13 Nights - Cruise Control 305 Travel - July 19, 2026",2026-07-19,2026-07-19,2010-01-01,2026-12-31,SCH-GB-DRA,C,14,Y,N,AA/AAA,Y,N,,<Main><AirOffset>1</AirOffset><FromCity>NYC</FromCity><ToCity>EDI</ToCity><ReturnFromCity>DUB</ReturnFromCity><ReturnToCity>NYC</ReturnToCity><AirReturnOffset></AirReturnOffset></Main><AIWhoStamp>Biggins_Tr</AIWhoStamp><AIDateStamp>2022-09-06 16:56:08.000</AIDateStamp>,,,<Pre><First>Y</First></Pre>,<Post><Last>Y</Last></Post>,,DRA26/TAA26,0/7,N,,26,,"<CarOver24Hrs>N</CarOver24Hrs><PrefCommMethod></PrefCommMethod><Destination>EDI,NAI,PES,DUB,KER,LIM,ARY,GLA,INV</Destination><FlexPKGProfile>N</FlexPKGProfile>",Y,1900-01-01,doig_l,2025-03-18 00:00:00.000,Douglas_P,2025-04-04 12:20:23.510,2025-03-18 00:00:00.000,2025-05-31 06:46:34.090,2025-04-08 08:40:08.187,0
17213,630649,"2026 Scottish & Irish Dream - 14 Days/13 Nights - Cruise Control 305 Travel - July 19, 2026",Multi-Pending,"2026 Scottish & Irish Dream - 14 Days/13 Nights - Cruise Control 305 Travel - July 19, 2026",2026-07-19,2026-07-19,2010-01-01,2026-12-31,SCH-GB-DRA,C,14,Y,N,AA/AAA,Y,N,,<Main><AirOffset>1</AirOffset><FromCity>NYC</FromCity><ToCity>EDI</ToCity><ReturnFromCity>DUB</ReturnFromCity><ReturnToCity>NYC</ReturnToCity><AirReturnOffset></AirReturnOffset></Main><AIWhoStamp>Biggins_Tr</AIWhoStamp><AIDateStamp>2022-09-06 16:56:08.000</AIDateStamp>,,,<Pre><First>Y</First></Pre>,<Post><Last>Y</Last></Post>,,DRA26/TAA26,0/7,N,,26,,"<CarOver24Hrs>N</CarOver24Hrs><PrefCommMethod></PrefCommMethod><Destination>EDI,NAI,PES,DUB,KER,LIM,ARY,GLA,INV</Destination><FlexPKGProfile>N</FlexPKGProfile>",Y,1900-01-01,doig_l,2025-03-18 00:00:00.000,Lyons_S,2025-05-22 13:21:25.570,2025-05-23 06:31:23.863,2025-05-31 06:46:34.090,2025-05-23 06:31:23.863,0
17885,630649,"2026 Scottish & Irish Dream - 14 Days/13 Nights - Cruise Control 305 Travel - July 19, 2026",Multi-Pending,"2026 Scottish & Irish Dream - 14 Days/13 Nights - Cruise Control 305 Travel - July 19, 2026",2026-07-19,2026-07-19,2010-01-01,2026-12-31,SCH-GB-DRA,C,14,Y,N,AA/AAA,Y,N,,<Main><AirOffset>1</AirOffset><FromCity>NYC</FromCity><ToCity>EDI</ToCity><ReturnFromCity>DUB</ReturnFromCity><ReturnToCity>NYC</ReturnToCity><AirReturnOffset></AirReturnOffset></Main><AIWhoStamp>Biggins_Tr</AIWhoStamp><AIDateStamp>2022-09-06 16:56:08.000</AIDateStamp>,,,<Pre><First>Y</First></Pre>,<Post><Last>Y</Last></Post>,,DRA26/TAA26,0/7,N,,26,,"<CarOver24Hrs>N</CarOver24Hrs><PrefCommMethod></PrefCommMethod><Destination>EDI,NAI,PES,DUB,KER,LIM,ARY,GLA,INV</Destination><FlexPKGProfile>N</FlexPKGProfile>",Y,1900-01-01,doig_l,2025-03-18 00:00:00.000,Tancred_E,2025-05-30 09:02:34.560,2025-05-31 06:47:11.173,2025-08-12 05:13:27.650,2025-05-31 06:47:11.173,0
13723,630653,"2025 Taste of Scotland & Ireland - 11 Days/10 Nights - Professional Travel - October 19, 2025",Active,"2025 Taste of Scotland & Ireland - 11 Days/10 Nights - Professional Travel - October 19, 2025",2025-10-19,2025-10-19,2010-01-01,2025-12-31,SCH-GB-SCA,C,11,Y,N,AA/AAA,Y,N,,<Main><AirOffset>1</AirOffset><FromCity>NYC</FromCity><ToCity>EDI</ToCity><ReturnFromCity>DUB</ReturnFromCity><ReturnToCity>NYC</ReturnToCity><AirReturnOffset></AirReturnOffset></Main><AIWhoStamp>Biggins_Tr</AIWhoStamp><AIDateStamp>2022-09-06 17:09:55.000</AIDateStamp>,,,<Pre><Service><ProductCode>UKPRENIGHTS</ProductCode><SupplierID>GB-GLA-GTH</SupplierID><ServiceID>STD-SBB</ServiceID></Service></Pre>,<Post><Last>Y</Last></Post>,,SCA25,0,N,,12,,"<CarOver24Hrs>N</CarOver24Hrs><PrefCommMethod></PrefCommMethod><Destination>GLA,NAI,EDI,KER,DUB,LIM</Destination><FlexPKGProfile>N</FlexPKGProfile>",Y,1900-01-01,Wilson_N,2025-03-18 00:00:00.000,Wilson_N,2025-03-19 15:17:59.943,2025-03-18 00:00:00.000,2025-07-25 04:41:47.517,2025-04-08 08:40:08.187,0
13724,630671,intoMOTION Travel,Pending,intoMOTION Travel,2025-07-26,2025-07-26,2025-03-18,2025-07-26,GRP-IE-WH,C,8,Y,N,AA,Y,N,,,,,,,,IE-630671,0,Y,"L:5|7AA-0AA/0A,7.5|9.5AA-0AA/0A,10|12AA-0AA/0A,12.5|14.5AA-0AA/0A,15|17AA-0AA/0A,17.5|19.5AA-0AA/0A,20|22AA-0AA/0A,22.5|24AA-0AA/0A,48X;A:5|7AA-0AA/0A,7.5|9.5AA-0AA/0A,10|12AA-0AA/0A,12.5|14.5AA-0AA/0A,15|17AA-0AA/0A,17.5|19.5AA-0AA/0A,20|22AA-0AA/0A,22.5|24AA-0AA/0A,48X",20,,<CarOver24Hrs>N</CarOver24Hrs><FlexPKGProfile>N</FlexPKGProfile>,N,1900-01-01,Hager_W,2025-03-18 00:00:00.000,Smith_K,2025-03-18 18:17:29.880,2025-03-18 00:00:00.000,2025-07-25 04:41:47.517,2025-04-08 08:40:08.187,0
16097,630671,intoMOTION Travel,Expired,intoMOTION Travel,2025-07-26,2025-07-26,2025-03-18,2025-07-26,GRP-IE-WH,C,8,Y,N,AA,Y,N,,,,,,,,IE-630671,0,Y,"L:5|7AA-0AA/0A,7.5|9.5AA-0AA/0A,10|12AA-0AA/0A,12.5|14.5AA-0AA/0A,15|17AA-0AA/0A,17.5|19.5AA-0AA/0A,20|22AA-0AA/0A,22.5|24AA-0AA/0A,48X;A:5|7AA-0AA/0A,7.5|9.5AA-0AA/0A,10|12AA-0AA/0A,12.5|14.5AA-0AA/0A,15|17AA-0AA/0A,17.5|19.5AA-0AA/0A,20|22AA-0AA/0A,22.5|24AA-0AA/0A,48X",20,,<CarOver24Hrs>N</CarOver24Hrs><FlexPKGProfile>N</FlexPKGProfile>,N,1900-01-01,Hager_W,2025-03-18 00:00:00.000,Caldeira_N,2025-05-01 20:39:49.653,2025-05-02 04:23:56.197,2025-07-25 04:41:47.517,2025-05-02 04:23:56.197,0
18028,630671,intoMOTION Travel,Internal,intoMOTION Travel,2025-07-26,2025-07-26,2025-03-18,2025-07-26,GRP-IE-WH,C,9,Y,N,AA,Y,N,,,,,,,,IE-630671,0,Y,"L:5|7AA-0AA/0A,7.5|9.5AA-0AA/0A,10|12AA-0AA/0A,12.5|14.5AA-0AA/0A,15|17AA-0AA/0A,17.5|19.5AA-0AA/0A,20|22AA-0AA/0A,22.5|24AA-0AA/0A,48X;A:5|7AA-0AA/0A,7.5|9.5AA-0AA/0A,10|12AA-0AA/0A,12.5|14.5AA-0AA/0A,15|17AA-0AA/0A,17.5|19.5AA-0AA/0A,20|22AA-0AA/0A,22.5|24AA-0AA/0A,48X",10,,<CarOver24Hrs>N</CarOver24Hrs><FlexPKGProfile>N</FlexPKGProfile>,Y,1900-01-01,Hager_W,2025-03-18 00:00:00.000,Hager_W,2025-06-02 17:58:42.090,2025-06-03 06:39:03.193,2025-07-25 04:41:47.517,2025-06-03 06:39:03.193,0
13725,630708,"2025  Irish Gold - 8 Days/7 Nights - The Barbary Group - June 20, 2025",Pending,"2025  Irish Gold - 8 Days/7 Nights - The Barbary Group - June 20, 2025",2025-06-20,2025-06-20,2010-01-01,2025-12-31,SCH-IE-GOA,C,8,Y,N,AA/AAA,Y,N,,<Main><AirOffset>1</AirOffset><FromCity>NYC</FromCity><ToCity>DUB</ToCity><ReturnFromCity>DUB</ReturnFromCity><ReturnToCity>NYC</ReturnToCity></Main>,,,<Pre><First>Y</First></Pre>,,,GOA25,0,N,,10,,"<CarOver24Hrs>N</CarOver24Hrs><PrefCommMethod></PrefCommMethod><Destination>WAT,GAL,DUB,KER</Destination><FlexPKGProfile>N</FlexPKGProfile>",Y,1900-01-01,doig_l,2025-03-18 00:00:00.000,Davies_Ja,2025-03-18 21:17:34.900,2025-03-18 00:00:00.000,2025-07-25 04:41:47.517,2025-04-08 08:40:08.187,0
15541,630708,"2025  Irish Gold - 8 Days/7 Nights - The Barbary Group - June 20, 2025",Multi-Expired,"2025  Irish Gold - 8 Days/7 Nights - The Barbary Group - June 20, 2025",2025-06-20,2025-06-20,2010-01-01,2025-12-31,SCH-IE-GOA,C,8,Y,N,AA/AAA,Y,N,,<Main><AirOffset>1</AirOffset><FromCity>NYC</FromCity><ToCity>DUB</ToCity><ReturnFromCity>DUB</ReturnFromCity><ReturnToCity>NYC</ReturnToCity></Main>,,,<Pre><First>Y</First></Pre>,,,GOA25,0,N,,10,,"<CarOver24Hrs>N</CarOver24Hrs><PrefCommMethod></PrefCommMethod><Destination>WAT,GAL,DUB,KER</Destination><FlexPKGProfile>N</FlexPKGProfile>",Y,1900-01-01,doig_l,2025-03-18 00:00:00.000,doig_l,2025-04-16 13:52:41.203,2025-04-17 05:07:41.510,2025-07-25 04:41:47.517,2025-04-17 05:07:41.510,0
16190,631661,"2026 Northern Lights Quest of Iceland - 6 Days/5 Nights - Riverdale Travel - October 18, 2026",Active,"2026 Northern Lights Quest of Iceland - 6 Days/5 Nights - Riverdale Travel - October 18, 2026",2026-10-18,2026-10-18,2010-01-01,2026-12-31,SCH-IS-ICN,C,6,Y,N,AA,Y,N,,<Main><AirOffset>1</AirOffset><FromCity>NYC</FromCity><ToCity>REK</ToCity><ReturnFromCity>REK</ReturnFromCity><ReturnToCity>NYC</ReturnToCity><AirReturnOffset></AirReturnOffset></Main><AIWhoStamp>McInerney_M</AIWhoStamp><AIDateStamp>2018-11-29 09:30:09.000</AIDateStamp>,,,<Pre><First>Y</First></Pre>,<Post><Last>Y</Last></Post>,,ICN26,0,N,,12,,"<CarOver24Hrs>N</CarOver24Hrs><PrefCommMethod></PrefCommMethod><Destination>NUP,REK,HLL</Destination><FlexPKGProfile>N</FlexPKGProfile>",Y,1900-01-01,Markle_M,2025-03-31 00:00:00.000,Tancred_E,2025-05-02 17:15:13.330,2025-05-03 04:35:37.930,2025-06-16 11:39:06.717,2025-05-03 04:35:37.930,0
16195,632146,"2026 Taste of Scotland & Ireland - 10 Days/9 Nights - Travel with Claudia - October 13, 2026",Active,"2026 Taste of Scotland & Ireland - 10 Days/9 Nights - Travel with Claudia - October 13, 2026",2026-10-13,2026-10-13,2010-01-01,2026-10-13,SCH-GB-SCA,C,10,Y,N,AA/AAA,Y,N,,<Main><AirOffset>1</AirOffset><FromCity>NYC</FromCity><ToCity>EDI</ToCity><ReturnFromCity>SNN</ReturnFromCity><ReturnToCity>NYC</ReturnToCity><AirReturnOffset></AirReturnOffset></Main><AIWhoStamp>Biggins_Tr</AIWhoStamp><AIDateStamp>2022-09-06 17:00:31.000</AIDateStamp>,,,<Pre><Service><ProductCode>UKPRENIGHTS</ProductCode><SupplierID>GB-GLA-GTH</SupplierID><ServiceID>STD-SBB</ServiceID></Service></Pre>,<Post><Last>Y</Last></Post>,,SCA26,0,N,,44,,"<CarOver24Hrs>N</CarOver24Hrs><PrefCommMethod></PrefCommMethod><Destination>GLA,NAI,EDI,KER,DUB,LIM</Destination><FlexPKGProfile>N</FlexPKGProfile>",Y,1900-01-01,Wilson_N,2025-04-08 00:00:00.000,Stynes_A,2025-05-02 14:25:51.877,2025-05-03 04:35:37.930,2025-07-25 04:41:47.517,2025-05-03 04:35:37.930,0
17567,632146,"CXLD - 2026 Taste of Scotland & Ireland - 10 Days/9 Nights - Travel with Claudia - October 13, 2026",Closed,"CXLD - 2026 Taste of Scotland & Ireland - 10 Days/9 Nights - Travel with Claudia - October 13, 2026",2026-10-13,2026-10-13,2010-01-01,2026-10-13,SCH-GB-SCA,C,10,Y,N,AA/AAA,Y,N,,<Main><AirOffset>1</AirOffset><FromCity>NYC</FromCity><ToCity>EDI</ToCity><ReturnFromCity>SNN</ReturnFromCity><ReturnToCity>NYC</ReturnToCity><AirReturnOffset></AirReturnOffset></Main><AIWhoStamp>Biggins_Tr</AIWhoStamp><AIDateStamp>2022-09-06 17:00:31.000</AIDateStamp>,,,<Pre><Service><ProductCode>UKPRENIGHTS</ProductCode><SupplierID>GB-GLA-GTH</SupplierID><ServiceID>STD-SBB</ServiceID></Service></Pre>,<Post><Last>Y</Last></Post>,,,0,N,,0,,"<CarOver24Hrs>N</CarOver24Hrs><PrefCommMethod></PrefCommMethod><Destination>GLA,NAI,EDI,KER,DUB,LIM</Destination><FlexPKGProfile>N</FlexPKGProfile>",Y,1900-01-01,Wilson_N,2025-04-08 00:00:00.000,Davies_Ja,2025-05-27 21:53:29.950,2025-05-28 07:01:18.080,9999-12-31 00:00:00.000,2025-05-28 07:01:18.080,1
15349,632481,"2026 Taste of Scotland & Ireland - 11 Days/10 Nights - Travel Planners International - October 16, 2026",Multi-Pending,"2026 Taste of Scotland & Ireland - 11 Days/10 Nights - Travel Planners International - October 16, 2026",2026-10-16,2026-10-16,2010-01-01,2026-12-31,SCH-GB-SCA,C,11,Y,N,AA/AAA,Y,N,,<Main><AirOffset>1</AirOffset><FromCity>NYC</FromCity><ToCity>EDI</ToCity><ReturnFromCity>DUB</ReturnFromCity><ReturnToCity>NYC</ReturnToCity><AirReturnOffset></AirReturnOffset></Main><AIWhoStamp>Biggins_Tr</AIWhoStamp><AIDateStamp>2022-09-06 17:09:55.000</AIDateStamp>,,,<Pre><Service><ProductCode>UKPRENIGHTS</ProductCode><SupplierID>GB-GLA-GTH</SupplierID><ServiceID>STD-SBB</ServiceID></Service></Pre>,<Post><Last>Y</Last></Post>,,SCA26,0,N,,18,,"<CarOver24Hrs>N</CarOver24Hrs><PrefCommMethod></PrefCommMethod><Destination>GLA,NAI,EDI,KER,DUB,LIM</Destination><FlexPKGProfile>N</FlexPKGProfile>",Y,1900-01-01,doig_l,2025-04-11 00:00:00.000,Davies_Ja,2025-04-11 21:31:05.027,2025-04-11 00:00:00.000,2025-07-25 04:41:47.517,2025-04-15 09:44:58.910,0
16198,632481,"2026 Taste of Scotland & Ireland - 11 Days/10 Nights - Travel Planners International - October 16, 2026",Internal,"2026 Taste of Scotland & Ireland - 11 Days/10 Nights - Travel Planners International - October 16, 2026",2026-10-16,2026-10-16,2010-01-01,2026-12-31,SCH-GB-SCA,C,11,Y,N,AA/AAA,Y,N,,<Main><AirOffset>1</AirOffset><FromCity>NYC</FromCity><ToCity>EDI</ToCity><ReturnFromCity>DUB</ReturnFromCity><ReturnToCity>NYC</ReturnToCity><AirReturnOffset></AirReturnOffset></Main><AIWhoStamp>Biggins_Tr</AIWhoStamp><AIDateStamp>2022-09-06 17:09:55.000</AIDateStamp>,,,<Pre><Service><ProductCode>UKPRENIGHTS</ProductCode><SupplierID>GB-GLA-GTH</SupplierID><ServiceID>STD-SBB</ServiceID></Service></Pre>,<Post><Last>Y</Last></Post>,,SCA26,0,N,,44,,"<CarOver24Hrs>N</CarOver24Hrs><PrefCommMethod></PrefCommMethod><Destination>GLA,NAI,EDI,KER,DUB,LIM</Destination><FlexPKGProfile>N</FlexPKGProfile>",Y,1900-01-01,doig_l,2025-04-11 00:00:00.000,Davies_Ja,2025-05-02 16:25:41.017,2025-05-03 04:35:37.930,2025-07-25 04:41:47.517,2025-05-03 04:35:37.930,0
16270,632481,"2026 Taste of Scotland & Ireland- 11 Days/10 Nights- Murphy Travelers/Travel Planners International- October 16, 2026",Active,"2026 Taste of Scotland & Ireland- 11 Days/10 Nights- Murphy Travelers/Travel Planners International- October 16, 2026",2026-10-16,2026-10-16,2010-01-01,2026-12-31,SCH-GB-SCA,C,11,Y,N,AA/AAA,Y,N,,<Main><AirOffset>1</AirOffset><FromCity>NYC</FromCity><ToCity>EDI</ToCity><ReturnFromCity>DUB</ReturnFromCity><ReturnToCity>NYC</ReturnToCity><AirReturnOffset></AirReturnOffset></Main><AIWhoStamp>Biggins_Tr</AIWhoStamp><AIDateStamp>2022-09-06 17:09:55.000</AIDateStamp>,,,<Pre><Service><ProductCode>UKPRENIGHTS</ProductCode><SupplierID>GB-GLA-GTH</SupplierID><ServiceID>STD-SBB</ServiceID></Service></Pre>,<Post><Last>Y</Last></Post>,,SCA26,0,N,,44,,"<CarOver24Hrs>N</CarOver24Hrs><PrefCommMethod></PrefCommMethod><Destination>GLA,NAI,EDI,KER,DUB,LIM</Destination><FlexPKGProfile>N</FlexPKGProfile>",Y,1900-01-01,doig_l,2025-04-11 00:00:00.000,doig_l,2025-05-05 20:47:54.383,2025-05-06 04:34:49.337,2025-05-21 06:41:49.877,2025-05-06 04:34:49.337,0
17025,632481,"2026 Taste of Scotland & Ireland- 11 Days/10 Nights- Murphy Travelers/Travel Planners International- October 16, 2026",Active,"2026 Taste of Scotland & Ireland- 11 Days/10 Nights- Murphy Travelers/Travel Planners International- October 16, 2026",2026-10-16,2026-10-16,2010-01-01,2026-12-31,SCH-GB-SCA,C,11,Y,N,AA/AAA,Y,N,,<Main><AirOffset>1</AirOffset><FromCity>NYC</FromCity><ToCity>EDI</ToCity><ReturnFromCity>DUB</ReturnFromCity><ReturnToCity>NYC</ReturnToCity><AirReturnOffset></AirReturnOffset></Main><AIWhoStamp>Biggins_Tr</AIWhoStamp><AIDateStamp>2022-09-06 17:09:55.000</AIDateStamp>,,,<Pre><Service><ProductCode>UKPRENIGHTS</ProductCode><SupplierID>GB-GLA-GTH</SupplierID><ServiceID>STD-SBB</ServiceID></Service></Pre>,<Post><Last>Y</Last></Post>,,SCA26,0,N,,44,,"<CarOver24Hrs>N</CarOver24Hrs><PrefCommMethod></PrefCommMethod><Destination>GLA,NAI,EDI,KER,DUB,LIM</Destination><FlexPKGProfile>N</FlexPKGProfile>",Y,1900-01-01,doig_l,2025-04-11 00:00:00.000,Stynes_A,2025-05-20 11:44:42.080,2025-05-21 06:42:32.540,2026-01-06 06:56:57.540,2025-05-21 06:42:32.540,0
15350,632486,"2026  Irish Gold - 9 Days/8 Nights - Sabrina Murray Travel - April 22, 2026",Pending,"2026  Irish Gold - 9 Days/8 Nights - Sabrina Murray Travel - April 22, 2026",2026-04-22,2026-04-22,2010-01-01,2026-12-31,SCH-IE-GOA,C,9,Y,N,AA/AAA,Y,N,,<Main><AirOffset>1</AirOffset><FromCity>NYC</FromCity><ToCity>DUB</ToCity><ReturnFromCity>DUB</ReturnFromCity><ReturnToCity>NYC</ReturnToCity></Main>,,,<Pre><First>Y</First></Pre>,<Post><Last>Y</Last></Post>,,GOA26,0,N,,16,,"<CarOver24Hrs>N</CarOver24Hrs><PrefCommMethod></PrefCommMethod><Destination>WAT,GAL,DUB,KER</Destination><FlexPKGProfile>N</FlexPKGProfile>",Y,1900-01-01,Markle_M,2025-04-11 00:00:00.000,Davies_Ja,2025-04-11 21:51:06.723,2025-04-11 00:00:00.000,2025-07-25 04:41:47.517,2025-04-15 09:44:58.910,0
15473,632486,"2026  Irish Gold - 9 Days/8 Nights - Sabrina Murray Travel - April 22, 2026",Internal,"2026  Irish Gold - 9 Days/8 Nights - Sabrina Murray Travel - April 22, 2026",2026-04-22,2026-04-22,2010-01-01,2026-12-31,SCH-IE-GOA,C,9,Y,N,AA/AAA,Y,N,,<Main><AirOffset>1</AirOffset><FromCity>NYC</FromCity><ToCity>DUB</ToCity><ReturnFromCity>DUB</ReturnFromCity><ReturnToCity>NYC</ReturnToCity></Main>,,,<Pre><First>Y</First></Pre>,<Post><Last>Y</Last></Post>,,GOA26,0,N,,12,,"<CarOver24Hrs>N</CarOver24Hrs><PrefCommMethod></PrefCommMethod><Destination>WAT,GAL,DUB,KER</Destination><FlexPKGProfile>N</FlexPKGProfile>",Y,1900-01-01,Markle_M,2025-04-11 00:00:00.000,Davies_Ja,2025-04-15 14:01:15.880,2025-04-16 04:53:38.903,2025-07-25 04:41:47.517,2025-04-16 04:53:38.903,0
15559,632486,"2026  Irish Gold - 9 Days/8 Nights - Sabrina Murray Travel - April 22, 2026",Active,"2026  Irish Gold - 9 Days/8 Nights - Sabrina Murray Travel - April 22, 2026",2026-04-22,2026-04-22,2010-01-01,2026-12-31,SCH-IE-GOA,C,9,Y,N,AA/AAA,Y,N,,<Main><AirOffset>1</AirOffset><FromCity>NYC</FromCity><ToCity>DUB</ToCity><ReturnFromCity>DUB</ReturnFromCity><ReturnToCity>NYC</ReturnToCity></Main>,,,<Pre><First>Y</First></Pre>,<Post><Last>Y</Last></Post>,,GOA26,0,N,,12,,"<CarOver24Hrs>N</CarOver24Hrs><PrefCommMethod></PrefCommMethod><Destination>WAT,GAL,DUB,KER</Destination><FlexPKGProfile>N</FlexPKGProfile>",Y,1900-01-01,Markle_M,2025-04-11 00:00:00.000,Markle_M,2025-04-16 20:25:23.290,2025-04-17 05:07:41.510,2025-07-25 04:41:47.517,2025-04-17 05:07:41.510,0
15864,632831,"2026 Irish Adventure - 9 Days/8 Nights - Tuckers Travel Shoppe - June 22, 2026",Active,"2026 Irish Adventure - 9 Days/8 Nights - Tuckers Travel Shoppe - June 22, 2026",2026-06-22,2026-06-22,2010-01-01,2026-12-31,SCH-IE-ADA,C,9,Y,N,AA/AAA,Y,N,,<Main><AirOffset>1</AirOffset><FromCity>NYC</FromCity><ToCity>DUB</ToCity><ReturnFromCity>DUB</ReturnFromCity><ReturnToCity>NYC</ReturnToCity></Main>,,,<Pre><First>Y</First></Pre>,<Post><Last>Y</Last></Post>,,ADA26,0,N,,30,,"<CarOver24Hrs>N</CarOver24Hrs><PrefCommMethod></PrefCommMethod><Destination>DUB,WAT,GAL,DER,KER</Destination><FlexPKGProfile>N</FlexPKGProfile>",Y,1900-01-01,Markle_M,2025-04-17 00:00:00.000,Lyons_S,2025-04-23 16:28:59.817,2025-04-17 00:00:00.000,2025-07-25 04:41:47.517,2025-04-28 19:00:19.260,0
16678,632831,"2026 Irish Adventure - 9 Days/8 Nights - Tuckers Travel Shoppe - June 22, 2026",Active,"2026 Irish Adventure - 9 Days/8 Nights - Tuckers Travel Shoppe - June 22, 2026",2026-06-22,2026-06-22,2010-01-01,2026-12-31,SCH-IE-ADA,C,9,Y,N,AA/AAA,Y,N,,<Main><AirOffset>1</AirOffset><FromCity>NYC</FromCity><ToCity>DUB</ToCity><ReturnFromCity>DUB</ReturnFromCity><ReturnToCity>NYC</ReturnToCity></Main>,,,<Pre><First>Y</First></Pre>,<Post><Last>Y</Last></Post>,,ADA26,0,N,,30,,"<CarOver24Hrs>N</CarOver24Hrs><PrefCommMethod></PrefCommMethod><Destination>DUB,WAT,GAL,DER,KER</Destination><FlexPKGProfile>N</FlexPKGProfile>",Y,1900-01-01,Markle_M,2025-04-17 00:00:00.000,Stynes_A,2025-05-13 14:19:58.707,2025-05-14 06:43:12.710,2025-07-25 04:41:47.517,2025-05-14 06:43:12.710,0
15865,632838,UNIGLOBE TRAVEL,Pending,UNIGLOBE TRAVEL,2026-09-20,2026-09-20,2025-04-17,2026-09-20,GRP-IE-WH,C,7,Y,N,N,Y,N,,,,,,,,IE-632838,0,Y,"L:5|7AA-0AA/0A,7.5|9.5AA-0AA/0A,10|12AA-0AA/0A,12.5|14.5AA-0AA/0A,15|17AA-0AA/0A,17.5|19.5AA-0AA/0A,20|22AA-0AA/0A,22.5|24AA-0AA/0A,48X;A:5|7AA-0AA/0A,7.5|9.5AA-0AA/0A,10|12AA-0AA/0A,12.5|14.5AA-0AA/0A,15|17AA-0AA/0A,17.5|19.5AA-0AA/0A,20|22AA-0AA/0A,22.5|24AA-0AA/0A,48X",20,,<CarOver24Hrs>N</CarOver24Hrs><FlexPKGProfile>N</FlexPKGProfile>,N,1900-01-01,Hager_W,2025-04-17 00:00:00.000,Hager_W,2025-04-17 17:41:48.330,2025-04-17 00:00:00.000,2025-07-25 04:41:47.517,2025-04-28 19:00:19.260,0
15866,632854,"2026  Irish Gold - 8 Days/7 Nights - World Travel Destinations and Cruises - June 28, 2026",Pending,"2026  Irish Gold - 8 Days/7 Nights - World Travel Destinations and Cruises - June 28, 2026",2026-06-28,2026-06-28,2010-01-01,2026-12-31,SCH-IE-GOA,C,8,Y,N,AA/AAA,Y,N,,<Main><AirOffset>1</AirOffset><FromCity>NYC</FromCity><ToCity>DUB</ToCity><ReturnFromCity>DUB</ReturnFromCity><ReturnToCity>NYC</ReturnToCity></Main>,,,<Pre><First>Y</First></Pre>,,,GOA26,0,N,,20,,"<CarOver24Hrs>N</CarOver24Hrs><PrefCommMethod></PrefCommMethod><Destination>WAT,GAL,DUB,KER</Destination><FlexPKGProfile>N</FlexPKGProfile>",Y,1900-01-01,Wilson_N,2025-04-17 00:00:00.000,Caldeira_N,2025-04-17 18:32:04.290,2025-04-17 00:00:00.000,2025-07-05 06:00:59.987,2025-04-28 19:00:19.260,0
15867,632855,"2026 Taste of Ireland (Tour A) - 7 Days/6 Nights - World Travel Destinations and Cruises - June 28, 2026",Multi-Pending,"2026 Taste of Ireland (Tour A) - 7 Days/6 Nights - World Travel Destinations and Cruises - June 28, 2026",2026-06-28,2026-06-28,2010-01-01,2026-12-31,SCH-IE-TAA,C,7,Y,N,AA/AAA,Y,N,,<Main><AirOffset>1</AirOffset><FromCity>NYC</FromCity><ToCity>DUB</ToCity><ReturnFromCity>DUB</ReturnFromCity><ReturnToCity>NYC</ReturnToCity></Main>,,,<Pre><First>Y</First></Pre>,<Post><Last>Y</Last></Post>,,TAA26,0,N,,20,,"<CarOver24Hrs>N</CarOver24Hrs><PrefCommMethod></PrefCommMethod><Destination>LIM,DUB,KER</Destination><FlexPKGProfile>N</FlexPKGProfile>",Y,1900-01-01,Wilson_N,2025-04-17 00:00:00.000,Caldeira_N,2025-04-17 18:39:11.280,2025-04-17 00:00:00.000,2025-07-25 04:41:47.517,2025-04-28 19:00:19.260,0
17030,632855,"2026 Taste of Ireland (Tour A) - 7 Days/6 Nights - World Travel Destinations and Cruises - June 28, 2026",Multi-Pending,"2026 Taste of Ireland (Tour A) - 7 Days/6 Nights - World Travel Destinations and Cruises - June 28, 2026",2026-06-28,2026-06-28,2010-01-01,2026-12-31,SCH-IE-TAA,C,7,Y,N,AA/AAA,Y,N,,<Main><AirOffset>1</AirOffset><FromCity>NYC</FromCity><ToCity>DUB</ToCity><ReturnFromCity>DUB</ReturnFromCity><ReturnToCity>NYC</ReturnToCity></Main>,,,<Pre><First>Y</First></Pre>,<Post><Last>Y</Last></Post>,,TAA26,0,N,,20,,"<CarOver24Hrs>N</CarOver24Hrs><PrefCommMethod></PrefCommMethod><Destination>LIM,DUB,KER</Destination><FlexPKGProfile>N</FlexPKGProfile>",Y,1900-01-01,Wilson_N,2025-04-17 00:00:00.000,Stynes_A,2025-05-20 14:25:16.190,2025-05-21 06:42:32.540,2025-07-25 04:41:47.517,2025-05-21 06:42:32.540,0
15868,632864,"2026 Taste of Scotland & Ireland - 11 Days/10 Nights - The Semanski Group - June 21, 2026",Pending,"2026 Taste of Scotland & Ireland - 11 Days/10 Nights - The Semanski Group - June 21, 2026",2026-06-21,2026-06-21,2010-01-01,2026-12-31,SCH-GB-SCA,C,11,Y,N,AA/AAA,Y,N,,<Main><AirOffset>1</AirOffset><FromCity>NYC</FromCity><ToCity>EDI</ToCity><ReturnFromCity>DUB</ReturnFromCity><ReturnToCity>NYC</ReturnToCity><AirReturnOffset></AirReturnOffset></Main><AIWhoStamp>Biggins_Tr</AIWhoStamp><AIDateStamp>2022-09-06 17:09:55.000</AIDateStamp>,,,<Pre><Service><ProductCode>UKPRENIGHTS</ProductCode><SupplierID>GB-GLA-GTH</SupplierID><ServiceID>STD-SBB</ServiceID></Service></Pre>,<Post><Last>Y</Last></Post>,,SCA26,0,N,,10,,"<CarOver24Hrs>N</CarOver24Hrs><PrefCommMethod></PrefCommMethod><Destination>GLA,NAI,EDI,KER,DUB,LIM</Destination><FlexPKGProfile>N</FlexPKGProfile>",Y,1900-01-01,doig_l,2025-04-17 00:00:00.000,Davies_Ja,2025-04-17 19:51:04.243,2025-04-17 00:00:00.000,2025-05-03 04:35:04.443,2025-04-28 19:00:19.260,0
16201,632864,"2026 Taste of Scotland & Ireland - 11 Days/10 Nights - The Semanski Group - June 21, 2026",Pending,"2026 Taste of Scotland & Ireland - 11 Days/10 Nights - The Semanski Group - June 21, 2026",2026-06-21,2026-06-21,2010-01-01,2026-12-31,SCH-GB-SCA,C,11,Y,N,AA/AAA,Y,N,,<Main><AirOffset>1</AirOffset><FromCity>NYC</FromCity><ToCity>EDI</ToCity><ReturnFromCity>DUB</ReturnFromCity><ReturnToCity>NYC</ReturnToCity><AirReturnOffset></AirReturnOffset></Main><AIWhoStamp>Biggins_Tr</AIWhoStamp><AIDateStamp>2022-09-06 17:09:55.000</AIDateStamp>,,,<Pre><Service><ProductCode>UKPRENIGHTS</ProductCode><SupplierID>GB-GLA-GTH</SupplierID><ServiceID>STD-SBB</ServiceID></Service></Pre>,<Post><Last>Y</Last></Post>,,SCA26,0,N,,10,,"<CarOver24Hrs>N</CarOver24Hrs><PrefCommMethod></PrefCommMethod><Destination>GLA,NAI,EDI,KER,DUB,LIM</Destination><FlexPKGProfile>N</FlexPKGProfile>",Y,1900-01-01,doig_l,2025-04-17 00:00:00.000,Stynes_A,2025-05-02 14:25:51.877,2025-05-03 04:35:37.930,2025-10-02 05:25:57.670,2025-05-03 04:35:37.930,0
15874,632975,"2026 Mystical Ireland - 8 Days/7 Nights - Gateway Travel - September 12, 2026",Pending,"2026 Mystical Ireland - 8 Days/7 Nights - Gateway Travel - September 12, 2026",2026-09-12,2026-09-12,2010-01-01,2026-12-31,SCH-IE-CLA,C,8,Y,N,AA/AAA,Y,N,,<Main><AirOffset>1</AirOffset><FromCity>NYC</FromCity><ToCity>DUB</ToCity><ReturnFromCity>SNN</ReturnFromCity><ReturnToCity>NYC</ReturnToCity><AirReturnOffset></AirReturnOffset></Main><AIWhoStamp>BigginsT</AIWhoStamp><AIDateStamp>2016-01-26 17:12:48.000</AIDateStamp>,,,<Pre><First>Y</First></Pre>,<Post><Last>Y</Last></Post>,,CLA26,0,N,,16,,"<CarOver24Hrs>N</CarOver24Hrs><PrefCommMethod></PrefCommMethod><Destination>ANT,DER,DUB,MAY,LIM</Destination><FlexPKGProfile>N</FlexPKGProfile>",Y,1900-01-01,Wilson_N,2025-04-21 00:00:00.000,Caldeira_N,2025-04-21 16:41:20.410,2025-04-21 00:00:00.000,2025-05-30 06:58:13.120,2025-04-28 19:00:19.260,0
16202,632975,"2026 Mystical Ireland - 8 Days/7 Nights - Gateway Travel - September 12, 2026",Pending,"2026 Mystical Ireland - 8 Days/7 Nights - Gateway Travel - September 12, 2026",2026-09-12,2026-09-12,2010-01-01,2026-12-31,SCH-IE-CLA,C,8,Y,N,AA/AAA,Y,N,,<Main><AirOffset>1</AirOffset><FromCity>NYC</FromCity><ToCity>DUB</ToCity><ReturnFromCity>SNN</ReturnFromCity><ReturnToCity>NYC</ReturnToCity><AirReturnOffset></AirReturnOffset></Main><AIWhoStamp>BigginsT</AIWhoStamp><AIDateStamp>2016-01-26 17:12:48.000</AIDateStamp>,,,<Pre><First>Y</First></Pre>,<Post><Last>Y</Last></Post>,,CLA26,0,N,,16,,"<CarOver24Hrs>N</CarOver24Hrs><PrefCommMethod></PrefCommMethod><Destination>ANT,DER,DUB,MAY,LIM</Destination><FlexPKGProfile>N</FlexPKGProfile>",Y,1900-01-01,Wilson_N,2025-04-21 00:00:00.000,Stynes_A,2025-05-02 14:24:36.727,2025-05-03 04:35:37.930,2025-05-30 06:58:13.120,2025-05-03 04:35:37.930,0
17785,632975,"2026 Mystical Ireland - 8 Days/7 Nights - Gateway Travel - September 12, 2026",Pending,"2026 Mystical Ireland - 8 Days/7 Nights - Gateway Travel - September 12, 2026",2026-09-12,2026-09-12,2010-01-01,2026-12-31,SCH-IE-CLA,C,8,Y,N,AA/AAA,Y,N,,<Main><AirOffset>1</AirOffset><FromCity>NYC</FromCity><ToCity>DUB</ToCity><ReturnFromCity>SNN</ReturnFromCity><ReturnToCity>NYC</ReturnToCity><AirReturnOffset></AirReturnOffset></Main><AIWhoStamp>BigginsT</AIWhoStamp><AIDateStamp>2016-01-26 17:12:48.000</AIDateStamp>,,,<Pre><First>Y</First></Pre>,<Post><Last>Y</Last></Post>,,CLA26,0,N,,16,,"<CarOver24Hrs>N</CarOver24Hrs><PrefCommMethod></PrefCommMethod><Destination>ANT,DER,DUB,MAY,LIM</Destination><FlexPKGProfile>N</FlexPKGProfile>",Y,1900-01-01,Wilson_N,2025-04-21 00:00:00.000,byrne_dr,2025-05-29 12:32:53.163,2025-05-30 06:58:40.317,2025-06-11 06:12:53.013,2025-05-30 06:58:40.317,0
15875,632987,"2026 Scottish & Irish Sampler - 7 Days/6 Nights - Cruise Planners - August 30, 2026",Pending,"2026 Scottish & Irish Sampler - 7 Days/6 Nights - Cruise Planners - August 30, 2026",2026-08-30,2026-08-30,2010-01-01,2026-12-31,SCH-GB-CSA,C,7,Y,N,AA/AAA,Y,N,,<Main><AirOffset>1</AirOffset><FromCity>NYC</FromCity><ToCity>EDI</ToCity><ReturnFromCity>DUB</ReturnFromCity><ReturnToCity>NYC</ReturnToCity><AirReturnOffset></AirReturnOffset></Main><AIWhoStamp>Biggins_Tr</AIWhoStamp><AIDateStamp>2023-02-10 12:02:26.000</AIDateStamp>,,,<Pre><First>Y</First></Pre>,<Post><Last>Y</Last></Post>,,CSA26,0,N,,23,,"<CarOver24Hrs>N</CarOver24Hrs><PrefCommMethod></PrefCommMethod><Destination>DUB,BEL,EDI</Destination><FlexPKGProfile>N</FlexPKGProfile>",Y,1900-01-01,doig_l,2025-04-21 00:00:00.000,Caldeira_N,2025-04-21 17:03:58.213,2025-04-21 00:00:00.000,2025-07-25 04:41:47.517,2025-04-28 19:00:19.260,0
16272,632987,"2026 Scottish & Irish Sampler - 7 Days/6 Nights - Cruise Planners - August 30, 2026",Multi-Expired,"2026 Scottish & Irish Sampler - 7 Days/6 Nights - Cruise Planners - August 30, 2026",2026-08-30,2026-08-30,2010-01-01,2026-12-31,SCH-GB-CSA,C,7,Y,N,AA/AAA,Y,N,,<Main><AirOffset>1</AirOffset><FromCity>NYC</FromCity><ToCity>EDI</ToCity><ReturnFromCity>DUB</ReturnFromCity><ReturnToCity>NYC</ReturnToCity><AirReturnOffset></AirReturnOffset></Main><AIWhoStamp>Biggins_Tr</AIWhoStamp><AIDateStamp>2023-02-10 12:02:26.000</AIDateStamp>,,,<Pre><First>Y</First></Pre>,<Post><Last>Y</Last></Post>,,CSA26,0,N,,23,,"<CarOver24Hrs>N</CarOver24Hrs><PrefCommMethod></PrefCommMethod><Destination>DUB,BEL,EDI</Destination><FlexPKGProfile>N</FlexPKGProfile>",Y,1900-01-01,doig_l,2025-04-21 00:00:00.000,Davies_Ja,2025-05-05 14:44:49.500,2025-05-06 04:34:49.337,2025-05-23 06:30:57.903,2025-05-06 04:34:49.337,0
16112,633248,"2026 The Irish Pub Tour - 9 Days/8 Nights - Nexion LLC - August 22, 2026",Internal,"2026 The Irish Pub Tour - 9 Days/8 Nights - Nexion LLC - August 22, 2026",2026-08-22,2026-08-22,2010-01-01,2026-12-31,SCH-IE-PUA,C,9,Y,N,AA/AAA,Y,N,,<Main><AirOffset>1</AirOffset><FromCity>NYC</FromCity><ToCity>DUB</ToCity><ReturnFromCity>DUB</ReturnFromCity><ReturnToCity>NYC</ReturnToCity></Main>,,,<Pre><First>Y</First></Pre>,<Post><Last>Y</Last></Post>,,PUA26,0,N,,44,,"<CarOver24Hrs>N</CarOver24Hrs><PrefCommMethod></PrefCommMethod><Destination>KER,KIK,DUB,GAL,WES</Destination><FlexPKGProfile>N</FlexPKGProfile>",Y,1900-01-01,doig_l,2025-04-24 00:00:00.000,Davies_Ja,2025-05-01 19:05:32.703,2025-05-02 04:23:56.197,2025-07-25 04:41:47.517,2025-05-02 04:23:56.197,0
16209,633248,"2026 The Irish Pub Tour- 9 Days/8 Nights- Recess 4 Grownups- August 22, 2026",Active,"2026 The Irish Pub Tour- 9 Days/8 Nights- Recess 4 Grownups- August 22, 2026",2026-08-22,2026-08-22,2010-01-01,2026-12-31,SCH-IE-PUA,C,9,Y,N,AA/AAA,Y,N,,<Main><AirOffset>1</AirOffset><FromCity>NYC</FromCity><ToCity>DUB</ToCity><ReturnFromCity>DUB</ReturnFromCity><ReturnToCity>NYC</ReturnToCity></Main>,,,<Pre><First>Y</First></Pre>,<Post><Last>Y</Last></Post>,,PUA26,0,N,,44,,"<CarOver24Hrs>N</CarOver24Hrs><PrefCommMethod></PrefCommMethod><Destination>KER,KIK,DUB,GAL,WES</Destination><FlexPKGProfile>N</FlexPKGProfile>",Y,1900-01-01,doig_l,2025-04-24 00:00:00.000,doig_l,2025-05-02 23:21:31.023,2025-05-03 04:35:37.930,2025-07-25 04:41:47.517,2025-05-03 04:35:37.930,0
16816,633248,"2026 The Irish Pub Tour- 9 Days/8 Nights- Recess 4 Grownups- August 22, 2026",Active,"2026 The Irish Pub Tour- 9 Days/8 Nights- Recess 4 Grownups- August 22, 2026",2026-08-22,2026-08-22,2010-01-01,2026-12-31,SCH-IE-PUA,C,9,Y,N,AA/AAA,Y,N,,<Main><AirOffset>1</AirOffset><FromCity>NYC</FromCity><ToCity>DUB</ToCity><ReturnFromCity>DUB</ReturnFromCity><ReturnToCity>NYC</ReturnToCity></Main>,,,<Pre><First>Y</First></Pre>,<Post><Last>Y</Last></Post>,,PUA26,0,N,,44,,"<CarOver24Hrs>N</CarOver24Hrs><PrefCommMethod></PrefCommMethod><Destination>KER,KIK,DUB,GAL,WES</Destination><FlexPKGProfile>N</FlexPKGProfile>",Y,1900-01-01,doig_l,2025-04-24 00:00:00.000,byrne_dr,2025-05-15 10:51:03.790,2025-05-16 06:42:01.470,2025-07-25 04:41:47.517,2025-05-16 06:42:01.470,0
17034,633248,"2026 The Irish Pub Tour- 9 Days/8 Nights- Recess 4 Grownups- August 22, 2026",Active,"2026 The Irish Pub Tour- 9 Days/8 Nights- Recess 4 Grownups- August 22, 2026",2026-08-22,2026-08-22,2010-01-01,2026-12-31,SCH-IE-PUA,C,9,Y,N,AA/AAA,Y,N,,<Main><AirOffset>1</AirOffset><FromCity>NYC</FromCity><ToCity>DUB</ToCity><ReturnFromCity>DUB</ReturnFromCity><ReturnToCity>NYC</ReturnToCity></Main>,,,<Pre><First>Y</First></Pre>,<Post><Last>Y</Last></Post>,,PUA26,0,N,,44,,"<CarOver24Hrs>N</CarOver24Hrs><PrefCommMethod></PrefCommMethod><Destination>KER,KIK,DUB,GAL,WES</Destination><FlexPKGProfile>N</FlexPKGProfile>",Y,1900-01-01,doig_l,2025-04-24 00:00:00.000,Stynes_A,2025-05-20 11:40:03.467,2025-05-21 06:42:32.540,2025-07-25 04:41:47.517,2025-05-21 06:42:32.540,0
17573,633248,"2026 The Irish Pub Tour- 9 Days/8 Nights- Recess 4 Grownups- August 22, 2026",Active,"2026 The Irish Pub Tour- 9 Days/8 Nights- Recess 4 Grownups- August 22, 2026",2026-08-22,2026-08-22,2010-01-01,2026-12-31,SCH-IE-PUA,C,9,Y,N,AA/AAA,Y,N,,<Main><AirOffset>1</AirOffset><FromCity>NYC</FromCity><ToCity>DUB</ToCity><ReturnFromCity>DUB</ReturnFromCity><ReturnToCity>NYC</ReturnToCity></Main>,,,<Pre><First>Y</First></Pre>,<Post><Last>Y</Last></Post>,,PUA26,0,N,,44,,"<CarOver24Hrs>N</CarOver24Hrs><PrefCommMethod></PrefCommMethod><Destination>KER,KIK,DUB,GAL,WES</Destination><FlexPKGProfile>N</FlexPKGProfile>",Y,1900-01-01,doig_l,2025-04-24 00:00:00.000,Douglas_P,2025-05-27 15:55:08.983,2025-05-28 07:01:18.080,2025-07-25 04:41:47.517,2025-05-28 07:01:18.080,0
15904,633265,"2026 Irish Legends - 10 Days/9 Nights - Nexion LLC - August 21, 2026",Multi-Pending,"2026 Irish Legends - 10 Days/9 Nights - Nexion LLC - August 21, 2026",2026-08-21,2026-08-21,2010-01-01,2026-12-31,SCH-IE-LEA,C,10,Y,N,AA/AAA,Y,N,,<Main><AirOffset>1</AirOffset><FromCity>NYC</FromCity><ToCity>DUB</ToCity><ReturnFromCity>DUB</ReturnFromCity><ReturnToCity>NYC</ReturnToCity></Main>,,,<Pre><Service><ProductCode>IEPRENIGHTS</ProductCode><SupplierID>IE-MEA-DCA</SupplierID><ServiceID>STD-SBB</ServiceID></Service></Pre>,<Post><Last>Y</Last></Post>,,LEA26,0,N,,32,,"<CarOver24Hrs>N</CarOver24Hrs><PrefCommMethod></PrefCommMethod><Destination>GAL,KIK,MEA,DUB,KER</Destination><FlexPKGProfile>N</FlexPKGProfile>",Y,1900-01-01,doig_l,2025-04-24 00:00:00.000,Caldeira_N,2025-04-24 16:21:16.977,2025-04-24 00:00:00.000,2025-07-25 04:41:47.517,2025-04-28 19:00:19.260,0
16018,633265,"2026 Irish Legends - 10 Days/9 Nights - Nexion LLC - August 21, 2026",Multi-Pending,"2026 Irish Legends - 10 Days/9 Nights - Nexion LLC - August 21, 2026",2026-08-21,2026-08-21,2010-01-01,2026-12-31,SCH-IE-LEA,C,10,Y,N,AA/AAA,Y,N,,<Main><AirOffset>1</AirOffset><FromCity>NYC</FromCity><ToCity>DUB</ToCity><ReturnFromCity>DUB</ReturnFromCity><ReturnToCity>NYC</ReturnToCity></Main>,,,<Pre><Service><ProductCode>IEPRENIGHTS</ProductCode><SupplierID>IE-MEA-DCA</SupplierID><ServiceID>STD-SBB</ServiceID></Service></Pre>,<Post><Last>Y</Last></Post>,,LEA26,0,N,,32,,"<CarOver24Hrs>N</CarOver24Hrs><PrefCommMethod></PrefCommMethod><Destination>GAL,KIK,MEA,DUB,KER</Destination><FlexPKGProfile>N</FlexPKGProfile>",Y,1900-01-01,doig_l,2025-04-24 00:00:00.000,Douglas_P,2025-04-29 12:06:49.433,2025-04-30 04:33:14.220,2025-07-25 04:41:47.517,2025-04-30 04:33:14.220,0
16113,633265,"2026 Irish Legends - 10 Days/9 Nights - Nexion LLC - August 21, 2026",Internal,"2026 Irish Legends - 10 Days/9 Nights - Nexion LLC - August 21, 2026",2026-08-21,2026-08-21,2010-01-01,2026-12-31,SCH-IE-LEA,C,10,Y,N,AA/AAA,Y,N,,<Main><AirOffset>1</AirOffset><FromCity>NYC</FromCity><ToCity>DUB</ToCity><ReturnFromCity>DUB</ReturnFromCity><ReturnToCity>NYC</ReturnToCity></Main>,,,<Pre><Service><ProductCode>IEPRENIGHTS</ProductCode><SupplierID>IE-MEA-DCA</SupplierID><ServiceID>STD-SBB</ServiceID></Service></Pre>,<Post><Last>Y</Last></Post>,,LEA26,0,N,,26,,"<CarOver24Hrs>N</CarOver24Hrs><PrefCommMethod></PrefCommMethod><Destination>GAL,KIK,MEA,DUB,KER</Destination><FlexPKGProfile>N</FlexPKGProfile>",Y,1900-01-01,doig_l,2025-04-24 00:00:00.000,Davies_Ja,2025-05-01 19:03:41.263,2025-05-02 04:23:56.197,2025-07-25 04:41:47.517,2025-05-02 04:23:56.197,0
16210,633265,"2026 Irish Legends- 10 Days/9 Nights- Recess 4 Grownups- August 21, 2026",Active,"2026 Irish Legends- 10 Days/9 Nights- Recess 4 Grownups- August 21, 2026",2026-08-21,2026-08-21,2010-01-01,2026-12-31,SCH-IE-LEA,C,10,Y,N,AA/AAA,Y,N,,<Main><AirOffset>1</AirOffset><FromCity>NYC</FromCity><ToCity>DUB</ToCity><ReturnFromCity>DUB</ReturnFromCity><ReturnToCity>NYC</ReturnToCity></Main>,,,<Pre><Service><ProductCode>IEPRENIGHTS</ProductCode><SupplierID>IE-MEA-DCA</SupplierID><ServiceID>STD-SBB</ServiceID></Service></Pre>,<Post><Last>Y</Last></Post>,,LEA26,0,N,,26,,"<CarOver24Hrs>N</CarOver24Hrs><PrefCommMethod></PrefCommMethod><Destination>GAL,KIK,MEA,DUB,KER</Destination><FlexPKGProfile>N</FlexPKGProfile>",Y,1900-01-01,doig_l,2025-04-24 00:00:00.000,doig_l,2025-05-02 22:52:34.547,2025-05-03 04:35:37.930,2025-07-25 04:41:47.517,2025-05-03 04:35:37.930,0
15907,633296,AVOYA TRAVEL,Pending,AVOYA TRAVEL,2025-08-21,2025-08-21,2025-04-24,2025-08-21,GRP-IE-WH,C,9,Y,N,N,Y,N,,,,,,,,IE-633296,0,Y,"L:5|7AA-0AA/0A,7.5|9.5AA-0AA/0A,10|12AA-0AA/0A,12.5|14.5AA-0AA/0A,15|17AA-0AA/0A,17.5|19.5AA-0AA/0A,20|22AA-0AA/0A,22.5|24AA-0AA/0A,48X;A:5|7AA-0AA/0A,7.5|9.5AA-0AA/0A,10|12AA-0AA/0A,12.5|14.5AA-0AA/0A,15|17AA-0AA/0A,17.5|19.5AA-0AA/0A,20|22AA-0AA/0A,22.5|24AA-0AA/0A,48X",20,,<CarOver24Hrs>N</CarOver24Hrs><FlexPKGProfile>N</FlexPKGProfile>,N,1900-01-01,Hager_W,2025-04-24 00:00:00.000,Hager_W,2025-04-24 20:01:12.117,2025-04-24 00:00:00.000,2025-07-25 04:41:47.517,2025-04-28 19:00:19.260,0
16350,633296,AVOYA TRAVEL,Internal,AVOYA TRAVEL,2025-08-21,2025-08-21,2025-04-24,2025-08-21,GRP-IE-WH,C,9,Y,N,N,Y,N,,,,,,,,IE-633296,0,Y,"L:5|7AA-0AA/0A,14X;A:5|7AA-0AA/0A,14X",10,,<CarOver24Hrs>N</CarOver24Hrs><FlexPKGProfile>N</FlexPKGProfile>,Y,1900-01-01,Hager_W,2025-04-24 00:00:00.000,Hager_W,2025-05-06 20:24:57.600,2025-05-07 04:32:50.770,2025-07-25 04:41:47.517,2025-05-07 04:32:50.770,0
16410,633296,AVOYA TRAVEL,Internal,AVOYA TRAVEL,2025-08-21,2025-08-21,2025-04-24,2025-08-21,GRP-IE-WH,C,9,Y,N,N,Y,N,,,,,,,,IE-633296,0,Y,"L:5|7AA-0AA/0A,14X;A:5|7AA-0AA/0A,14X",10,,<CarOver24Hrs>N</CarOver24Hrs><FlexPKGProfile>N</FlexPKGProfile>,Y,1900-01-01,Hager_W,2025-04-24 00:00:00.000,Lavery_R,2025-05-07 11:57:23.597,2025-05-08 04:34:50.883,2025-07-25 04:41:47.517,2025-05-08 04:34:50.883,0
16680,633296,AVOYA TRAVEL,Internal,AVOYA TRAVEL,2025-08-21,2025-08-21,2025-05-05,2025-05-15,GRP-IE-WH,C,9,Y,N,AA,Y,N,,,,,,,,IE-633296,0,Y,"L:5|7AA-0AA/0A,14X;A:5|7AA-0AA/0A,14X",10,,<CarOver24Hrs>N</CarOver24Hrs><FlexPKGProfile>N</FlexPKGProfile>,Y,1900-01-01,Hager_W,2025-04-24 00:00:00.000,Mahoney_he,2025-05-13 17:25:25.113,2025-05-14 06:43:12.710,2025-07-25 04:41:47.517,2025-05-14 06:43:12.710,0
16745,633296,AVOYA TRAVEL,Active,AVOYA TRAVEL,2025-08-21,2025-08-21,2025-05-05,2025-05-15,GRP-IE-WH,C,9,Y,N,AA,Y,N,,,,,,,,IE-633296,0,Y,"L:5|7AA-0AA/0A,14X;A:5|7AA-0AA/0A,14X",10,,<CarOver24Hrs>N</CarOver24Hrs><FlexPKGProfile>N</FlexPKGProfile>,Y,1900-01-01,Hager_W,2025-04-24 00:00:00.000,Mahoney_he,2025-05-14 21:42:19.527,2025-05-15 06:44:55.347,2025-07-25 04:41:47.517,2025-05-15 06:44:55.347,0
16819,633296,AVOYA TRAVEL,Active,AVOYA TRAVEL,2025-08-21,2025-08-21,2025-05-05,2025-05-15,GRP-IE-WH,C,9,Y,N,AA,Y,N,,,,,,,,IE-633296,0,Y,"L:5|7AA-0AA/0A,14X;A:5|7AA-0AA/0A,14X",10,,<CarOver24Hrs>N</CarOver24Hrs><FlexPKGProfile>N</FlexPKGProfile>,Y,1900-01-01,Hager_W,2025-04-24 00:00:00.000,Lavery_R,2025-05-15 14:01:58.310,2025-05-16 06:42:01.470,2025-07-25 04:41:47.517,2025-05-16 06:42:01.470,0
17035,633296,AVOYA TRAVEL,Active,AVOYA TRAVEL,2025-08-21,2025-08-21,2025-05-05,2025-05-20,GRP-IE-WH,C,9,Y,N,AA,Y,N,,,,,,,,IE-633296,0,Y,"L:5|7AA-0AA/0A,14X;A:5|7AA-0AA/0A,14X",10,,<CarOver24Hrs>N</CarOver24Hrs><FlexPKGProfile>N</FlexPKGProfile>,Y,1900-01-01,Hager_W,2025-04-24 00:00:00.000,Mahoney_he,2025-05-20 15:01:50.270,2025-05-21 06:42:32.540,2025-05-29 07:07:18.547,2025-05-21 06:42:32.540,0
17658,633296,AVOYA TRAVEL,Active,AVOYA TRAVEL,2025-08-21,2025-08-21,2025-05-05,2025-05-20,GRP-IE-WH,C,9,Y,N,AA,Y,N,,,,,,,,IE-633296,0,Y,"L:5|7AA-0AA/0A,14X;A:5|7AA-0AA/0A,14X",10,,<CarOver24Hrs>N</CarOver24Hrs><FlexPKGProfile>N</FlexPKGProfile>,Y,1900-01-01,Hager_W,2025-04-24 00:00:00.000,Lavery_R,2025-05-28 08:20:56.153,2025-05-29 07:08:00.567,9999-12-31 00:00:00.000,2025-05-29 07:08:00.567,1
15908,633359,"2026 Scottish & Irish Dream - 14 Days/13 Nights - Avoya Travel - May 13, 2026",Internal,"2026 Scottish & Irish Dream - 14 Days/13 Nights - Avoya Travel - May 13, 2026",2026-05-13,2026-05-13,2010-01-01,2026-12-31,SCH-GB-DRA,C,14,Y,N,AA/AAA,Y,N,,<Main><AirOffset>1</AirOffset><FromCity>NYC</FromCity><ToCity>EDI</ToCity><ReturnFromCity>DUB</ReturnFromCity><ReturnToCity>NYC</ReturnToCity><AirReturnOffset></AirReturnOffset></Main><AIWhoStamp>Biggins_Tr</AIWhoStamp><AIDateStamp>2022-09-06 16:56:08.000</AIDateStamp>,,,<Pre><First>Y</First></Pre>,<Post><Last>Y</Last></Post>,,DRA26/TAA26,0/7,N,,14,,"<CarOver24Hrs>N</CarOver24Hrs><PrefCommMethod></PrefCommMethod><Destination>EDI,NAI,PES,DUB,KER,LIM,ARY,GLA,INV</Destination><FlexPKGProfile>N</FlexPKGProfile>",Y,1900-01-01,doig_l,2025-04-24 00:00:00.000,Davies_Ja,2025-04-28 14:52:06.557,2025-04-24 00:00:00.000,2025-07-25 04:41:47.517,2025-04-28 19:00:19.260,0
16049,633800,"2026 Irish Legends - 10 Days/9 Nights - Anywhere but Here Travel - August 21, 2026",Pending,"2026 Irish Legends - 10 Days/9 Nights - Anywhere but Here Travel - August 21, 2026",2026-08-21,2026-08-21,2010-01-01,2026-12-31,SCH-IE-LEA,C,10,Y,N,AA/AAA,Y,N,,<Main><AirOffset>1</AirOffset><FromCity>NYC</FromCity><ToCity>DUB</ToCity><ReturnFromCity>DUB</ReturnFromCity><ReturnToCity>NYC</ReturnToCity></Main>,,,<Pre><Service><ProductCode>IEPRENIGHTS</ProductCode><SupplierID>IE-MEA-DCA</SupplierID><ServiceID>STD-SBB</ServiceID></Service></Pre>,<Post><Last>Y</Last></Post>,,LEA26,0,N,,26,,"<CarOver24Hrs>N</CarOver24Hrs><PrefCommMethod></PrefCommMethod><Destination>GAL,KIK,MEA,DUB,KER</Destination><FlexPKGProfile>N</FlexPKGProfile>",Y,1900-01-01,Markle_M,2025-04-30 00:00:00.000,Davies_Ja,2025-04-30 21:30:33.657,2025-04-30 00:00:00.000,2025-07-25 04:41:47.517,2025-05-01 04:34:05.520,0
16414,633800,"2026 Irish Legends - 10 Days/9 Nights - Anywhere but Here Travel - August 7, 2026",Active,"2026 Irish Legends - 10 Days/9 Nights - Anywhere but Here Travel - August 7, 2026",2026-08-07,2026-08-07,2010-01-01,2026-08-07,SCH-IE-LEA,C,10,Y,N,AA/AAA,Y,N,,<Main><AirOffset>1</AirOffset><FromCity>NYC</FromCity><ToCity>DUB</ToCity><ReturnFromCity>DUB</ReturnFromCity><ReturnToCity>NYC</ReturnToCity></Main>,,,<Pre><Service><ProductCode>IEPRENIGHTS</ProductCode><SupplierID>IE-MEA-DCA</SupplierID><ServiceID>STD-SBB</ServiceID></Service></Pre>,<Post><Last>Y</Last></Post>,,LEA26,0,N,,26,,"<CarOver24Hrs>N</CarOver24Hrs><PrefCommMethod></PrefCommMethod><Destination>GAL,KIK,MEA,DUB,KER</Destination><FlexPKGProfile>N</FlexPKGProfile>",Y,1900-01-01,Markle_M,2025-04-30 00:00:00.000,Markle_M,2025-05-07 20:17:27.963,2025-05-08 04:34:50.883,2025-06-16 11:39:06.717,2025-05-08 04:34:50.883,0
16118,633834,"2026 Taste of Scotland & Ireland - 11 Days/10 Nights - Christian Tours - November 8, 2026",Multi-Pending,"2026 Taste of Scotland & Ireland - 11 Days/10 Nights - Christian Tours - November 8, 2026",2026-11-08,2026-11-08,2010-01-01,2026-12-31,SCH-GB-SCA,C,11,Y,N,AA/AAA,Y,N,,<Main><AirOffset>1</AirOffset><FromCity>NYC</FromCity><ToCity>EDI</ToCity><ReturnFromCity>DUB</ReturnFromCity><ReturnToCity>NYC</ReturnToCity><AirReturnOffset></AirReturnOffset></Main><AIWhoStamp>Biggins_Tr</AIWhoStamp><AIDateStamp>2022-09-06 17:09:55.000</AIDateStamp>,,,<Pre><Service><ProductCode>UKPRENIGHTS</ProductCode><SupplierID>GB-GLA-GTH</SupplierID><ServiceID>STD-SBB</ServiceID></Service></Pre>,<Post><Last>Y</Last></Post>,,SCA26,0,N,,36,,"<CarOver24Hrs>N</CarOver24Hrs><PrefCommMethod></PrefCommMethod><Destination>GLA,NAI,EDI,KER,DUB,LIM</Destination><FlexPKGProfile>N</FlexPKGProfile>",Y,1900-01-01,doig_l,2025-05-01 00:00:00.000,Davies_Ja,2025-05-01 14:18:03.417,2025-05-01 00:00:00.000,2025-07-25 04:41:47.517,2025-05-02 04:23:56.197,0
16219,633834,"2026 Taste of Scotland & Ireland - 11 Days/10 Nights - Christian Tours - November 8, 2026",Internal,"2026 Taste of Scotland & Ireland - 11 Days/10 Nights - Christian Tours - November 8, 2026",2026-11-08,2026-11-08,2010-01-01,2026-12-31,SCH-GB-SCA,C,11,Y,N,AA/AAA,Y,N,,<Main><AirOffset>1</AirOffset><FromCity>NYC</FromCity><ToCity>EDI</ToCity><ReturnFromCity>DUB</ReturnFromCity><ReturnToCity>NYC</ReturnToCity><AirReturnOffset></AirReturnOffset></Main><AIWhoStamp>Biggins_Tr</AIWhoStamp><AIDateStamp>2022-09-06 17:09:55.000</AIDateStamp>,,,<Pre><Service><ProductCode>UKPRENIGHTS</ProductCode><SupplierID>GB-GLA-GTH</SupplierID><ServiceID>STD-SBB</ServiceID></Service></Pre>,<Post><Last>Y</Last></Post>,,SCA26,0,N,,42,,"<CarOver24Hrs>N</CarOver24Hrs><PrefCommMethod></PrefCommMethod><Destination>GLA,NAI,EDI,KER,DUB,LIM</Destination><FlexPKGProfile>N</FlexPKGProfile>",Y,1900-01-01,doig_l,2025-05-01 00:00:00.000,doig_l,2025-05-03 00:11:53.583,2025-05-03 04:35:37.930,2025-07-25 04:41:47.517,2025-05-03 04:35:37.930,0
16279,633834,"2026 Taste of Scotland & Ireland- 11 Days/10 Nights- Christian Tours- November 8, 2026",Active,"2026 Taste of Scotland & Ireland- 11 Days/10 Nights- Christian Tours- November 8, 2026",2026-11-08,2026-11-08,2010-01-01,2026-12-31,SCH-GB-SCA,C,11,Y,N,AA/AAA,Y,N,,<Main><AirOffset>1</AirOffset><FromCity>NYC</FromCity><ToCity>EDI</ToCity><ReturnFromCity>DUB</ReturnFromCity><ReturnToCity>NYC</ReturnToCity><AirReturnOffset></AirReturnOffset></Main><AIWhoStamp>Biggins_Tr</AIWhoStamp><AIDateStamp>2022-09-06 17:09:55.000</AIDateStamp>,,,<Pre><Service><ProductCode>UKPRENIGHTS</ProductCode><SupplierID>GB-GLA-GTH</SupplierID><ServiceID>STD-SBB</ServiceID></Service></Pre>,<Post><Last>Y</Last></Post>,,SCA26,0,N,,42,,"<CarOver24Hrs>N</CarOver24Hrs><PrefCommMethod></PrefCommMethod><Destination>GLA,NAI,EDI,KER,DUB,LIM</Destination><FlexPKGProfile>N</FlexPKGProfile>",Y,1900-01-01,doig_l,2025-05-01 00:00:00.000,doig_l,2025-05-05 22:00:00.707,2025-05-06 04:34:49.337,2025-05-21 06:41:49.877,2025-05-06 04:34:49.337,0
17040,633834,"2026 Taste of Scotland & Ireland- 11 Days/10 Nights- Christian Tours- November 8, 2026",Active,"2026 Taste of Scotland & Ireland- 11 Days/10 Nights- Christian Tours- November 8, 2026",2026-11-08,2026-11-08,2010-01-01,2026-12-31,SCH-GB-SCA,C,11,Y,N,AA/AAA,Y,N,,<Main><AirOffset>1</AirOffset><FromCity>NYC</FromCity><ToCity>EDI</ToCity><ReturnFromCity>DUB</ReturnFromCity><ReturnToCity>NYC</ReturnToCity><AirReturnOffset></AirReturnOffset></Main><AIWhoStamp>Biggins_Tr</AIWhoStamp><AIDateStamp>2022-09-06 17:09:55.000</AIDateStamp>,,,<Pre><Service><ProductCode>UKPRENIGHTS</ProductCode><SupplierID>GB-GLA-GTH</SupplierID><ServiceID>STD-SBB</ServiceID></Service></Pre>,<Post><Last>Y</Last></Post>,,SCA26,0,N,,42,,"<CarOver24Hrs>N</CarOver24Hrs><PrefCommMethod></PrefCommMethod><Destination>GLA,NAI,EDI,KER,DUB,LIM</Destination><FlexPKGProfile>N</FlexPKGProfile>",Y,1900-01-01,doig_l,2025-05-01 00:00:00.000,Stynes_A,2025-05-20 11:44:42.080,2025-05-21 06:42:32.540,2026-01-06 06:56:57.540,2025-05-21 06:42:32.540,0
16222,633919,"2026 Northern Lights Quest of Iceland - 6 Days/5 Nights - Unique Adventures - December 3, 2026",Multi-Pending,"2026 Northern Lights Quest of Iceland - 6 Days/5 Nights - Unique Adventures - December 3, 2026",2026-12-03,2026-12-03,2010-01-01,2026-12-31,SCH-IS-ICN,C,6,Y,N,AA,Y,N,,<Main><AirOffset>1</AirOffset><FromCity>NYC</FromCity><ToCity>REK</ToCity><ReturnFromCity>REK</ReturnFromCity><ReturnToCity>NYC</ReturnToCity><AirReturnOffset></AirReturnOffset></Main><AIWhoStamp>McInerney_M</AIWhoStamp><AIDateStamp>2018-11-29 09:30:09.000</AIDateStamp>,,,<Pre><First>Y</First></Pre>,<Post><Last>Y</Last></Post>,,ICN26,0,N,,10,,"<CarOver24Hrs>N</CarOver24Hrs><PrefCommMethod></PrefCommMethod><Destination>NUP,REK,HLL</Destination><FlexPKGProfile>N</FlexPKGProfile>",Y,1900-01-01,doig_l,2025-05-02 00:00:00.000,Tancred_E,2025-05-02 17:15:13.330,2025-05-02 00:00:00.000,2025-07-25 04:41:47.517,2025-05-03 04:35:37.930,0
16281,633919,"2026 Northern Lights Quest of Iceland - 6 Days/5 Nights - Unique Adventures - December 3, 2026",Internal,"2026 Northern Lights Quest of Iceland - 6 Days/5 Nights - Unique Adventures - December 3, 2026",2026-12-03,2026-12-03,2010-01-01,2026-12-31,SCH-IS-ICN,C,6,Y,N,AA,Y,N,,<Main><AirOffset>1</AirOffset><FromCity>NYC</FromCity><ToCity>REK</ToCity><ReturnFromCity>REK</ReturnFromCity><ReturnToCity>NYC</ReturnToCity><AirReturnOffset></AirReturnOffset></Main><AIWhoStamp>McInerney_M</AIWhoStamp><AIDateStamp>2018-11-29 09:30:09.000</AIDateStamp>,,,<Pre><First>Y</First></Pre>,<Post><Last>Y</Last></Post>,,ICN26,0,N,,10,,"<CarOver24Hrs>N</CarOver24Hrs><PrefCommMethod></PrefCommMethod><Destination>NUP,REK,HLL</Destination><FlexPKGProfile>N</FlexPKGProfile>",Y,1900-01-01,doig_l,2025-05-02 00:00:00.000,Davies_Ja,2025-05-05 20:28:19.333,2025-05-06 04:34:49.337,2025-07-25 04:41:47.517,2025-05-06 04:34:49.337,0
16358,633919,"2026 Northern Lights Quest of Iceland- 6 Days/5 Nights- Northern Lights Adventure with Unique Adventures- December 3, 2026",Active,"2026 Northern Lights Quest of Iceland- 6 Days/5 Nights- Northern Lights Adventure with Unique Adventures- December 3, 2026",2026-12-03,2026-12-03,2010-01-01,2026-12-31,SCH-IS-ICN,C,6,Y,N,AA,Y,N,,<Main><AirOffset>1</AirOffset><FromCity>NYC</FromCity><ToCity>REK</ToCity><ReturnFromCity>REK</ReturnFromCity><ReturnToCity>NYC</ReturnToCity><AirReturnOffset></AirReturnOffset></Main><AIWhoStamp>McInerney_M</AIWhoStamp><AIDateStamp>2018-11-29 09:30:09.000</AIDateStamp>,,,<Pre><First>Y</First></Pre>,<Post><Last>Y</Last></Post>,,ICN26,0,N,,10,,"<CarOver24Hrs>N</CarOver24Hrs><PrefCommMethod></PrefCommMethod><Destination>NUP,REK,HLL</Destination><FlexPKGProfile>N</FlexPKGProfile>",Y,1900-01-01,doig_l,2025-05-02 00:00:00.000,doig_l,2025-05-06 17:42:59.770,2025-05-07 04:32:50.770,2025-05-28 07:00:44.447,2025-05-07 04:32:50.770,0
17575,633919,"2026 Northern Lights Quest of Iceland- 6 Days/5 Nights- Northern Lights Adventure with Unique Adventures- December 3, 2026",Active,"2026 Northern Lights Quest of Iceland- 6 Days/5 Nights- Northern Lights Adventure with Unique Adventures- December 3, 2026",2026-12-03,2026-12-03,2010-01-01,2026-12-31,SCH-IS-ICN,C,6,Y,N,AA,Y,N,,<Main><AirOffset>1</AirOffset><FromCity>NYC</FromCity><ToCity>REK</ToCity><ReturnFromCity>REK</ReturnFromCity><ReturnToCity>NYC</ReturnToCity><AirReturnOffset></AirReturnOffset></Main><AIWhoStamp>McInerney_M</AIWhoStamp><AIDateStamp>2018-11-29 09:30:09.000</AIDateStamp>,,,<Pre><First>Y</First></Pre>,<Post><Last>Y</Last></Post>,,ICN26,0,N,,10,,"<CarOver24Hrs>N</CarOver24Hrs><PrefCommMethod></PrefCommMethod><Destination>NUP,REK,HLL</Destination><FlexPKGProfile>N</FlexPKGProfile>",Y,1900-01-01,doig_l,2025-05-02 00:00:00.000,Tancred_E,2025-05-27 15:09:26.753,2025-05-28 07:01:18.080,2025-06-16 11:39:06.717,2025-05-28 07:01:18.080,0
16223,633937,"2025 Irish Adventure - 8 Days/7 Nights - Nexion Canada - October 13, 2025",Pending,"2025 Irish Adventure - 8 Days/7 Nights - Nexion Canada - October 13, 2025",2025-10-13,2025-10-13,2010-01-01,2025-12-31,SCH-IE-ADA,C,8,Y,N,AA/AAA,Y,N,,<Main><AirOffset>1</AirOffset><FromCity>NYC</FromCity><ToCity>DUB</ToCity><ReturnFromCity>DUB</ReturnFromCity><ReturnToCity>NYC</ReturnToCity></Main>,,,<Pre><First>Y</First></Pre>,,,ADA25,0,N,,20,,"<CarOver24Hrs>N</CarOver24Hrs><PrefCommMethod></PrefCommMethod><Destination>DUB,WAT,GAL,DER,KER</Destination><FlexPKGProfile>N</FlexPKGProfile>",Y,1900-01-01,doig_l,2025-05-02 00:00:00.000,Davies_Ja,2025-05-02 17:49:54.043,2025-05-02 00:00:00.000,2025-09-06 05:55:48.520,2025-05-03 04:35:37.930,0
16224,633938,"2025 Northern Lights Quest of Iceland - 6 Days/5 Nights - Nexion Canada - October 9, 2025",Multi-Pending,"2025 Northern Lights Quest of Iceland - 6 Days/5 Nights - Nexion Canada - October 9, 2025",2025-10-09,2025-10-09,2010-01-01,2025-12-31,SCH-IS-ICT,C,6,Y,N,AA,Y,N,,<Main><AirOffset>1</AirOffset><FromCity>NYC</FromCity><ToCity>REK</ToCity><ReturnFromCity>REK</ReturnFromCity><ReturnToCity>NYC</ReturnToCity><AirReturnOffset></AirReturnOffset></Main><AIWhoStamp>McInerney_M</AIWhoStamp><AIDateStamp>2018-11-29 09:30:09.000</AIDateStamp>,,,<Pre><First>Y</First></Pre>,<Post><Last>Y</Last></Post>,,ICT25,0,N,,20,,"<CarOver24Hrs>N</CarOver24Hrs><PrefCommMethod></PrefCommMethod><Destination>NUP,HLL,REK</Destination><FlexPKGProfile>N</FlexPKGProfile>",Y,1900-01-01,doig_l,2025-05-02 00:00:00.000,Davies_Ja,2025-05-02 17:51:48.660,2025-05-02 00:00:00.000,2025-05-28 07:00:44.447,2025-05-03 04:35:37.930,0
17576,633938,"2025 Northern Lights Quest of Iceland - 6 Days/5 Nights - Nexion Canada - October 9, 2025",Multi-Pending,"2025 Northern Lights Quest of Iceland - 6 Days/5 Nights - Nexion Canada - October 9, 2025",2025-10-09,2025-10-09,2010-01-01,2025-12-31,SCH-IS-ICT,C,6,Y,N,AA,Y,N,,<Main><AirOffset>1</AirOffset><FromCity>NYC</FromCity><ToCity>REK</ToCity><ReturnFromCity>REK</ReturnFromCity><ReturnToCity>NYC</ReturnToCity><AirReturnOffset></AirReturnOffset></Main><AIWhoStamp>McInerney_M</AIWhoStamp><AIDateStamp>2018-11-29 09:30:09.000</AIDateStamp>,,,<Pre><First>Y</First></Pre>,<Post><Last>Y</Last></Post>,,ICT25,0,N,,20,,"<CarOver24Hrs>N</CarOver24Hrs><PrefCommMethod></PrefCommMethod><Destination>NUP,HLL,REK</Destination><FlexPKGProfile>N</FlexPKGProfile>",Y,1900-01-01,doig_l,2025-05-02 00:00:00.000,Tancred_E,2025-05-27 13:04:41.633,2025-05-28 07:01:18.080,2025-09-11 02:14:04.910,2025-05-28 07:01:18.080,0
16225,633961,Arunca Viagens e Turismo,Pending,Arunca Viagens e Turismo,2025-09-05,2025-09-05,2025-05-02,2025-09-05,GRP-IE-KS-1,C,9,Y,N,AA,Y,N,,,,,,,,IE-633961,0,Y,"L:5|7AA-0AA/0A,7.5|9.5AA-0AA/0A,10|12AA-0AA/0A,12.5|14.5AA-0AA/0A,15|17AA-0AA/0A,17.5|19.5AA-0AA/0A,20|22AA-0AA/0A,22.5|24AA-0AA/0A,48X;A:5|7AA-0AA/0A,7.5|9.5AA-0AA/0A,10|12AA-0AA/0A,12.5|14.5AA-0AA/0A,15|17AA-0AA/0A,17.5|19.5AA-0AA/0A,20|22AA-0AA/0A,22.5|24AA-0AA/0A,48X",20,,<CarOver24Hrs>N</CarOver24Hrs><FlexPKGProfile>N</FlexPKGProfile>,N,1900-01-01,Smith_K,2025-05-02 00:00:00.000,Smith_K,2025-05-02 20:36:02.610,2025-05-02 00:00:00.000,2025-07-25 04:41:47.517,2025-05-03 04:35:37.930,0
13936,GB-CSA-26-7D,2026 Scottish & Irish Sampler - 7 Days/6 Nights,Active,2026 Scottish & Irish Sampler - 7 Days/6 Nights,2026-01-01,2026-12-31,2010-01-01,2026-12-31,SCH-GB-CSA,T,7,Y,N,N,Y,Y,,<Main><AirOffset>1</AirOffset><FromCity>NYC</FromCity><ToCity>EDI</ToCity><ReturnFromCity>DUB</ReturnFromCity><ReturnToCity>NYC</ReturnToCity><AirReturnOffset></AirReturnOffset></Main><AIWhoStamp>Biggins_Tr</AIWhoStamp><AIDateStamp>2023-02-10 12:02:26.000</AIDateStamp>,,,<Pre><First>Y</First></Pre>,<Post><Last>Y</Last></Post>,,CSA26,0,N,"L:18|18AA-0AA/0A,36X;A:18|18AA-0AA/0A,36X",36,,"<CarOver24Hrs>N</CarOver24Hrs><PrefCommMethod></PrefCommMethod><Destination>DUB,BEL,EDI</Destination><FlexPKGProfile>N</FlexPKGProfile>",Y,1900-01-01,SoftripA,2024-08-23 00:00:00.000,Foster_S,2025-03-26 11:31:02.193,2024-08-23 00:00:00.000,2025-05-23 06:30:57.903,2025-04-08 08:40:08.187,0
17326,GB-CSA-26-7D,2026 Scottish & Irish Sampler - 7 Days/6 Nights,Active,2026 Scottish & Irish Sampler - 7 Days/6 Nights,2026-01-01,2026-12-31,2010-01-01,2026-12-31,SCH-GB-CSA,T,7,Y,N,N,Y,Y,,<Main><AirOffset>1</AirOffset><FromCity>NYC</FromCity><ToCity>EDI</ToCity><ReturnFromCity>DUB</ReturnFromCity><ReturnToCity>NYC</ReturnToCity><AirReturnOffset></AirReturnOffset></Main><AIWhoStamp>Biggins_Tr</AIWhoStamp><AIDateStamp>2023-02-10 12:02:26.000</AIDateStamp>,,,<Pre><First>Y</First></Pre>,<Post><Last>Y</Last></Post>,,CSA26,0,N,"L:18|18AA-0AA/0A,36X;A:18|18AA-0AA/0A,36X",36,,"<CarOver24Hrs>N</CarOver24Hrs><PrefCommMethod></PrefCommMethod><Destination>DUB,BEL,EDI</Destination><FlexPKGProfile>N</FlexPKGProfile>",Y,1900-01-01,SoftripA,2024-08-23 00:00:00.000,Lyons_S,2025-05-22 13:31:02.517,2025-05-23 06:31:23.863,2025-06-27 05:53:54.870,2025-05-23 06:31:23.863,0
13937,GB-DRA-18-8D,2018 Scottish Dream - 8 Days/7 Nights,Active,2018 Scottish Dream - 8 Days/7 Nights,2018-01-01,2018-12-31,2016-01-01,2018-12-31,SCH-GB-DRA,T,8,Y,N,N,Y,Y,,<Main><AirOffset>1</AirOffset><FromCity>NYC</FromCity><ToCity>GLA</ToCity><ReturnFromCity>EDI</ReturnFromCity><ReturnToCity>NYC</ReturnToCity></Main>,,,<Service><ProductCode>UKPRENIGHTS</ProductCode><SupplierID>GB-GLA-JIG</SupplierID><ServiceID>STD-SBBPRE</ServiceID></Service>,,,DRA18,0,N,"L:9|18AA-0AA/0A,36X;A:9|18AA-0AA/0A,36X",36,,<CarOver24Hrs>N</CarOver24Hrs><FlexPKGProfile>N</FlexPKGProfile>,Y,1900-01-01,Biggins_Tr,2016-08-04 00:00:00.000,Folsom_G,2018-03-06 16:22:36.870,2016-08-04 00:00:00.000,9999-12-31 00:00:00.000,2025-04-08 08:40:08.187,1
13938,GB-DRA-18-9D,2018 Scottish Dream - 9 Days/8 Nights,Active,2018 Scottish Dream - 9 Days/8 Nights,2018-01-01,2018-12-31,2016-01-01,2018-12-31,SCH-GB-DRA,T,9,Y,N,N,Y,Y,,<Main><AirOffset>1</AirOffset><FromCity>NYC</FromCity><ToCity>GLA</ToCity><ReturnFromCity>EDI</ReturnFromCity><ReturnToCity>NYC</ReturnToCity></Main>,,,<Service><ProductCode>UKPRENIGHTS</ProductCode><SupplierID>GB-GLA-JIG</SupplierID><ServiceID>STD-SBBPRE</ServiceID></Service>,,,DRA18,0,N,"L:9|18AA-0AA/0A,36X;A:9|18AA-0AA/0A,36X",36,,<CarOver24Hrs>N</CarOver24Hrs><FlexPKGProfile>N</FlexPKGProfile>,Y,1900-01-01,Biggins_Tr,2016-08-04 00:00:00.000,Folsom_G,2018-03-06 16:22:37.153,2016-08-04 00:00:00.000,9999-12-31 00:00:00.000,2025-04-08 08:40:08.187,1
13939,GB-DRA-19-8D,2019 Scottish Dream - 8 Days/7 Nights,Active,2019 Scottish Dream - 8 Days/7 Nights,2019-01-01,2019-12-31,2017-01-01,2019-12-31,SCH-GB-DRA,T,8,Y,N,N,Y,Y,,<Main><AirOffset>1</AirOffset><FromCity>NYC</FromCity><ToCity>GLA</ToCity><ReturnFromCity>EDI</ReturnFromCity><ReturnToCity>NYC</ReturnToCity></Main>,,,<First>Y</First>,<Last>Y</Last>,,DRA19,0,N,"L:18|18AA-0AA/0A,36X;A:18|18AA-0AA/0A,36X",36,,<CarOver24Hrs>N</CarOver24Hrs><FlexPKGProfile>N</FlexPKGProfile>,Y,1900-01-01,Dollah_H,2017-06-14 00:00:00.000,Stynes_A,2019-07-26 10:58:56.440,2017-06-14 00:00:00.000,9999-12-31 00:00:00.000,2025-04-08 08:40:08.187,1
13940,GB-DRA-20-8D,2020 Scottish Dream - 8 Days/7 Nights,Loading,2020 Scottish Dream - 8 Days/7 Nights,2020-01-01,2020-12-31,2018-01-01,2020-12-31,SCH-GB-DRA,T,8,Y,N,N,Y,Y,,<Main><AirOffset>1</AirOffset><FromCity>NYC</FromCity><ToCity>GLA</ToCity><ReturnFromCity>EDI</ReturnFromCity><ReturnToCity>NYC</ReturnToCity></Main>,,,<First>Y</First>,<Last>Y</Last>,,DRA20,0,N,"L:18|18AA-0AA/0A,36X;A:18|18AA-0AA/0A,36X",36,,<CarOver24Hrs>N</CarOver24Hrs><FlexPKGProfile>N</FlexPKGProfile>,Y,1900-01-01,Biggins_Tr,2018-07-24 00:00:00.000,McInerney_M,2020-09-08 21:04:27.800,2018-07-24 00:00:00.000,9999-12-31 00:00:00.000,2025-04-08 08:40:08.187,1
13941,GB-DRA-21-8D,2021 Scottish Dream - 8 Days/7 Nights,Closed,2021 Scottish Dream - 8 Days/7 Nights,2021-01-01,2021-12-31,2019-01-01,2021-12-31,SCH-GB-DRA,T,8,Y,N,N,Y,Y,,<Main><AirOffset>1</AirOffset><FromCity>NYC</FromCity><ToCity>GLA</ToCity><ReturnFromCity>EDI</ReturnFromCity><ReturnToCity>NYC</ReturnToCity></Main>,,,<First>Y</First>,<Last>Y</Last>,,DRA21,0,N,"L:18|18AA-0AA/0A,36X;A:18|18AA-0AA/0A,36X",36,,<CarOver24Hrs>N</CarOver24Hrs><FlexPKGProfile>N</FlexPKGProfile>,Y,1900-01-01,SoftripA,2019-09-12 00:00:00.000,McInerney_M,2022-02-01 17:21:27.857,2019-09-12 00:00:00.000,9999-12-31 00:00:00.000,2025-04-08 08:40:08.187,1
13942,GB-DRA-22-8D,2022 Scottish Dream - 8 Days/7 Nights,Active,2022 Scottish Dream - 8 Days/7 Nights,2022-01-01,2022-12-31,2020-01-01,2022-12-31,SCH-GB-DRA,T,8,Y,N,N,Y,Y,,<Main><AirOffset>1</AirOffset><FromCity>NYC</FromCity><ToCity>EDI</ToCity><ReturnFromCity>EDI</ReturnFromCity><ReturnToCity>NYC</ReturnToCity><AirReturnOffset></AirReturnOffset></Main><AIWhoStamp>McInerney_M</AIWhoStamp><AIDateStamp>2021-11-16 14:43:35.000</AIDateStamp>,,,<First>Y</First>,<Last>Y</Last>,,DRA22,0,N,"L:18|18AA-0AA/0A,36X;A:18|18AA-0AA/0A,36X",36,,<CarOver24Hrs>N</CarOver24Hrs><FlexPKGProfile>N</FlexPKGProfile>,Y,1900-01-01,SoftripA,2020-10-21 20:57:50.283,Mccormack_Ci,2022-05-24 22:35:30.470,2020-10-21 20:57:50.283,9999-12-31 00:00:00.000,2025-04-08 08:40:08.187,1
13943,GB-DRA-23-8D,2023 Scottish Dream - 8 Days/7 Nights,Active,2023 Scottish Dream - 8 Days/7 Nights,2023-01-01,2023-12-31,2010-01-01,2023-12-31,SCH-GB-DRA,T,8,Y,N,N,Y,Y,,<Main><AirOffset>1</AirOffset><FromCity>NYC</FromCity><ToCity>EDI</ToCity><ReturnFromCity>EDI</ReturnFromCity><ReturnToCity>NYC</ReturnToCity><AirReturnOffset></AirReturnOffset></Main><AIWhoStamp>Biggins_Tr</AIWhoStamp><AIDateStamp>2022-09-06 16:38:11.000</AIDateStamp>,,,<Pre><First>Y</First></Pre>,<Post><Last>Y</Last></Post>,,DRA23,0,N,"L:18|18AA-0AA/0A,36X;A:18|18AA-0AA/0A,36X",36,,<CarOver24Hrs>N</CarOver24Hrs><FlexPKGProfile>N</FlexPKGProfile>,Y,1900-01-01,SoftripA,2021-09-03 00:00:00.000,Coade_L,2023-06-08 13:03:17.923,2021-09-03 00:00:00.000,9999-12-31 00:00:00.000,2025-04-08 08:40:08.187,1
11402,597282,"2024 Ireland's Wild Atlantic Way - 10 Days/9 Nights - Eljo Travel - September 1, 2024",Active,"2024 Ireland's Wild Atlantic Way - 10 Days/9 Nights - Eljo Travel - September 1, 2024",2024-09-01,2024-09-01,2010-01-01,2024-12-31,SCH-IE-IWA,C,10,Y,N,AA/AAA,Y,N,,<Main><AirOffset>1</AirOffset><FromCity>NYC</FromCity><ToCity>DUB</ToCity><ReturnFromCity>DUB</ReturnFromCity><ReturnToCity>NYC</ReturnToCity></Main>,,,<Pre><Service><ProductCode>IEPRENIGHTS</ProductCode><SupplierID>IE-DUB-CCA</SupplierID><ServiceID>STD-SBB</ServiceID></Service></Pre>,<Post><Last>Y</Last></Post>,,IWA24,0,N,,6,,<CarOver24Hrs>N</CarOver24Hrs><FlexPKGProfile>N</FlexPKGProfile>,Y,1900-01-01,Markle_M,2024-01-23 00:00:00.000,Markle_M,2024-06-25 15:28:18.833,2024-01-23 00:00:00.000,9999-12-31 00:00:00.000,2025-04-08 08:40:08.187,1
11403,597284,"2025 Irish Legends- 10 Days/9 Nights- 2025 Ireland Trip- May 23, 2025",Active,"2025 Irish Legends- 10 Days/9 Nights- 2025 Ireland Trip- May 23, 2025",2025-05-23,2025-05-23,2010-01-01,2025-05-23,SCH-IE-LEA,C,10,Y,N,AA/AAA,Y,N,,<Main><AirOffset>1</AirOffset><FromCity>NYC</FromCity><ToCity>DUB</ToCity><ReturnFromCity>DUB</ReturnFromCity><ReturnToCity>NYC</ReturnToCity></Main>,,,<Pre><Service><ProductCode>IEPRENIGHTS</ProductCode><SupplierID>IE-MEA-DCA</SupplierID><ServiceID>STD-SBB</ServiceID></Service></Pre>,<Post><Last>Y</Last></Post>,,LEA25,0,N,,11,,"<CarOver24Hrs>N</CarOver24Hrs><FlexPKGProfile>N</FlexPKGProfile><PrefCommMethod></PrefCommMethod><Destination>GAL,KIK,MEA,DUB,KER</Destination>",Y,1900-01-01,doig_l,2024-01-23 00:00:00.000,doig_l,2025-04-04 12:49:48.717,2024-01-23 00:00:00.000,2025-05-21 06:41:49.877,2025-04-08 08:40:08.187,0
15384,597284,"2025 Irish Legends- 10 Days/9 Nights- 2025 Ireland Trip- May 23, 2025",Active,"2025 Irish Legends- 10 Days/9 Nights- 2025 Ireland Trip- May 23, 2025",2025-05-23,2025-05-23,2010-01-01,2025-05-23,SCH-IE-LEA,C,10,Y,N,AA/AAA,Y,N,,<Main><AirOffset>1</AirOffset><FromCity>NYC</FromCity><ToCity>DUB</ToCity><ReturnFromCity>DUB</ReturnFromCity><ReturnToCity>NYC</ReturnToCity></Main>,,,<Pre><Service><ProductCode>IEPRENIGHTS</ProductCode><SupplierID>IE-MEA-DCA</SupplierID><ServiceID>STD-SBB</ServiceID></Service></Pre>,<Post><Last>Y</Last></Post>,,LEA25,0,N,,11,,"<CarOver24Hrs>N</CarOver24Hrs><FlexPKGProfile>N</FlexPKGProfile><PrefCommMethod></PrefCommMethod><Destination>GAL,KIK,MEA,DUB,KER</Destination>",Y,1900-01-01,doig_l,2024-01-23 00:00:00.000,Stynes_A,2025-04-15 14:53:08.457,2025-04-16 04:53:38.903,2025-05-21 06:41:49.877,2025-04-16 04:53:38.903,0
16955,597284,"2025 Irish Legends- 10 Days/9 Nights- 2025 Ireland Trip- May 23, 2025",Active,"2025 Irish Legends- 10 Days/9 Nights- 2025 Ireland Trip- May 23, 2025",2025-05-23,2025-05-23,2010-01-01,2025-05-23,SCH-IE-LEA,C,10,Y,N,AA/AAA,Y,N,,<Main><AirOffset>1</AirOffset><FromCity>NYC</FromCity><ToCity>DUB</ToCity><ReturnFromCity>DUB</ReturnFromCity><ReturnToCity>NYC</ReturnToCity></Main>,,,<Pre><Service><ProductCode>IEPRENIGHTS</ProductCode><SupplierID>IE-MEA-DCA</SupplierID><ServiceID>STD-SBB</ServiceID></Service></Pre>,<Post><Last>Y</Last></Post>,,LEA25,0,N,,11,,"<CarOver24Hrs>N</CarOver24Hrs><FlexPKGProfile>N</FlexPKGProfile><PrefCommMethod></PrefCommMethod><Destination>GAL,KIK,MEA,DUB,KER</Destination>",Y,1900-01-01,doig_l,2024-01-23 00:00:00.000,Markle_M,2025-05-20 17:32:57.317,2025-05-21 06:42:32.540,9999-12-31 00:00:00.000,2025-05-21 06:42:32.540,1
11404,597340,"CXLD - 2024 Scottish Dream - 8 Days/7 Nights - Haynie Travel HALL Scotland 2024 - October 20, 2024",Closed,"CXLD - 2024 Scottish Dream - 8 Days/7 Nights - Haynie Travel HALL Scotland 2024 - October 20, 2024",2024-10-20,2024-10-20,2010-01-01,2024-12-31,SCH-GB-DRA,C,8,Y,N,AA/AAA,Y,Y,,,,,<Pre><First>Y</First></Pre>,,,,0,N,,0,,"<CarOver24Hrs>N</CarOver24Hrs><FlexPKGProfile>N</FlexPKGProfile><PrefCommMethod></PrefCommMethod><Destination>EDI,NAI,PES,ARY,GLA</Destination>",Y,1900-01-01,Wilson_N,2024-01-24 00:00:00.000,Schindler_A,2024-03-06 18:13:08.893,2024-01-24 00:00:00.000,9999-12-31 00:00:00.000,2025-04-08 08:40:08.187,1
11405,597341,"2025 Taste of Ireland (Tour A) - 7 Days/6 Nights - Allusion Travel - April 6, 2025",Expired,"2025 Taste of Ireland (Tour A) - 7 Days/6 Nights - Allusion Travel - April 6, 2025",2025-04-06,2025-04-06,2010-01-01,2025-04-06,SCH-IE-TAA,C,7,Y,N,AA/AAA,Y,N,,<Main><AirOffset>1</AirOffset><FromCity>NYC</FromCity><ToCity>DUB</ToCity><ReturnFromCity>DUB</ReturnFromCity><ReturnToCity>NYC</ReturnToCity></Main>,,,<Pre><First>Y</First></Pre>,<Post><Last>Y</Last></Post>,,TAA25,0,N,,0,,"<CarOver24Hrs>N</CarOver24Hrs><FlexPKGProfile>N</FlexPKGProfile><PrefCommMethod></PrefCommMethod><Destination>LIM,DUB,KER</Destination>",Y,1900-01-01,Markle_M,2024-01-24 00:00:00.000,Larkin_B,2025-01-17 15:21:52.483,2024-01-24 00:00:00.000,9999-12-31 00:00:00.000,2025-04-08 08:40:08.187,1
11406,597397,"2024 Taste of Scotland & Ireland - 10 Days/9 Nights - Montecito Village Travel - June 25, 2024",Expired,"2024 Taste of Scotland & Ireland - 10 Days/9 Nights - Montecito Village Travel - June 25, 2024",2024-06-25,2024-06-25,2010-01-01,2024-12-31,SCH-GB-SCA,C,10,Y,N,AA/AAA,Y,N,,<Main><AirOffset>1</AirOffset><FromCity>NYC</FromCity><ToCity>EDI</ToCity><ReturnFromCity>SNN</ReturnFromCity><ReturnToCity>NYC</ReturnToCity><AirReturnOffset></AirReturnOffset></Main><AIWhoStamp>Biggins_Tr</AIWhoStamp><AIDateStamp>2022-09-06 17:00:31.000</AIDateStamp>,,,<Pre><Service><ProductCode>UKPRENIGHTS</ProductCode><SupplierID>GB-GLA-GTH</SupplierID><ServiceID>STD-SBB</ServiceID></Service></Pre>,<Post><Last>Y</Last></Post>,,SCA24,0,N,,0,,<CarOver24Hrs>N</CarOver24Hrs><FlexPKGProfile>N</FlexPKGProfile>,Y,1900-01-01,doig_l,2024-01-24 00:00:00.000,doig_l,2024-03-13 16:08:31.877,2024-01-24 00:00:00.000,9999-12-31 00:00:00.000,2025-04-08 08:40:08.187,1
11407,597401,"2024  Irish Gold - 8 Days/7 Nights - The Franklin Group - July 10, 2024",Expired,"2024  Irish Gold - 8 Days/7 Nights - The Franklin Group - July 10, 2024",2024-07-10,2024-07-10,2010-01-01,2024-12-31,SCH-IE-GOA,C,8,Y,N,AA/AAA,Y,N,,<Main><AirOffset>1</AirOffset><FromCity>NYC</FromCity><ToCity>DUB</ToCity><ReturnFromCity>DUB</ReturnFromCity><ReturnToCity>NYC</ReturnToCity></Main>,,,<Pre><First>Y</First></Pre>,,,GOA24,0,N,,0,,"<CarOver24Hrs>N</CarOver24Hrs><FlexPKGProfile>N</FlexPKGProfile><PrefCommMethod></PrefCommMethod><Destination>WAT,GAL,DUB,KER</Destination>",Y,1900-01-01,Markle_M,2024-01-24 00:00:00.000,Caldeira_N,2024-04-15 20:22:35.553,2024-01-24 00:00:00.000,9999-12-31 00:00:00.000,2025-04-08 08:40:08.187,1
11660,602006,"2025 Irish Legends- 10 Days/9 Nights- VIP Group- May 30, 2025",Active,"2025 Irish Legends- 10 Days/9 Nights- VIP Group- May 30, 2025",2025-05-30,2025-05-30,2010-01-01,2025-12-31,SCH-IE-LEA,C,10,Y,N,AA/AAA,Y,N,,<Main><AirOffset>1</AirOffset><FromCity>NYC</FromCity><ToCity>DUB</ToCity><ReturnFromCity>DUB</ReturnFromCity><ReturnToCity>NYC</ReturnToCity></Main>,,,<Pre><Service><ProductCode>IEPRENIGHTS</ProductCode><SupplierID>IE-MEA-DCA</SupplierID><ServiceID>STD-SBB</ServiceID></Service></Pre>,<Post><Last>Y</Last></Post>,,LEA25,0,N,,16,,"<CarOver24Hrs>N</CarOver24Hrs><FlexPKGProfile>N</FlexPKGProfile><PrefCommMethod></PrefCommMethod><Destination>GAL,KIK,MEA,DUB,KER</Destination>",Y,1900-01-01,doig_l,2024-03-08 00:00:00.000,doig_l,2025-03-17 13:46:57.463,2024-03-08 00:00:00.000,2025-05-30 06:58:13.120,2025-04-08 08:40:08.187,0
15385,602006,"2025 Irish Legends- 10 Days/9 Nights- VIP Group- May 30, 2025",Active,"2025 Irish Legends- 10 Days/9 Nights- VIP Group- May 30, 2025",2025-05-30,2025-05-30,2010-01-01,2025-12-31,SCH-IE-LEA,C,10,Y,N,AA/AAA,Y,N,,<Main><AirOffset>1</AirOffset><FromCity>NYC</FromCity><ToCity>DUB</ToCity><ReturnFromCity>DUB</ReturnFromCity><ReturnToCity>NYC</ReturnToCity></Main>,,,<Pre><Service><ProductCode>IEPRENIGHTS</ProductCode><SupplierID>IE-MEA-DCA</SupplierID><ServiceID>STD-SBB</ServiceID></Service></Pre>,<Post><Last>Y</Last></Post>,,LEA25,0,N,,16,,"<CarOver24Hrs>N</CarOver24Hrs><FlexPKGProfile>N</FlexPKGProfile><PrefCommMethod></PrefCommMethod><Destination>GAL,KIK,MEA,DUB,KER</Destination>",Y,1900-01-01,doig_l,2024-03-08 00:00:00.000,Stynes_A,2025-04-15 14:53:08.457,2025-04-16 04:53:38.903,2025-05-30 06:58:13.120,2025-04-16 04:53:38.903,0
17690,602006,"2025 Irish Legends- 10 Days/9 Nights- VIP Group- May 30, 2025",Active,"2025 Irish Legends- 10 Days/9 Nights- VIP Group- May 30, 2025",2025-05-30,2025-05-30,2010-01-01,2025-12-31,SCH-IE-LEA,C,10,Y,N,AA/AAA,Y,N,,<Main><AirOffset>1</AirOffset><FromCity>NYC</FromCity><ToCity>DUB</ToCity><ReturnFromCity>DUB</ReturnFromCity><ReturnToCity>NYC</ReturnToCity></Main>,,,<Pre><Service><ProductCode>IEPRENIGHTS</ProductCode><SupplierID>IE-MEA-DCA</SupplierID><ServiceID>STD-SBB</ServiceID></Service></Pre>,<Post><Last>Y</Last></Post>,,LEA25,0,N,,16,,"<CarOver24Hrs>N</CarOver24Hrs><FlexPKGProfile>N</FlexPKGProfile><PrefCommMethod></PrefCommMethod><Destination>GAL,KIK,MEA,DUB,KER</Destination>",Y,1900-01-01,doig_l,2024-03-08 00:00:00.000,Douglas_P,2025-05-29 12:11:38.320,2025-05-30 06:58:40.317,9999-12-31 00:00:00.000,2025-05-30 06:58:40.317,1
11661,602007,"CXLD - 2025 Best of Ireland South (Tour A)- 8 Days/7 Nights- St Luke’s SDVP- June 14, 2025",Closed,"CXLD - 2025 Best of Ireland South (Tour A)- 8 Days/7 Nights- St Luke’s SDVP- June 14, 2025",2025-06-14,2025-06-14,2010-01-01,2025-12-31,SCH-IE-ISA,C,8,Y,N,AA/AAA,Y,N,,<Main><AirOffset>1</AirOffset><FromCity>NYC</FromCity><ToCity>DUB</ToCity><ReturnFromCity>DUB</ReturnFromCity><ReturnToCity>NYC</ReturnToCity></Main>,,,<Pre><First>Y</First><Duration>1</Duration></Pre>,<Post><Last>Y</Last><Duration>1</Duration></Post>,,,0,N,,0,,"<CarOver24Hrs>N</CarOver24Hrs><FlexPKGProfile>N</FlexPKGProfile><PrefCommMethod></PrefCommMethod><Destination>DUB,CLA,KER</Destination>",Y,1900-01-01,Markle_M,2024-03-08 00:00:00.000,Davies_Ja,2024-03-26 18:37:37.850,2024-03-08 00:00:00.000,9999-12-31 00:00:00.000,2025-04-08 08:40:08.187,1
11662,602030,"2025 Scottish & Irish Sampler - 7 Days/6 Nights - Friendship Tours - April 6, 2025",Expired,"2025 Scottish & Irish Sampler - 7 Days/6 Nights - Friendship Tours - April 6, 2025",2025-04-06,2025-04-06,2010-01-01,2025-12-31,SCH-GB-CSA,C,7,Y,N,AA/AAA,Y,N,,<Main><AirOffset>1</AirOffset><FromCity>NYC</FromCity><ToCity>EDI</ToCity><ReturnFromCity>DUB</ReturnFromCity><ReturnToCity>NYC</ReturnToCity><AirReturnOffset></AirReturnOffset></Main><AIWhoStamp>Biggins_Tr</AIWhoStamp><AIDateStamp>2023-02-10 12:02:26.000</AIDateStamp>,,,<Pre><First>Y</First></Pre>,<Post><Last>Y</Last></Post>,,CSA25,0,N,,0,,"<CarOver24Hrs>N</CarOver24Hrs><FlexPKGProfile>N</FlexPKGProfile><PrefCommMethod></PrefCommMethod><Destination>DUB,BEL,EDI</Destination>",Y,1900-01-01,doig_l,2024-03-08 00:00:00.000,Lyons_S,2024-11-21 14:09:55.680,2024-03-08 00:00:00.000,9999-12-31 00:00:00.000,2025-04-08 08:40:08.187,1
11663,602031,"2025 London Daytripper - 6 Days/5 Nights - Friendship Tours - October 9, 2025",Expired,"2025 London Daytripper - 6 Days/5 Nights - Friendship Tours - October 9, 2025",2025-10-09,2025-10-09,2010-01-01,2025-12-31,SCH-GB-LNA,C,6,Y,N,AA/AAA,Y,N,,<Main><AirOffset>1</AirOffset><FromCity>NYC</FromCity><ToCity>LON</ToCity><ReturnFromCity>LON</ReturnFromCity><ReturnToCity>NYC</ReturnToCity><AirReturnOffset></AirReturnOffset></Main><AIWhoStamp>Tsao_R</AIWhoStamp><AIDateStamp>2019-08-09 15:10:58.000</AIDateStamp>,,,<Pre><First>Y</First></Pre>,<Post><Last>Y</Last></Post>,,LNA25,0,N,,36,,<CarOver24Hrs>N</CarOver24Hrs><FlexPKGProfile>N</FlexPKGProfile><PrefCommMethod></PrefCommMethod><Destination>LON</Destination>,Y,1900-01-01,doig_l,2024-03-08 00:00:00.000,Foster_S,2025-01-09 10:48:49.963,2024-03-08 00:00:00.000,9999-12-31 00:00:00.000,2025-04-08 08:40:08.187,1
11664,602037,"2024  Irish Gold - 8 Days/7 Nights - Group Trip Designers - October 6, 2024",Expired,"2024  Irish Gold - 8 Days/7 Nights - Group Trip Designers - October 6, 2024",2024-10-06,2024-10-06,2010-01-01,2024-12-31,SCH-IE-GOA,C,8,Y,N,AA/AAA,Y,N,,<Main><AirOffset>1</AirOffset><FromCity>NYC</FromCity><ToCity>DUB</ToCity><ReturnFromCity>DUB</ReturnFromCity><ReturnToCity>NYC</ReturnToCity></Main>,,,<Pre><First>Y</First></Pre>,,,GOA24,0,N,,0,,"<CarOver24Hrs>N</CarOver24Hrs><FlexPKGProfile>N</FlexPKGProfile><PrefCommMethod></PrefCommMethod><Destination>WAT,GAL,DUB,KER</Destination>",Y,1900-01-01,Markle_M,2024-03-08 00:00:00.000,Lyons_S,2024-08-30 07:34:20.227,2024-03-08 00:00:00.000,9999-12-31 00:00:00.000,2025-04-08 08:40:08.187,1
11763,603380,"2025 Taste of Ireland (Tour A)- 7 Days/6 Nights- AAA Ohio Auto Club- July 14, 2025",Pending,"2025 Taste of Ireland (Tour A)- 7 Days/6 Nights- AAA Ohio Auto Club- July 14, 2025",2025-07-14,2025-07-14,2010-01-01,2025-12-31,SCH-IE-TAA,C,7,Y,N,AA/AAA,Y,Y,,<Main><AirOffset>1</AirOffset><FromCity>NYC</FromCity><ToCity>DUB</ToCity><ReturnFromCity>DUB</ReturnFromCity><ReturnToCity>NYC</ReturnToCity></Main>,,,<Pre><First>Y</First></Pre>,<Post><Last>Y</Last><Duration>1</Duration></Post>,,TAA25,0,N,,10,,"<CarOver24Hrs>N</CarOver24Hrs><FlexPKGProfile>N</FlexPKGProfile><PrefCommMethod></PrefCommMethod><Destination>LIM,DUB,KER</Destination>",Y,1900-01-01,Wilson_N,2024-03-25 00:00:00.000,doig_l,2024-03-25 15:09:17.740,2024-03-25 00:00:00.000,2025-07-25 04:41:47.517,2025-04-08 08:40:08.187,0
11764,603384,"2025 Taste of Scotland & Ireland- 10 Days/9 Nights- Atec Travel Systems Inc- November 2, 2025",Multi-Expired,"2025 Taste of Scotland & Ireland- 10 Days/9 Nights- Atec Travel Systems Inc- November 2, 2025",2025-11-02,2025-11-02,2010-01-01,2025-12-31,SCH-GB-SCA,C,10,Y,N,AA/AAA,Y,N,,<Main><AirOffset>1</AirOffset><FromCity>NYC</FromCity><ToCity>EDI</ToCity><ReturnFromCity>SNN</ReturnFromCity><ReturnToCity>NYC</ReturnToCity><AirReturnOffset></AirReturnOffset></Main><AIWhoStamp>Biggins_Tr</AIWhoStamp><AIDateStamp>2022-09-06 17:00:31.000</AIDateStamp>,,,<Pre><Service><ProductCode>UKPRENIGHTS</ProductCode><SupplierID>GB-GLA-GTH</SupplierID><ServiceID>STD-SBB</ServiceID></Service></Pre>,<Post><Last>Y</Last></Post>,,SCA25,0,N,,20,,"<CarOver24Hrs>N</CarOver24Hrs><FlexPKGProfile>N</FlexPKGProfile><PrefCommMethod></PrefCommMethod><Destination>GLA,NAI,EDI,KER,DUB,LIM</Destination>",Y,1900-01-01,doig_l,2024-03-25 00:00:00.000,Lyons_S,2025-01-09 11:49:12.260,2024-03-25 00:00:00.000,9999-12-31 00:00:00.000,2025-04-08 08:40:08.187,1
11765,603386,"CXLD - 2025 Irish Legends- 10 Days/9 Nights- Isabel's Irish Wish- April 25, 2025",Closed,"CXLD - 2025 Irish Legends- 10 Days/9 Nights- Isabel's Irish Wish- April 25, 2025",2025-04-25,2025-04-25,2010-01-01,2025-12-31,SCH-IE-LEA,C,10,Y,N,AA/AAA,Y,N,,<Main><AirOffset>1</AirOffset><FromCity>NYC</FromCity><ToCity>DUB</ToCity><ReturnFromCity>DUB</ReturnFromCity><ReturnToCity>NYC</ReturnToCity></Main>,,,<Pre><Service><ProductCode>IEPRENIGHTS</ProductCode><SupplierID>IE-MEA-DCA</SupplierID><ServiceID>STD-SBB</ServiceID></Service></Pre>,<Post><Last>Y</Last></Post>,,,0,N,,0,,"<CarOver24Hrs>N</CarOver24Hrs><FlexPKGProfile>N</FlexPKGProfile><PrefCommMethod></PrefCommMethod><Destination>KER,GAL,KIK,MEA,DUB</Destination>",Y,1900-01-01,doig_l,2024-03-25 00:00:00.000,Davies_Ja,2024-05-08 21:12:22.823,2024-03-25 00:00:00.000,9999-12-31 00:00:00.000,2025-04-08 08:40:08.187,1
11766,603388,"2025 Best of Ireland South (Tour A)- 8 Days/7 Nights- Nexion LLC: Paradise Found Vacations- July 24, 2025",Active,"2025 Best of Ireland South (Tour A)- 8 Days/7 Nights- Nexion LLC: Paradise Found Vacations- July 24, 2025",2025-07-24,2025-07-24,2010-01-01,2025-12-31,SCH-IE-ISA,C,8,Y,N,AA/AAA,Y,Y,,<Main><AirOffset>1</AirOffset><FromCity>HFD</FromCity><ToCity>DUB</ToCity><ReturnFromCity>DUB</ReturnFromCity><ReturnToCity>HFD</ReturnToCity><AirReturnOffset></AirReturnOffset><IncludeContracts>Y</IncludeContracts><IncludeBlkContracts>Y</IncludeBlkContracts><BlockOnly>Y</BlockOnly><Market>603388</Market></Main><AIWhoStamp>Schindler_A</AIWhoStamp><AIDateStamp>2025-01-20 12:55:51.000</AIDateStamp>,"BDL,",,<Pre><First>Y</First><Duration>1</Duration></Pre>,<Post><Last>Y</Last><Duration>1</Duration></Post>,,ISA25,0,N,,16,,"<CarOver24Hrs>N</CarOver24Hrs><FlexPKGProfile>N</FlexPKGProfile><PrefCommMethod></PrefCommMethod><Destination>DUB,CLA,KER</Destination>",Y,1900-01-01,doig_l,2024-03-25 00:00:00.000,doig_l,2025-01-27 16:09:05.700,2024-03-25 00:00:00.000,2025-07-25 04:41:47.517,2025-04-08 08:40:08.187,0
15386,603388,"2025 Best of Ireland South (Tour A)- 8 Days/7 Nights- Nexion LLC: Paradise Found Vacations- July 24, 2025",Active,"2025 Best of Ireland South (Tour A)- 8 Days/7 Nights- Nexion LLC: Paradise Found Vacations- July 24, 2025",2025-07-24,2025-07-24,2010-01-01,2025-12-31,SCH-IE-ISA,C,8,Y,N,AA/AAA,Y,Y,,<Main><AirOffset>1</AirOffset><FromCity>HFD</FromCity><ToCity>DUB</ToCity><ReturnFromCity>DUB</ReturnFromCity><ReturnToCity>HFD</ReturnToCity><AirReturnOffset></AirReturnOffset><IncludeContracts>Y</IncludeContracts><IncludeBlkContracts>Y</IncludeBlkContracts><BlockOnly>Y</BlockOnly><Market>603388</Market></Main><AIWhoStamp>Schindler_A</AIWhoStamp><AIDateStamp>2025-01-20 12:55:51.000</AIDateStamp>,"BDL,",,<Pre><First>Y</First><Duration>1</Duration></Pre>,<Post><Last>Y</Last><Duration>1</Duration></Post>,,ISA25,0,N,,13,,"<CarOver24Hrs>N</CarOver24Hrs><FlexPKGProfile>N</FlexPKGProfile><PrefCommMethod></PrefCommMethod><Destination>DUB,CLA,KER</Destination>",Y,1900-01-01,doig_l,2024-03-25 00:00:00.000,doig_l,2025-04-15 12:25:58.413,2025-04-16 04:53:38.903,2025-06-16 11:39:06.717,2025-04-16 04:53:38.903,0
11767,603390,"2025  Irish Gold - 8 Days/7 Nights - Mechanics Bank Group - April 6, 2025",Expired,"2025  Irish Gold - 8 Days/7 Nights - Mechanics Bank Group - April 6, 2025",2025-04-06,2025-04-06,2010-01-01,2025-12-31,SCH-IE-GOA,C,8,Y,N,AA/AAA,Y,N,,<Main><AirOffset>1</AirOffset><FromCity>NYC</FromCity><ToCity>DUB</ToCity><ReturnFromCity>DUB</ReturnFromCity><ReturnToCity>NYC</ReturnToCity></Main>,,,<Pre><First>Y</First></Pre>,,,GOA25,0,N,,0,,"<CarOver24Hrs>N</CarOver24Hrs><FlexPKGProfile>N</FlexPKGProfile><PrefCommMethod></PrefCommMethod><Destination>WAT,GAL,DUB,KER</Destination>",Y,1900-01-01,Wilson_N,2024-03-25 00:00:00.000,Maguire_Ev,2025-01-16 15:31:51.370,2024-03-25 00:00:00.000,9999-12-31 00:00:00.000,2025-04-08 08:40:08.187,1
11884,605145,CRUISE PLANNERS,Expired,CRUISE PLANNERS,2024-09-23,2024-09-23,2024-04-15,2024-09-23,GRP-IE-WH,C,8,Y,N,AA,Y,N,,,,,,,,IE-605145,0,Y,"L:5|7AA-0AA/0A,7.5|9.5AA-0AA/0A,10|12AA-1AA/0A,12.5|14.5AA-1AA/0A,15|17AA-2AA/0A,17.5|19.5AA-2AA/0A,20|22AA-2AA/0A,22.5|24AA-2AA/0A,48X;A:5|7AA-0AA/0A,7.5|9.5AA-0AA/0A,10|12AA-0AA/0A,12.5|14.5AA-0AA/0A,15|17AA-0AA/0A,17.5|19.5AA-0AA/0A,20|22AA-0AA/0A,22.5|24AA-0AA/0A,48X",0,,<CarOver24Hrs>N</CarOver24Hrs><FlexPKGProfile>N</FlexPKGProfile>,N,1900-01-01,Hager_W,2024-04-15 00:00:00.000,Caldeira_N,2024-07-05 16:07:20.867,2024-04-15 00:00:00.000,9999-12-31 00:00:00.000,2025-04-08 08:40:08.187,1
11885,605163,ITALY - SUNDANCE TRAVEL,Closed,ITALY - SUNDANCE TRAVEL,2025-03-25,2025-03-25,2024-04-15,2025-01-09,GRP-EU-WH,C,11,Y,N,AA,Y,N,,,,,,,,EU-605163,0,Y,"L:17.5|19.5AA-2AA/0A,20|22AA-2AA/0A,22.5|24.5AA-3AA/0A,49X;A:17.5|19.5AA-0AA/0A,20|22AA-0AA/0A,22.5|24.5AA-0AA/0A,49X",0,,<CarOver24Hrs>N</CarOver24Hrs><FlexPKGProfile>N</FlexPKGProfile>,Y,1900-01-01,Hager_W,2024-04-15 00:00:00.000,Hager_W,2024-12-19 21:56:15.813,2024-04-15 00:00:00.000,9999-12-31 00:00:00.000,2025-04-08 08:40:08.187,1
11886,605165,"2025  Irish Gold - 8 Days/7 Nights - Side Street Travel - June 15, 2025",Expired,"2025  Irish Gold - 8 Days/7 Nights - Side Street Travel - June 15, 2025",2025-06-15,2025-06-15,2010-01-01,2025-12-31,SCH-IE-GOA,C,8,Y,N,AA/AAA,Y,N,,<Main><AirOffset>1</AirOffset><FromCity>NYC</FromCity><ToCity>DUB</ToCity><ReturnFromCity>DUB</ReturnFromCity><ReturnToCity>NYC</ReturnToCity></Main>,,,<Pre><First>Y</First></Pre>,,,GOA25,0,N,,20,,"<CarOver24Hrs>N</CarOver24Hrs><FlexPKGProfile>N</FlexPKGProfile><PrefCommMethod></PrefCommMethod><Destination>WAT,GAL,DUB,KER</Destination>",Y,1900-01-01,Wilson_N,2024-04-15 00:00:00.000,Maguire_Ev,2025-01-16 15:31:51.403,2024-04-15 00:00:00.000,2025-07-25 04:41:47.517,2025-04-08 08:40:08.187,0
11887,605170,BOBBY RYAN GROUP,Expired,BOBBY RYAN GROUP,2025-06-01,2025-06-01,2024-04-15,2025-06-01,GRP-IE-WH,C,9,Y,N,AA,Y,N,,,,,,,,IE-605170,0,Y,"L:5|7AA-0AA/0A,7.5|9.5AA-0AA/0A,10|12AA-1AA/0A,12.5|14.5AA-1AA/0A,15|17AA-2AA/0A,17.5|19.5AA-2AA/0A,20|22AA-2AA/0A,22.5|24AA-2AA/0A,48X;A:5|7AA-0AA/0A,7.5|9.5AA-0AA/0A,10|12AA-0AA/0A,12.5|14.5AA-0AA/0A,15|17AA-0AA/0A,17.5|19.5AA-0AA/0A,20|22AA-0AA/0A,22.5|24AA-0AA/0A,48X",20,,<CarOver24Hrs>N</CarOver24Hrs><FlexPKGProfile>N</FlexPKGProfile>,N,1900-01-01,Hager_W,2024-04-15 00:00:00.000,Caldeira_N,2024-09-12 19:02:54.570,2024-04-15 00:00:00.000,2025-07-25 04:41:47.517,2025-04-08 08:40:08.187,0
17952,605170,BOBBY RYAN GROUP,Expired,BOBBY RYAN GROUP,2025-06-01,2025-06-01,2024-04-15,2025-06-01,GRP-IE-WH,C,9,Y,N,AA,Y,N,,,,,,,,IE-605170,0,Y,"L:5|7AA-0AA/0A,7.5|9.5AA-0AA/0A,10|12AA-1AA/0A,12.5|14.5AA-1AA/0A,15|17AA-2AA/0A,17.5|19.5AA-2AA/0A,20|22AA-2AA/0A,22.5|24AA-2AA/0A,48X;A:5|7AA-0AA/0A,7.5|9.5AA-0AA/0A,10|12AA-0AA/0A,12.5|14.5AA-0AA/0A,15|17AA-0AA/0A,17.5|19.5AA-0AA/0A,20|22AA-0AA/0A,22.5|24AA-0AA/0A,48X",0,,<CarOver24Hrs>N</CarOver24Hrs><FlexPKGProfile>N</FlexPKGProfile>,N,1900-01-01,Hager_W,2024-04-15 00:00:00.000,Caldeira_N,2024-09-12 19:02:54.570,2025-06-01 06:02:40.040,9999-12-31 00:00:00.000,2025-06-01 06:02:40.040,1
11888,605196,"2025 Irish Legends- 9 Days/8 Nights- Dream Vacations- Bishopp- October 3, 2025",Active,"2025 Irish Legends- 9 Days/8 Nights- Dream Vacations- Bishopp- October 3, 2025",2025-10-03,2025-10-03,2010-01-01,2025-12-31,SCH-IE-LEA,C,9,Y,N,AA/AAA,Y,N,,<Main><AirOffset>1</AirOffset><FromCity>NYC</FromCity><ToCity>DUB</ToCity><ReturnFromCity>DUB</ReturnFromCity><ReturnToCity>NYC</ReturnToCity></Main>,,,<Pre><Service><ProductCode>IEPRENIGHTS</ProductCode><SupplierID>IE-MEA-DCA</SupplierID><ServiceID>STD-SBB</ServiceID></Service></Pre>,,,LEA25,0,N,,24,,"<CarOver24Hrs>N</CarOver24Hrs><FlexPKGProfile>N</FlexPKGProfile><PrefCommMethod></PrefCommMethod><Destination>GAL,KIK,MEA,DUB,KER</Destination>",Y,1900-01-01,doig_l,2024-04-16 00:00:00.000,Lyons_S,2025-01-20 10:46:36.927,2024-04-16 00:00:00.000,2025-07-25 04:41:47.517,2025-04-08 08:40:08.187,0
15389,605196,"2025 Irish Legends- 9 Days/8 Nights- Dream Vacations- Bishopp- October 3, 2025",Active,"2025 Irish Legends- 9 Days/8 Nights- Dream Vacations- Bishopp- October 3, 2025",2025-10-03,2025-10-03,2010-01-01,2025-12-31,SCH-IE-LEA,C,9,Y,N,AA/AAA,Y,N,,<Main><AirOffset>1</AirOffset><FromCity>NYC</FromCity><ToCity>DUB</ToCity><ReturnFromCity>DUB</ReturnFromCity><ReturnToCity>NYC</ReturnToCity></Main>,,,<Pre><Service><ProductCode>IEPRENIGHTS</ProductCode><SupplierID>IE-MEA-DCA</SupplierID><ServiceID>STD-SBB</ServiceID></Service></Pre>,,,LEA25,0,N,,24,,"<CarOver24Hrs>N</CarOver24Hrs><FlexPKGProfile>N</FlexPKGProfile><PrefCommMethod></PrefCommMethod><Destination>GAL,KIK,MEA,DUB,KER</Destination>",Y,1900-01-01,doig_l,2024-04-16 00:00:00.000,Stynes_A,2025-04-15 14:53:08.457,2025-04-16 04:53:38.903,2025-07-25 04:41:47.517,2025-04-16 04:53:38.903,0
17694,605196,"2025 Irish Legends- 9 Days/8 Nights- Dream Vacations- Bishopp- October 3, 2025",Active,"2025 Irish Legends- 9 Days/8 Nights- Dream Vacations- Bishopp- October 3, 2025",2025-10-03,2025-10-03,2010-01-01,2025-12-31,SCH-IE-LEA,C,9,Y,N,AA/AAA,Y,N,,<Main><AirOffset>1</AirOffset><FromCity>NYC</FromCity><ToCity>DUB</ToCity><ReturnFromCity>DUB</ReturnFromCity><ReturnToCity>NYC</ReturnToCity></Main>,,,<Pre><Service><ProductCode>IEPRENIGHTS</ProductCode><SupplierID>IE-MEA-DCA</SupplierID><ServiceID>STD-SBB</ServiceID></Service></Pre>,,,LEA25,0,N,,24,,"<CarOver24Hrs>N</CarOver24Hrs><FlexPKGProfile>N</FlexPKGProfile><PrefCommMethod></PrefCommMethod><Destination>GAL,KIK,MEA,DUB,KER</Destination>",Y,1900-01-01,doig_l,2024-04-16 00:00:00.000,Douglas_P,2025-05-29 12:11:38.587,2025-05-30 06:58:40.317,2025-07-25 04:41:47.517,2025-05-30 06:58:40.317,0
12187,609013,"2025 Icelandic Explorer - 9 days/8 nights - Elgin Travel and Cruises - September 29, 2025",Expired,"2025 Icelandic Explorer - 9 days/8 nights - Elgin Travel and Cruises - September 29, 2025",2025-09-29,2025-09-29,2010-01-01,2025-12-31,SCH-IS-IXA,C,9,Y,N,AA,Y,N,,<Main><AirOffset>1</AirOffset><FromCity>NYC</FromCity><ToCity>REK</ToCity><ReturnFromCity>REK</ReturnFromCity><ReturnToCity>NYC</ReturnToCity><AirReturnOffset></AirReturnOffset></Main><AIWhoStamp>Biggins_Tr</AIWhoStamp><AIDateStamp>2022-04-06 10:14:42.000</AIDateStamp>,,,<Pre><First>Y</First></Pre>,,,IXA25,0,N,,10,,"<CarOver24Hrs>N</CarOver24Hrs><FlexPKGProfile>N</FlexPKGProfile><PrefCommMethod></PrefCommMethod><Destination>REH,HUS,FAS,HOF,NUP,REK</Destination>",Y,1900-01-01,doig_l,2024-06-07 00:00:00.000,Lyons_S,2025-01-08 16:46:12.560,2024-06-07 00:00:00.000,2025-05-28 07:00:44.447,2025-04-08 08:40:08.187,0
17488,609013,"2025 Icelandic Explorer - 9 days/8 nights - Elgin Travel and Cruises - September 29, 2025",Expired,"2025 Icelandic Explorer - 9 days/8 nights - Elgin Travel and Cruises - September 29, 2025",2025-09-29,2025-09-29,2010-01-01,2025-12-31,SCH-IS-IXA,C,9,Y,N,AA,Y,N,,<Main><AirOffset>1</AirOffset><FromCity>NYC</FromCity><ToCity>REK</ToCity><ReturnFromCity>REK</ReturnFromCity><ReturnToCity>NYC</ReturnToCity><AirReturnOffset></AirReturnOffset></Main><AIWhoStamp>Biggins_Tr</AIWhoStamp><AIDateStamp>2022-04-06 10:14:42.000</AIDateStamp>,,,<Pre><First>Y</First></Pre>,,,IXA25,0,N,,10,,"<CarOver24Hrs>N</CarOver24Hrs><FlexPKGProfile>N</FlexPKGProfile><PrefCommMethod></PrefCommMethod><Destination>REH,HUS,FAS,HOF,NUP,REK</Destination>",Y,1900-01-01,doig_l,2024-06-07 00:00:00.000,Tancred_E,2025-05-27 13:10:20.883,2025-05-28 07:01:18.080,9999-12-31 00:00:00.000,2025-05-28 07:01:18.080,1
12188,609050,AAA NORTHEAST,Expired,AAA NORTHEAST,2025-06-14,2025-06-14,2024-06-07,2025-06-14,GRP-IE-WH,C,9,Y,N,AA,Y,N,,,,,,,,IE-609050,0,Y,"L:5|7AA-0AA/0A,7.5|9.5AA-0AA/0A,10|12AA-1AA/0A,12.5|14.5AA-1AA/0A,15|17AA-2AA/0A,17.5|19.5AA-2AA/0A,20|22AA-2AA/0A,22.5|24AA-2AA/0A,48X;A:5|7AA-0AA/0A,7.5|9.5AA-0AA/0A,10|12AA-0AA/0A,12.5|14.5AA-0AA/0A,15|17AA-0AA/0A,17.5|19.5AA-0AA/0A,20|22AA-0AA/0A,22.5|24AA-0AA/0A,48X",20,,<CarOver24Hrs>N</CarOver24Hrs><FlexPKGProfile>N</FlexPKGProfile>,N,1900-01-01,Hager_W,2024-06-07 00:00:00.000,Caldeira_N,2024-10-03 17:52:20.233,2024-06-07 00:00:00.000,2025-07-25 04:41:47.517,2025-04-08 08:40:08.187,0
12189,609084,GLOBAL EXCELLENCE,Expired,GLOBAL EXCELLENCE,2025-06-26,2025-06-26,2024-06-07,2025-06-26,GRP-IE-WH,C,8,Y,N,AA,Y,N,,,,,,,,IE-609084,0,Y,"L:5|7AA-0AA/0A,7.5|9.5AA-0AA/0A,10|12AA-1AA/0A,12.5|14.5AA-1AA/0A,15|17AA-2AA/0A,17.5|19.5AA-2AA/0A,20|22AA-2AA/0A,22.5|24AA-2AA/0A,48X;A:5|7AA-0AA/0A,7.5|9.5AA-0AA/0A,10|12AA-0AA/0A,12.5|14.5AA-0AA/0A,15|17AA-0AA/0A,17.5|19.5AA-0AA/0A,20|22AA-0AA/0A,22.5|24AA-0AA/0A,48X",20,,<CarOver24Hrs>N</CarOver24Hrs><FlexPKGProfile>N</FlexPKGProfile>,N,1900-01-01,Hager_W,2024-06-07 00:00:00.000,Caldeira_N,2024-10-03 17:53:10.230,2024-06-07 00:00:00.000,2025-07-25 04:41:47.517,2025-04-08 08:40:08.187,0
12190,609158,"2025 Best of Spain - 9 Days/8 Nights - Quinns Travel and Tourism - September 28, 2025",Active,"2025 Best of Spain - 9 Days/8 Nights - Quinns Travel and Tourism - September 28, 2025",2025-09-28,2025-09-28,2024-06-04,2025-12-31,SCH-ES-BSA,C,9,Y,N,AA/AAA,Y,N,,<Main><AirOffset>1</AirOffset><FromCity>NYC</FromCity><ToCity>MAD</ToCity><ReturnFromCity>BCN</ReturnFromCity><ReturnToCity>NYC</ReturnToCity><AirReturnOffset></AirReturnOffset></Main><AIWhoStamp>Lyons_S</AIWhoStamp><AIDateStamp>2024-03-06 15:52:30.000</AIDateStamp>,,,<Pre><Service><ProductCode>ESPRENIGHTS</ProductCode><SupplierID>ES-MAD-RDM</SupplierID><ServiceID>STD-SBB</ServiceID></Service></Pre>,<Post><Last>Y</Last></Post>,,BSA25,0,N,,12,,"<CarOver24Hrs>N</CarOver24Hrs><PrefCommMethod></PrefCommMethod><Destination>SVQ,MAD,GRX,VLC,BCN</Destination><FlexPKGProfile>N</FlexPKGProfile>",Y,1900-01-01,Markle_M,2024-06-10 00:00:00.000,Markle_M,2025-03-31 14:27:04.680,2024-06-10 00:00:00.000,2025-08-01 16:15:40.267,2025-04-08 08:40:08.187,0
12191,609160,"2025 Taste of Scotland - 5 Days/4 Nights - The Potter Group - March 18, 2025",Expired,"2025 Taste of Scotland - 5 Days/4 Nights - The Potter Group - March 18, 2025",2025-03-18,2025-03-18,2010-01-01,2025-12-31,SCH-GB-SCA,C,5,Y,N,AA/AAA,Y,N,,<Main><AirOffset>1</AirOffset><FromCity>NYC</FromCity><ToCity>EDI</ToCity><ReturnFromCity>EDI</ReturnFromCity><ReturnToCity>NYC</ReturnToCity><AirReturnOffset></AirReturnOffset></Main><AIWhoStamp>Biggins_Tr</AIWhoStamp><AIDateStamp>2022-09-06 17:16:49.000</AIDateStamp>,,,<Pre><Service><ProductCode>UKPRENIGHTS</ProductCode><SupplierID>GB-GLA-GTH</SupplierID><ServiceID>STD-SBB</ServiceID></Service></Pre>,,,SCA25,0,N,,0,,"<CarOver24Hrs>N</CarOver24Hrs><FlexPKGProfile>N</FlexPKGProfile><PrefCommMethod></PrefCommMethod><Destination>GLA,NAI,EDI</Destination>",Y,1900-01-01,doig_l,2024-06-10 00:00:00.000,Lyons_S,2025-01-09 11:49:14.527,2024-06-10 00:00:00.000,9999-12-31 00:00:00.000,2025-04-08 08:40:08.187,1
12192,609163,"2025 Irish Legends - 10 Days/9 Nights - Nexion LLC - July 8, 2025",Expired,"2025 Irish Legends - 10 Days/9 Nights - Nexion LLC - July 8, 2025",2025-07-08,2025-07-08,2010-01-01,2025-12-31,SCH-IE-LEA,C,10,Y,N,AA/AAA,Y,N,,<Main><AirOffset>1</AirOffset><FromCity>NYC</FromCity><ToCity>DUB</ToCity><ReturnFromCity>DUB</ReturnFromCity><ReturnToCity>NYC</ReturnToCity></Main>,,,<Pre><Service><ProductCode>IEPRENIGHTS</ProductCode><SupplierID>IE-MEA-DCA</SupplierID><ServiceID>STD-SBB</ServiceID></Service></Pre>,<Post><Last>Y</Last></Post>,,LEA25,0,N,,16,,"<CarOver24Hrs>N</CarOver24Hrs><PrefCommMethod></PrefCommMethod><Destination>GAL,KIK,MEA,DUB,KER</Destination><FlexPKGProfile>N</FlexPKGProfile>",Y,1900-01-01,Wilson_N,2024-06-10 00:00:00.000,Lyons_S,2025-01-17 11:11:46.027,2024-06-10 00:00:00.000,2025-07-25 04:41:47.517,2025-04-08 08:40:08.187,0
15395,609163,"2025 Irish Legends - 10 Days/9 Nights - Nexion LLC - July 8, 2025",Expired,"2025 Irish Legends - 10 Days/9 Nights - Nexion LLC - July 8, 2025",2025-07-08,2025-07-08,2010-01-01,2025-12-31,SCH-IE-LEA,C,10,Y,N,AA/AAA,Y,N,,<Main><AirOffset>1</AirOffset><FromCity>NYC</FromCity><ToCity>DUB</ToCity><ReturnFromCity>DUB</ReturnFromCity><ReturnToCity>NYC</ReturnToCity></Main>,,,<Pre><Service><ProductCode>IEPRENIGHTS</ProductCode><SupplierID>IE-MEA-DCA</SupplierID><ServiceID>STD-SBB</ServiceID></Service></Pre>,<Post><Last>Y</Last></Post>,,LEA25,0,N,,16,,"<CarOver24Hrs>N</CarOver24Hrs><PrefCommMethod></PrefCommMethod><Destination>GAL,KIK,MEA,DUB,KER</Destination><FlexPKGProfile>N</FlexPKGProfile>",Y,1900-01-01,Wilson_N,2024-06-10 00:00:00.000,Stynes_A,2025-04-15 14:53:08.470,2025-04-16 04:53:38.903,2025-07-25 04:41:47.517,2025-04-16 04:53:38.903,0
17701,609163,"2025 Irish Legends - 10 Days/9 Nights - Nexion LLC - July 8, 2025",Expired,"2025 Irish Legends - 10 Days/9 Nights - Nexion LLC - July 8, 2025",2025-07-08,2025-07-08,2010-01-01,2025-12-31,SCH-IE-LEA,C,10,Y,N,AA/AAA,Y,N,,<Main><AirOffset>1</AirOffset><FromCity>NYC</FromCity><ToCity>DUB</ToCity><ReturnFromCity>DUB</ReturnFromCity><ReturnToCity>NYC</ReturnToCity></Main>,,,<Pre><Service><ProductCode>IEPRENIGHTS</ProductCode><SupplierID>IE-MEA-DCA</SupplierID><ServiceID>STD-SBB</ServiceID></Service></Pre>,<Post><Last>Y</Last></Post>,,LEA25,0,N,,16,,"<CarOver24Hrs>N</CarOver24Hrs><PrefCommMethod></PrefCommMethod><Destination>GAL,KIK,MEA,DUB,KER</Destination><FlexPKGProfile>N</FlexPKGProfile>",Y,1900-01-01,Wilson_N,2024-06-10 00:00:00.000,Douglas_P,2025-05-29 12:11:39.430,2025-05-30 06:58:40.317,2025-07-25 04:41:47.517,2025-05-30 06:58:40.317,0
12380,611746,PAYLORMADE TRAVEL,Expired,PAYLORMADE TRAVEL,2025-05-05,2025-05-05,2024-07-18,2025-05-05,GRP-GBIE-BOS-WH,C,10,Y,N,AA,Y,N,,,,,,,,GBIE-611746,0,Y,"L:5|7AA-0AA/0A,7.5|9.5AA-0AA/0A,10|12AA-1AA/0A,12.5|14.5AA-1AA/0A,15|17AA-2AA/0A,17.5|19.5AA-2AA/0A,20|22AA-2AA/0A,22.5|24AA-2AA/0A,48X;A:5|7AA-0AA/0A,7.5|9.5AA-0AA/0A,10|12AA-0AA/0A,12.5|14.5AA-0AA/0A,15|17AA-0AA/0A,17.5|19.5AA-0AA/0A,20|22AA-0AA/0A,22.5|24AA-0AA/0A,48X",20,,<CarOver24Hrs>N</CarOver24Hrs><FlexPKGProfile>N</FlexPKGProfile>,N,1900-01-01,Hager_W,2024-07-18 00:00:00.000,Davies_Ja,2024-08-15 20:11:51.007,2024-07-18 00:00:00.000,2025-07-25 04:41:47.517,2025-04-08 08:40:08.187,0
16244,611746,PAYLORMADE TRAVEL,Expired,PAYLORMADE TRAVEL,2025-05-05,2025-05-05,2024-07-18,2025-05-05,GRP-GBIE-BOS-WH,C,10,Y,N,AA,Y,N,,,,,,,,GBIE-611746,0,Y,"L:5|7AA-0AA/0A,7.5|9.5AA-0AA/0A,10|12AA-1AA/0A,12.5|14.5AA-1AA/0A,15|17AA-2AA/0A,17.5|19.5AA-2AA/0A,20|22AA-2AA/0A,22.5|24AA-2AA/0A,48X;A:5|7AA-0AA/0A,7.5|9.5AA-0AA/0A,10|12AA-0AA/0A,12.5|14.5AA-0AA/0A,15|17AA-0AA/0A,17.5|19.5AA-0AA/0A,20|22AA-0AA/0A,22.5|24AA-0AA/0A,48X",0,,<CarOver24Hrs>N</CarOver24Hrs><FlexPKGProfile>N</FlexPKGProfile>,N,1900-01-01,Hager_W,2024-07-18 00:00:00.000,Davies_Ja,2024-08-15 20:11:51.007,2025-05-05 04:35:07.383,9999-12-31 00:00:00.000,2025-05-05 04:35:07.383,1
12381,611756,THE TRAVEL AGENT NEXT DOOR,Multi-Expired,THE TRAVEL AGENT NEXT DOOR,2025-05-23,2025-05-23,2024-07-18,2025-05-23,GRP-IE-WH,C,7,Y,N,AA,Y,N,,,,,,,,IE-611756,0,Y,"L:5|7AA-0AA/0A,7.5|9.5AA-0AA/0A,10|12AA-1AA/0A,12.5|14.5AA-1AA/0A,15|17AA-2AA/0A,17.5|19.5AA-2AA/0A,20|22AA-2AA/0A,22.5|24AA-2AA/0A,48X;A:5|7AA-0AA/0A,7.5|9.5AA-0AA/0A,10|12AA-0AA/0A,12.5|14.5AA-0AA/0A,15|17AA-0AA/0A,17.5|19.5AA-0AA/0A,20|22AA-0AA/0A,22.5|24AA-0AA/0A,48X",20,,<CarOver24Hrs>N</CarOver24Hrs><FlexPKGProfile>N</FlexPKGProfile>,N,1900-01-01,Hager_W,2024-07-18 00:00:00.000,Smith_K,2024-08-20 22:04:05.180,2024-07-18 00:00:00.000,2025-07-25 04:41:47.517,2025-04-08 08:40:08.187,0
17156,611756,THE TRAVEL AGENT NEXT DOOR,Multi-Expired,THE TRAVEL AGENT NEXT DOOR,2025-05-23,2025-05-23,2024-07-18,2025-05-23,GRP-IE-WH,C,7,Y,N,AA,Y,N,,,,,,,,IE-611756,0,Y,"L:5|7AA-0AA/0A,7.5|9.5AA-0AA/0A,10|12AA-1AA/0A,12.5|14.5AA-1AA/0A,15|17AA-2AA/0A,17.5|19.5AA-2AA/0A,20|22AA-2AA/0A,22.5|24AA-2AA/0A,48X;A:5|7AA-0AA/0A,7.5|9.5AA-0AA/0A,10|12AA-0AA/0A,12.5|14.5AA-0AA/0A,15|17AA-0AA/0A,17.5|19.5AA-0AA/0A,20|22AA-0AA/0A,22.5|24AA-0AA/0A,48X",0,,<CarOver24Hrs>N</CarOver24Hrs><FlexPKGProfile>N</FlexPKGProfile>,N,1900-01-01,Hager_W,2024-07-18 00:00:00.000,Smith_K,2024-08-20 22:04:05.180,2025-05-23 06:31:23.863,9999-12-31 00:00:00.000,2025-05-23 06:31:23.863,1
12382,611771,"CXLD - 2025  Irish Gold- 9 Days/8 Nights- Ireland with Friends and Family- May 23, 2025",Closed,"CXLD - 2025  Irish Gold- 9 Days/8 Nights- Ireland with Friends and Family- May 23, 2025",2025-05-23,2025-05-23,2010-01-01,2025-12-31,SCH-IE-GOA,C,9,Y,N,AA/AAA,Y,N,,<Main><AirOffset>1</AirOffset><FromCity>NYC</FromCity><ToCity>DUB</ToCity><ReturnFromCity>DUB</ReturnFromCity><ReturnToCity>NYC</ReturnToCity></Main>,,,<Pre><First>Y</First></Pre>,<Post><Last>Y</Last></Post>,,,0,N,,0,,"<CarOver24Hrs>N</CarOver24Hrs><PrefCommMethod></PrefCommMethod><Destination>WAT,GAL,DUB,KER</Destination><FlexPKGProfile>N</FlexPKGProfile>",Y,1900-01-01,Markle_M,2024-07-18 00:00:00.000,Davies_Ja,2024-07-30 21:33:08.430,2024-07-18 00:00:00.000,9999-12-31 00:00:00.000,2025-04-08 08:40:08.187,1
12383,611805,"2025 Irish Adventure- 9 Days/8 Nights- Pyramid Travel- June 6, 2025",Active,"2025 Irish Adventure- 9 Days/8 Nights- Pyramid Travel- June 6, 2025",2025-06-06,2025-06-06,2010-01-01,2025-12-31,SCH-IE-ADA,C,9,Y,N,AA/AAA,Y,Y,,,,,<Pre><First>Y</First></Pre>,<Post><Last>Y</Last></Post>,,ADA25,0,N,,19,,"<CarOver24Hrs>N</CarOver24Hrs><PrefCommMethod></PrefCommMethod><Destination>DUB,WAT,GAL,DER,KER</Destination><FlexPKGProfile>N</FlexPKGProfile>",Y,1900-01-01,Markle_M,2024-07-19 00:00:00.000,Markle_M,2025-04-04 02:26:49.077,2024-07-19 00:00:00.000,9999-12-31 00:00:00.000,2025-04-08 08:40:08.187,1
12384,611910,"2025 Irish Adventure - 9 Days/8 Nights - Town & Country Travel - March 17, 2025",Active,"2025 Irish Adventure - 9 Days/8 Nights - Town & Country Travel - March 17, 2025",2025-03-17,2025-03-17,2010-01-01,2025-12-31,SCH-IE-ADA,C,9,Y,N,AA/AAA,Y,Y,,<Main><AirOffset>1</AirOffset><FromCity>MSY</FromCity><ToCity>DUB</ToCity><ReturnFromCity>DUB</ReturnFromCity><ReturnToCity>MSY</ReturnToCity><AirReturnOffset></AirReturnOffset><IncludeContracts>Y</IncludeContracts><IncludeBlkContracts>Y</IncludeBlkContracts><BlockOnly>Y</BlockOnly><Market>611910</Market></Main><AIWhoStamp>Schindler_A</AIWhoStamp><AIDateStamp>2024-08-15 14:05:29.000</AIDateStamp>,"MSY,",,<Pre><First>Y</First></Pre>,<Post><Last>Y</Last></Post>,,ADA25,0,N,,22,,"<CarOver24Hrs>N</CarOver24Hrs><PrefCommMethod></PrefCommMethod><Destination>DUB,WAT,GAL,DER,KER</Destination><FlexPKGProfile>N</FlexPKGProfile>",Y,1900-01-01,Wilson_N,2024-07-22 00:00:00.000,Mahnken_J,2025-03-18 22:00:08.340,2024-07-22 00:00:00.000,9999-12-31 00:00:00.000,2025-04-08 08:40:08.187,1
12385,611913,"CXLD - 2025 Taste of Italy with Sorrento- 10 Days/9 Nights- La Dolece Vita 2025- June 29, 2025",Closed,"CXLD - 2025 Taste of Italy with Sorrento- 10 Days/9 Nights- La Dolece Vita 2025- June 29, 2025",2025-06-29,2025-06-29,2010-01-01,2025-12-31,SCH-IT-ITT,C,10,Y,N,AA/AAA,Y,N,,<Main><AirOffset>1</AirOffset><FromCity>NYC</FromCity><ToCity>VCE</ToCity><ReturnFromCity>NAP</ReturnFromCity><ReturnToCity>NYC</ReturnToCity><AirReturnOffset></AirReturnOffset></Main><AIWhoStamp>McInerney_M</AIWhoStamp><AIDateStamp>2019-06-21 09:20:08.000</AIDateStamp>,,,<Pre><First>Y</First></Pre>,<Post><Last>Y</Last></Post>,,,0,N,,0,,"<CarOver24Hrs>N</CarOver24Hrs><PrefCommMethod></PrefCommMethod><Destination>ROM,RRO,VCE,FLR</Destination><FlexPKGProfile>N</FlexPKGProfile>",Y,1900-01-01,doig_l,2024-07-22 00:00:00.000,Davies_Ja,2024-10-10 18:39:12.237,2024-07-22 00:00:00.000,9999-12-31 00:00:00.000,2025-04-08 08:40:08.187,1
12401,612122,"2025 Taste of Scotland & Ireland - 11 Days/10 Nights - Vasco Des Eskers - October 3, 2025",Expired,"2025 Taste of Scotland & Ireland - 11 Days/10 Nights - Vasco Des Eskers - October 3, 2025",2025-10-03,2025-10-03,2010-01-01,2025-12-31,SCH-GB-SCA,C,11,Y,N,AA/AAA,Y,N,,<Main><AirOffset>1</AirOffset><FromCity>NYC</FromCity><ToCity>EDI</ToCity><ReturnFromCity>DUB</ReturnFromCity><ReturnToCity>NYC</ReturnToCity><AirReturnOffset></AirReturnOffset></Main><AIWhoStamp>Biggins_Tr</AIWhoStamp><AIDateStamp>2022-09-06 17:09:55.000</AIDateStamp>,,,<Pre><Service><ProductCode>UKPRENIGHTS</ProductCode><SupplierID>GB-GLA-GTH</SupplierID><ServiceID>STD-SBB</ServiceID></Service></Pre>,<Post><Last>Y</Last></Post>,,SCA25,0,N,,20,,"<CarOver24Hrs>N</CarOver24Hrs><PrefCommMethod></PrefCommMethod><Destination>GLA,NAI,EDI,KER,DUB,LIM</Destination><FlexPKGProfile>N</FlexPKGProfile>",Y,1900-01-01,doig_l,2024-07-25 00:00:00.000,Lyons_S,2025-01-09 11:49:15.777,2024-07-25 00:00:00.000,9999-12-31 00:00:00.000,2025-04-08 08:40:08.187,1
12402,612129,"2025 Taste of Italy with Sorrento - 10 Days/9 Nights - Anet Tours - May 11, 2025",Expired,"2025 Taste of Italy with Sorrento - 10 Days/9 Nights - Anet Tours - May 11, 2025",2025-05-11,2025-05-11,2010-01-01,2025-12-31,SCH-IT-ITT,C,10,Y,N,AA/AAA,Y,N,,<Main><AirOffset>1</AirOffset><FromCity>NYC</FromCity><ToCity>VCE</ToCity><ReturnFromCity>NAP</ReturnFromCity><ReturnToCity>NYC</ReturnToCity><AirReturnOffset></AirReturnOffset></Main><AIWhoStamp>McInerney_M</AIWhoStamp><AIDateStamp>2019-06-21 09:20:08.000</AIDateStamp>,,,<Pre><First>Y</First></Pre>,<Post><Last>Y</Last></Post>,,ITT25,0,N,,20,,"<CarOver24Hrs>N</CarOver24Hrs><PrefCommMethod></PrefCommMethod><Destination>ROM,RRO,VCE,FLR</Destination><FlexPKGProfile>N</FlexPKGProfile>",Y,1900-01-01,Wilson_N,2024-07-25 00:00:00.000,edwards_ki,2025-03-26 11:36:05.547,2024-07-25 00:00:00.000,2025-07-25 04:41:47.517,2025-04-08 08:40:08.187,0
16559,612129,"2025 Taste of Italy with Sorrento - 10 Days/9 Nights - Anet Tours - May 11, 2025",Expired,"2025 Taste of Italy with Sorrento - 10 Days/9 Nights - Anet Tours - May 11, 2025",2025-05-11,2025-05-11,2010-01-01,2025-12-31,SCH-IT-ITT,C,10,Y,N,AA/AAA,Y,N,,<Main><AirOffset>1</AirOffset><FromCity>NYC</FromCity><ToCity>VCE</ToCity><ReturnFromCity>NAP</ReturnFromCity><ReturnToCity>NYC</ReturnToCity><AirReturnOffset></AirReturnOffset></Main><AIWhoStamp>McInerney_M</AIWhoStamp><AIDateStamp>2019-06-21 09:20:08.000</AIDateStamp>,,,<Pre><First>Y</First></Pre>,<Post><Last>Y</Last></Post>,,ITT25,0,N,,0,,"<CarOver24Hrs>N</CarOver24Hrs><PrefCommMethod></PrefCommMethod><Destination>ROM,RRO,VCE,FLR</Destination><FlexPKGProfile>N</FlexPKGProfile>",Y,1900-01-01,Wilson_N,2024-07-25 00:00:00.000,edwards_ki,2025-04-28 10:40:52.123,2025-05-11 04:36:24.357,9999-12-31 00:00:00.000,2025-05-11 04:36:24.357,1
12403,612149,Kelleher Group,Closed,Kelleher Group,2025-06-16,2025-06-16,2024-07-25,2025-04-02,GRP-IE-KS-1,C,10,Y,N,AA,Y,N,,,,,,,,IE-612149,0,Y,"L:5|7AA-0AA/0A,7.5|9.5AA-0AA/0A,10|12AA-1AA/0A,12.5|14.5AA-1AA/0A,15|17AA-2AA/0A,34X;A:5|7AA-0AA/0A,7.5|9.5AA-0AA/0A,10|12AA-0AA/0A,12.5|14.5AA-0AA/0A,15|17AA-0AA/0A,34X",0,,<CarOver24Hrs>N</CarOver24Hrs><FlexPKGProfile>N</FlexPKGProfile>,Y,1900-01-01,Smith_K,2024-07-25 00:00:00.000,Smith_K,2025-03-24 16:48:10.383,2024-07-25 00:00:00.000,9999-12-31 00:00:00.000,2025-04-08 08:40:08.187,1
12404,612150,ITALY - GOLD CROWN TRAVEL,Closed,ITALY - GOLD CROWN TRAVEL,2025-03-28,2025-03-28,2024-07-25,2025-01-10,GRP-EU-WH,C,5,Y,N,AA,Y,N,,,,,,,,EU-612150,0,Y,"L:5|7AA-0AA/0A,7.5|9.5AA-0AA/0A,19X;A:5|7AA-0AA/0A,7.5|9.5AA-0AA/0A,19X",0,,<CarOver24Hrs>N</CarOver24Hrs><FlexPKGProfile>N</FlexPKGProfile>,Y,1900-01-01,Hager_W,2024-07-25 00:00:00.000,Hager_W,2024-12-19 21:57:49.083,2024-07-25 00:00:00.000,9999-12-31 00:00:00.000,2025-04-08 08:40:08.187,1
12405,612154,ICELAND - BLUE RIBBON TRAVEL,Expired,ICELAND - BLUE RIBBON TRAVEL,2025-02-28,2025-02-28,2024-07-25,2025-02-28,GRP-EU-WH,C,8,Y,N,AA,Y,N,,,,,,,,EU-612154,0,Y,"L:5|7AA-0AA/0A,7.5|9.5AA-0AA/0A,10|12AA-1AA/0A,12.5|14.5AA-1AA/0A,15|17AA-2AA/0A,17.5|19.5AA-2AA/0A,20|22AA-2AA/0A,22.5|24AA-2AA/0A,48X;A:5|7AA-0AA/0A,7.5|9.5AA-0AA/0A,10|12AA-0AA/0A,12.5|14.5AA-0AA/0A,15|17AA-0AA/0A,17.5|19.5AA-0AA/0A,20|22AA-0AA/0A,22.5|24AA-0AA/0A,48X",0,,<CarOver24Hrs>N</CarOver24Hrs><FlexPKGProfile>N</FlexPKGProfile>,N,1900-01-01,Hager_W,2024-07-25 00:00:00.000,Davies_Ja,2024-09-13 14:22:18.713,2024-07-25 00:00:00.000,9999-12-31 00:00:00.000,2025-04-08 08:40:08.187,1
12406,612162,Cummings Family,Expired,Cummings Family,2025-07-01,2025-07-01,2024-07-25,2025-07-01,GRP-IE-KS-1,C,8,Y,N,AA,Y,N,,,,,,,,IE-612162,0,Y,"L:5|7AA-0AA/0A,7.5|9.5AA-0AA/0A,10|12AA-1AA/0A,12.5|14.5AA-1AA/0A,15|17AA-2AA/0A,17.5|19.5AA-2AA/0A,20|22AA-2AA/0A,22.5|24AA-2AA/0A,48X;A:5|7AA-0AA/0A,7.5|9.5AA-0AA/0A,10|12AA-0AA/0A,12.5|14.5AA-0AA/0A,15|17AA-0AA/0A,17.5|19.5AA-0AA/0A,20|22AA-0AA/0A,22.5|24AA-0AA/0A,48X",10,,<CarOver24Hrs>N</CarOver24Hrs><FlexPKGProfile>N</FlexPKGProfile>,N,1900-01-01,Smith_K,2024-07-25 00:00:00.000,Caldeira_N,2024-10-03 20:55:55.710,2024-07-25 00:00:00.000,2025-07-25 04:41:47.517,2025-04-08 08:40:08.187,0
12407,612164,NEXION,Active,NEXION,2025-09-03,2025-09-03,2024-07-25,2025-06-20,GRP-IE-WH,C,13,Y,N,AA,Y,N,,,,,,,,IE-612164,0,Y,"L:5|7AA-0AA/0A,7.5|9.5AA-0AA/0A,10|12AA-1AA/0A,12.5|14.5AA-1AA/0A,15|17AA-2AA/0A,34X;A:5|7AA-0AA/0A,7.5|9.5AA-0AA/0A,10|12AA-0AA/0A,12.5|14.5AA-0AA/0A,15|17AA-0AA/0A,34X",30,,<CarOver24Hrs>N</CarOver24Hrs><FlexPKGProfile>N</FlexPKGProfile>,Y,1900-01-01,Hager_W,2024-07-25 00:00:00.000,Greene_Dh,2025-04-02 10:03:14.717,2024-07-25 00:00:00.000,2025-05-28 07:00:44.447,2025-04-08 08:40:08.187,0
17343,612164,NEXION,Active,NEXION,2025-09-03,2025-09-03,2024-07-25,2025-06-20,GRP-IE-WH,C,13,Y,N,AA,Y,N,,,,,,,,IE-612164,0,Y,"L:5|7AA-0AA/0A,7.5|9.5AA-0AA/0A,10|12AA-1AA/0A,12.5|14.5AA-1AA/0A,15|17AA-2AA/0A,34X;A:5|7AA-0AA/0A,7.5|9.5AA-0AA/0A,10|12AA-0AA/0A,12.5|14.5AA-0AA/0A,15|17AA-0AA/0A,34X",30,,<CarOver24Hrs>N</CarOver24Hrs><FlexPKGProfile>N</FlexPKGProfile>,Y,1900-01-01,Hager_W,2024-07-25 00:00:00.000,Mahoney_he,2025-05-23 21:25:45.177,2025-05-24 06:26:39.947,2025-05-28 07:00:44.447,2025-05-24 06:26:39.947,0
17493,612164,NEXION,Active,NEXION,2025-09-03,2025-09-03,2024-07-25,2025-06-20,GRP-IE-WH,C,13,Y,N,AA,Y,N,,,,,,,,IE-612164,0,Y,"L:5|7AA-0AA/0A,7.5|9.5AA-0AA/0A,10|12AA-1AA/0A,12.5|14.5AA-1AA/0A,15|17AA-2AA/0A,34X;A:5|7AA-0AA/0A,7.5|9.5AA-0AA/0A,10|12AA-0AA/0A,12.5|14.5AA-0AA/0A,15|17AA-0AA/0A,34X",30,,<CarOver24Hrs>N</CarOver24Hrs><FlexPKGProfile>N</FlexPKGProfile>,Y,1900-01-01,Hager_W,2024-07-25 00:00:00.000,Larkin_B,2025-05-27 09:41:33.790,2025-05-28 07:01:18.080,2025-06-28 06:04:14.733,2025-05-28 07:01:18.080,0
12633,614795,"2025 Ireland's Wild Atlantic Way - 9 Days/8 Nights - Travel Planners International - March 23, 2025",Expired,"2025 Ireland's Wild Atlantic Way - 9 Days/8 Nights - Travel Planners International - March 23, 2025",2025-03-23,2025-03-23,2010-01-01,2025-12-31,SCH-IE-IWA,C,9,Y,N,AA/AAA,Y,N,,<Main><AirOffset>1</AirOffset><FromCity>NYC</FromCity><ToCity>DUB</ToCity><ReturnFromCity>DUB</ReturnFromCity><ReturnToCity>NYC</ReturnToCity></Main>,,,<Pre><Service><ProductCode>IEPRENIGHTS</ProductCode><SupplierID>IE-DUB-CCA</SupplierID><ServiceID>STD-SBB</ServiceID></Service></Pre>,,,IWA25,0,N,,0,,"<CarOver24Hrs>N</CarOver24Hrs><PrefCommMethod></PrefCommMethod><Destination>DON,KER,MAY,LIM,DUB</Destination><FlexPKGProfile>N</FlexPKGProfile>",Y,1900-01-01,doig_l,2024-08-30 00:00:00.000,Lyons_S,2025-01-08 16:45:45.373,2024-08-30 00:00:00.000,9999-12-31 00:00:00.000,2025-04-08 08:40:08.187,1
12634,614799,"2025 Irish Legends - 9 Days/8 Nights - Key to the World Travel - September 16, 2025",Active,"2025 Irish Legends - 9 Days/8 Nights - Key to the World Travel - September 16, 2025",2025-09-16,2025-09-16,2010-01-01,2025-09-16,SCH-IE-LEA,C,9,Y,N,AA/AAA,Y,N,,<Main><AirOffset>1</AirOffset><FromCity>NYC</FromCity><ToCity>DUB</ToCity><ReturnFromCity>DUB</ReturnFromCity><ReturnToCity>NYC</ReturnToCity></Main>,,,<Pre><Service><ProductCode>IEPRENIGHTS</ProductCode><SupplierID>IE-MEA-DCA</SupplierID><ServiceID>STD-SBB</ServiceID></Service></Pre>,,,LEA25,0,N,,26,,"<CarOver24Hrs>N</CarOver24Hrs><PrefCommMethod></PrefCommMethod><Destination>GAL,KIK,MEA,DUB,KER</Destination><FlexPKGProfile>N</FlexPKGProfile>",Y,1900-01-01,Wilson_N,2024-08-30 00:00:00.000,Lyons_S,2025-01-20 10:46:36.927,2024-08-30 00:00:00.000,2025-07-25 04:41:47.517,2025-04-08 08:40:08.187,0
15403,614799,"2025 Irish Legends - 9 Days/8 Nights - Key to the World Travel - September 16, 2025",Active,"2025 Irish Legends - 9 Days/8 Nights - Key to the World Travel - September 16, 2025",2025-09-16,2025-09-16,2010-01-01,2025-09-16,SCH-IE-LEA,C,9,Y,N,AA/AAA,Y,N,,<Main><AirOffset>1</AirOffset><FromCity>NYC</FromCity><ToCity>DUB</ToCity><ReturnFromCity>DUB</ReturnFromCity><ReturnToCity>NYC</ReturnToCity></Main>,,,<Pre><Service><ProductCode>IEPRENIGHTS</ProductCode><SupplierID>IE-MEA-DCA</SupplierID><ServiceID>STD-SBB</ServiceID></Service></Pre>,,,LEA25,0,N,,26,,"<CarOver24Hrs>N</CarOver24Hrs><PrefCommMethod></PrefCommMethod><Destination>GAL,KIK,MEA,DUB,KER</Destination><FlexPKGProfile>N</FlexPKGProfile>",Y,1900-01-01,Wilson_N,2024-08-30 00:00:00.000,Stynes_A,2025-04-15 14:53:08.470,2025-04-16 04:53:38.903,2025-07-25 04:41:47.517,2025-04-16 04:53:38.903,0
17710,614799,"2025 Irish Legends - 9 Days/8 Nights - Key to the World Travel - September 16, 2025",Active,"2025 Irish Legends - 9 Days/8 Nights - Key to the World Travel - September 16, 2025",2025-09-16,2025-09-16,2010-01-01,2025-09-16,SCH-IE-LEA,C,9,Y,N,AA/AAA,Y,N,,<Main><AirOffset>1</AirOffset><FromCity>NYC</FromCity><ToCity>DUB</ToCity><ReturnFromCity>DUB</ReturnFromCity><ReturnToCity>NYC</ReturnToCity></Main>,,,<Pre><Service><ProductCode>IEPRENIGHTS</ProductCode><SupplierID>IE-MEA-DCA</SupplierID><ServiceID>STD-SBB</ServiceID></Service></Pre>,,,LEA25,0,N,,26,,"<CarOver24Hrs>N</CarOver24Hrs><PrefCommMethod></PrefCommMethod><Destination>GAL,KIK,MEA,DUB,KER</Destination><FlexPKGProfile>N</FlexPKGProfile>",Y,1900-01-01,Wilson_N,2024-08-30 00:00:00.000,Douglas_P,2025-05-29 12:11:39.913,2025-05-30 06:58:40.317,2025-07-25 04:41:47.517,2025-05-30 06:58:40.317,0
12635,614892,"2025 Best of Ireland South (Tour A) - 8 Days/7 Nights - Going Places Inc - September 4, 2025",Active,"2025 Best of Ireland South (Tour A) - 8 Days/7 Nights - Going Places Inc - September 4, 2025",2025-09-04,2025-09-04,2010-01-01,2025-12-31,SCH-IE-ISA,C,8,Y,N,AA/AAA,Y,N,,<Main><AirOffset>1</AirOffset><FromCity>NYC</FromCity><ToCity>DUB</ToCity><ReturnFromCity>DUB</ReturnFromCity><ReturnToCity>NYC</ReturnToCity></Main>,,,<Pre><First>Y</First><Duration>1</Duration></Pre>,,,ISA25,0,N,,10,,"<CarOver24Hrs>N</CarOver24Hrs><PrefCommMethod></PrefCommMethod><Destination>DUB,CLA,KER</Destination><FlexPKGProfile>N</FlexPKGProfile>",Y,1900-01-01,Wilson_N,2024-09-03 00:00:00.000,Lyons_S,2025-01-08 16:43:41.920,2024-09-03 00:00:00.000,2025-07-25 04:41:47.517,2025-04-08 08:40:08.187,0
12636,614893,"2025 Taste of Ireland (Tour A) - 7 Days/6 Nights - Worldvia - Travel Quest - June 29, 2025",Expired,"2025 Taste of Ireland (Tour A) - 7 Days/6 Nights - Worldvia - Travel Quest - June 29, 2025",2025-06-29,2025-06-29,2010-01-01,2025-12-31,SCH-IE-TAA,C,7,Y,N,AA/AAA,Y,N,,<Main><AirOffset>1</AirOffset><FromCity>NYC</FromCity><ToCity>DUB</ToCity><ReturnFromCity>DUB</ReturnFromCity><ReturnToCity>NYC</ReturnToCity></Main>,,,<Pre><First>Y</First></Pre>,<Post><Last>Y</Last></Post>,,TAA25,0,N,,11,,"<CarOver24Hrs>N</CarOver24Hrs><PrefCommMethod></PrefCommMethod><Destination>LIM,DUB,KER</Destination><FlexPKGProfile>N</FlexPKGProfile>",Y,1900-01-01,Markle_M,2024-09-03 00:00:00.000,Larkin_B,2025-01-17 15:21:52.890,2024-09-03 00:00:00.000,2025-07-25 04:41:47.517,2025-04-08 08:40:08.187,0
12637,614896,"2025 Irish Spirit - 9 Days/8 Nights - Vacation Ever After - June 19, 2025",Pending,"2025 Irish Spirit - 9 Days/8 Nights - Vacation Ever After - June 19, 2025",2025-06-19,2025-06-19,2010-01-01,2025-12-31,SCH-IE-SPA,C,9,Y,N,AA/AAA,Y,N,,<Main><AirOffset>1</AirOffset><FromCity>NYC</FromCity><ToCity>DUB</ToCity><ReturnFromCity>DUB</ReturnFromCity><ReturnToCity>NYC</ReturnToCity></Main>,,,<Pre><First>Y</First><Duration>1</Duration></Pre><ExcludeOneTime>Y</ExcludeOneTime>,<Post><Last>Y</Last><Duration>1</Duration></Post>,,SPA25,0,N,,12,,"<CarOver24Hrs>N</CarOver24Hrs><PrefCommMethod></PrefCommMethod><Destination>DUB,KER,GAL,WEX</Destination><FlexPKGProfile>N</FlexPKGProfile>",Y,1900-01-01,Wilson_N,2024-09-03 00:00:00.000,Lyons_S,2025-01-10 17:31:02.043,2024-09-03 00:00:00.000,2025-07-25 04:41:47.517,2025-04-08 08:40:08.187,0
12638,614917,Barone Group,Active,Barone Group,2025-05-08,2025-05-08,2024-09-03,2025-02-21,GRP-GB-BOS-KS,C,8,Y,N,AA/AAA,Y,N,,,,,,,,GB-614917,0,Y,"L:5|7AA-0AA/0A,7.5|9.5AA-0AA/0A,10|12AA-1AA/0A,12.5|14.5AA-1AA/0A,29X;A:5|7AA-0AA/0A,7.5|9.5AA-0AA/0A,10|12AA-0AA/0A,12.5|14.5AA-0AA/0A,29X",10,,<CarOver24Hrs>N</CarOver24Hrs><FlexPKGProfile>N</FlexPKGProfile>,Y,1900-01-01,Smith_K,2024-09-03 00:00:00.000,Smith_K,2025-03-06 19:17:57.563,2024-09-03 00:00:00.000,9999-12-31 00:00:00.000,2025-04-08 08:40:08.187,1
12654,615062,"CXLD - 2025 Scottish Clans & Castles - 11 Days/10 Nights - Cruises & Tours Unlimited - Travel Wise - April 10, 2025",Closed,"CXLD - 2025 Scottish Clans & Castles - 11 Days/10 Nights - Cruises & Tours Unlimited - Travel Wise - April 10, 2025",2025-04-10,2025-04-10,2010-01-01,2025-12-31,SCH-GB-CCA,C,11,Y,N,N,Y,Y,,<Main><AirOffset>1</AirOffset><FromCity>NYC</FromCity><ToCity>EDI</ToCity><ReturnFromCity>EDI</ReturnFromCity><ReturnToCity>NYC</ReturnToCity><AirReturnOffset></AirReturnOffset></Main><AIWhoStamp>Biggins_Tr</AIWhoStamp><AIDateStamp>2022-09-06 16:30:46.000</AIDateStamp>,,,<Pre><Service><ProductCode>UKPRENIGHTS</ProductCode><SupplierID>GB-GLA-SND</SupplierID><ServiceID>STD-SBB</ServiceID></Service></Pre>,<Post><Last>Y</Last></Post>,,,0,N,,0,,"<CarOver24Hrs>N</CarOver24Hrs><FlexPKGProfile>N</FlexPKGProfile><PrefCommMethod></PrefCommMethod><Destination>RSS,FIF,GLA,ABD,INV</Destination>",Y,1900-01-01,Wilson_N,2024-09-04 00:00:00.000,Davies_Ja,2024-11-27 21:18:43.500,2024-09-04 00:00:00.000,9999-12-31 00:00:00.000,2025-04-08 08:40:08.187,1
12655,615064,"2025 Irish Legends - 10 Days/9 Nights - Key to the World Travel - September 16, 2025",Multi-Expired,"2025 Irish Legends - 10 Days/9 Nights - Key to the World Travel - September 16, 2025",2025-09-16,2025-09-16,2010-01-01,2025-12-31,SCH-IE-LEA,C,10,Y,N,AA/AAA,Y,N,,<Main><AirOffset>1</AirOffset><FromCity>NYC</FromCity><ToCity>DUB</ToCity><ReturnFromCity>DUB</ReturnFromCity><ReturnToCity>NYC</ReturnToCity></Main>,,,<Pre><Service><ProductCode>IEPRENIGHTS</ProductCode><SupplierID>IE-MEA-DCA</SupplierID><ServiceID>STD-SBB</ServiceID></Service></Pre>,<Post><Last>Y</Last></Post>,,LEA25,0,N,,10,,"<CarOver24Hrs>N</CarOver24Hrs><PrefCommMethod></PrefCommMethod><Destination>GAL,KIK,MEA,DUB,KER</Destination><FlexPKGProfile>N</FlexPKGProfile>",N,1900-01-01,Wilson_N,2024-09-04 00:00:00.000,Lyons_S,2025-01-17 11:11:46.060,2024-09-04 00:00:00.000,2025-06-04 07:10:59.440,2025-04-08 08:40:08.187,0
15405,615064,"2025 Irish Legends - 10 Days/9 Nights - Key to the World Travel - September 16, 2025",Multi-Expired,"2025 Irish Legends - 10 Days/9 Nights - Key to the World Travel - September 16, 2025",2025-09-16,2025-09-16,2010-01-01,2025-12-31,SCH-IE-LEA,C,10,Y,N,AA/AAA,Y,N,,<Main><AirOffset>1</AirOffset><FromCity>NYC</FromCity><ToCity>DUB</ToCity><ReturnFromCity>DUB</ReturnFromCity><ReturnToCity>NYC</ReturnToCity></Main>,,,<Pre><Service><ProductCode>IEPRENIGHTS</ProductCode><SupplierID>IE-MEA-DCA</SupplierID><ServiceID>STD-SBB</ServiceID></Service></Pre>,<Post><Last>Y</Last></Post>,,LEA25,0,N,,10,,"<CarOver24Hrs>N</CarOver24Hrs><PrefCommMethod></PrefCommMethod><Destination>GAL,KIK,MEA,DUB,KER</Destination><FlexPKGProfile>N</FlexPKGProfile>",N,1900-01-01,Wilson_N,2024-09-04 00:00:00.000,Stynes_A,2025-04-15 14:53:08.487,2025-04-16 04:53:38.903,2025-06-04 07:10:59.440,2025-04-16 04:53:38.903,0
17711,615064,"2025 Irish Legends - 10 Days/9 Nights - Key to the World Travel - September 16, 2025",Multi-Expired,"2025 Irish Legends - 10 Days/9 Nights - Key to the World Travel - September 16, 2025",2025-09-16,2025-09-16,2010-01-01,2025-12-31,SCH-IE-LEA,C,10,Y,N,AA/AAA,Y,N,,<Main><AirOffset>1</AirOffset><FromCity>NYC</FromCity><ToCity>DUB</ToCity><ReturnFromCity>DUB</ReturnFromCity><ReturnToCity>NYC</ReturnToCity></Main>,,,<Pre><Service><ProductCode>IEPRENIGHTS</ProductCode><SupplierID>IE-MEA-DCA</SupplierID><ServiceID>STD-SBB</ServiceID></Service></Pre>,<Post><Last>Y</Last></Post>,,LEA25,0,N,,10,,"<CarOver24Hrs>N</CarOver24Hrs><PrefCommMethod></PrefCommMethod><Destination>GAL,KIK,MEA,DUB,KER</Destination><FlexPKGProfile>N</FlexPKGProfile>",N,1900-01-01,Wilson_N,2024-09-04 00:00:00.000,Douglas_P,2025-05-29 12:11:40.133,2025-05-30 06:58:40.317,2025-06-04 07:10:59.440,2025-05-30 06:58:40.317,0
12656,615065,"CXLD - 2025 Northern Lights Quest of Iceland- 6 Days/5 Nights- Iceland Adventure- October 12, 2025",Closed,"CXLD - 2025 Northern Lights Quest of Iceland- 6 Days/5 Nights- Iceland Adventure- October 12, 2025",2025-10-12,2025-10-12,2010-01-01,2025-12-31,SCH-IS-ICT,C,6,Y,N,AA,Y,N,,<Main><AirOffset>1</AirOffset><FromCity>NYC</FromCity><ToCity>REK</ToCity><ReturnFromCity>REK</ReturnFromCity><ReturnToCity>NYC</ReturnToCity><AirReturnOffset></AirReturnOffset></Main><AIWhoStamp>McInerney_M</AIWhoStamp><AIDateStamp>2018-11-29 09:30:09.000</AIDateStamp>,,,<Pre><First>Y</First></Pre>,<Post><Last>Y</Last></Post>,,,0,N,,0,,"<CarOver24Hrs>N</CarOver24Hrs><PrefCommMethod></PrefCommMethod><Destination>NUP,HLL,REK</Destination><FlexPKGProfile>N</FlexPKGProfile>",Y,1900-01-01,doig_l,2024-09-04 00:00:00.000,Davies_Ja,2024-12-09 17:43:10.103,2024-09-04 00:00:00.000,9999-12-31 00:00:00.000,2025-04-08 08:40:08.187,1
12657,615073,FAM - Ensemble,Multi-Expired,FAM - Ensemble,2025-11-14,2025-11-14,2024-09-04,2025-11-14,FAM-IE,C,8,Y,N,AA,Y,N,,,,,,,,IE-615073,0,Y,"L:5|7AA-0AA/0A,7.5|9.5AA-0AA/0A,10|12AA-1AA/0A,12.5|14.5AA-1AA/0A,15|17AA-2AA/0A,17.5|19.5AA-2AA/0A,20|22AA-2AA/0A,22.5|24AA-2AA/0A,48X;A:5|7AA-0AA/0A,7.5|9.5AA-0AA/0A,10|12AA-0AA/0A,12.5|14.5AA-0AA/0A,15|17AA-0AA/0A,17.5|19.5AA-0AA/0A,20|22AA-0AA/0A,22.5|24AA-0AA/0A,48X",20,,<CarOver24Hrs>N</CarOver24Hrs><FlexPKGProfile>N</FlexPKGProfile>,Y,1900-01-01,Smith_K,2024-09-04 00:00:00.000,Smith_K,2025-02-25 21:27:53.033,2024-09-04 00:00:00.000,2025-07-03 06:08:23.960,2025-04-08 08:40:08.187,0
12658,615082,"2025 Ireland's Wild Atlantic Way - 10 Days/9 Nights - Travel Planners International - March 23, 2025",Multi-Expired,"2025 Ireland's Wild Atlantic Way - 10 Days/9 Nights - Travel Planners International - March 23, 2025",2025-03-23,2025-03-23,2010-01-01,2025-12-31,SCH-IE-IWA,C,10,Y,N,AA/AAA,Y,N,,<Main><AirOffset>1</AirOffset><FromCity>NYC</FromCity><ToCity>DUB</ToCity><ReturnFromCity>DUB</ReturnFromCity><ReturnToCity>NYC</ReturnToCity></Main>,,,<Pre><Service><ProductCode>IEPRENIGHTS</ProductCode><SupplierID>IE-DUB-CCA</SupplierID><ServiceID>STD-SBB</ServiceID></Service></Pre>,<Post><Last>Y</Last></Post>,,IWA25,0,N,,0,,"<CarOver24Hrs>N</CarOver24Hrs><PrefCommMethod></PrefCommMethod><Destination>DON,KER,MAY,LIM,DUB</Destination><FlexPKGProfile>N</FlexPKGProfile>",Y,1900-01-01,doig_l,2024-09-04 00:00:00.000,Lyons_S,2025-01-08 16:45:45.483,2024-09-04 00:00:00.000,9999-12-31 00:00:00.000,2025-04-08 08:40:08.187,1
12659,615087,"2025 Taste of Ireland (Tour A) - 7 Days/6 Nights - Avoya Travel - July 2, 2025",Expired,"2025 Taste of Ireland (Tour A) - 7 Days/6 Nights - Avoya Travel - July 2, 2025",2025-07-02,2025-07-02,2010-01-01,2025-12-31,SCH-IE-TAA,C,7,Y,N,AA/AAA,Y,N,,<Main><AirOffset>1</AirOffset><FromCity>NYC</FromCity><ToCity>DUB</ToCity><ReturnFromCity>DUB</ReturnFromCity><ReturnToCity>NYC</ReturnToCity></Main>,,,<Pre><First>Y</First></Pre>,<Post><Last>Y</Last></Post>,,TAA25,0,N,,10,,"<CarOver24Hrs>N</CarOver24Hrs><PrefCommMethod></PrefCommMethod><Destination>LIM,DUB,KER</Destination><FlexPKGProfile>N</FlexPKGProfile>",Y,1900-01-01,Markle_M,2024-09-04 00:00:00.000,Larkin_B,2025-01-17 15:21:52.890,2024-09-04 00:00:00.000,2025-07-25 04:41:47.517,2025-04-08 08:40:08.187,0
13469,626656,"2026 The Irish Pub Tour- 8 Days/7 Nights - Dube Travel - April 18, 2026",Pending,"2026 The Irish Pub Tour- 8 Days/7 Nights - Dube Travel - April 18, 2026",2026-04-18,2026-04-18,2010-01-01,2026-12-31,SCH-IE-PUA,C,8,Y,N,AA/AAA,Y,N,,<Main><AirOffset>1</AirOffset><FromCity>NYC</FromCity><ToCity>DUB</ToCity><ReturnFromCity>DUB</ReturnFromCity><ReturnToCity>NYC</ReturnToCity></Main>,,,<Pre><First>Y</First></Pre>,,,PUA26,0,N,,10,,"<CarOver24Hrs>N</CarOver24Hrs><PrefCommMethod></PrefCommMethod><Destination>KER,KIK,DUB,GAL,WES</Destination><FlexPKGProfile>N</FlexPKGProfile>",Y,1900-01-01,doig_l,2025-02-04 00:00:00.000,Lyons_S,2025-03-19 18:04:40.590,2025-02-04 00:00:00.000,2025-07-25 04:41:47.517,2025-04-08 08:40:08.187,0
16790,626656,"2026 The Irish Pub Tour- 8 Days/7 Nights - Dube Travel - April 18, 2026",Pending,"2026 The Irish Pub Tour- 8 Days/7 Nights - Dube Travel - April 18, 2026",2026-04-18,2026-04-18,2010-01-01,2026-12-31,SCH-IE-PUA,C,8,Y,N,AA/AAA,Y,N,,<Main><AirOffset>1</AirOffset><FromCity>NYC</FromCity><ToCity>DUB</ToCity><ReturnFromCity>DUB</ReturnFromCity><ReturnToCity>NYC</ReturnToCity></Main>,,,<Pre><First>Y</First></Pre>,,,PUA26,0,N,,10,,"<CarOver24Hrs>N</CarOver24Hrs><PrefCommMethod></PrefCommMethod><Destination>KER,KIK,DUB,GAL,WES</Destination><FlexPKGProfile>N</FlexPKGProfile>",Y,1900-01-01,doig_l,2025-02-04 00:00:00.000,byrne_dr,2025-05-15 10:51:03.790,2025-05-16 06:42:01.470,2025-07-25 04:41:47.517,2025-05-16 06:42:01.470,0
16978,626656,"2026 The Irish Pub Tour- 8 Days/7 Nights - Dube Travel - April 18, 2026",Pending,"2026 The Irish Pub Tour- 8 Days/7 Nights - Dube Travel - April 18, 2026",2026-04-18,2026-04-18,2010-01-01,2026-12-31,SCH-IE-PUA,C,8,Y,N,AA/AAA,Y,N,,<Main><AirOffset>1</AirOffset><FromCity>NYC</FromCity><ToCity>DUB</ToCity><ReturnFromCity>DUB</ReturnFromCity><ReturnToCity>NYC</ReturnToCity></Main>,,,<Pre><First>Y</First></Pre>,,,PUA26,0,N,,10,,"<CarOver24Hrs>N</CarOver24Hrs><PrefCommMethod></PrefCommMethod><Destination>KER,KIK,DUB,GAL,WES</Destination><FlexPKGProfile>N</FlexPKGProfile>",Y,1900-01-01,doig_l,2025-02-04 00:00:00.000,Stynes_A,2025-05-20 11:40:03.467,2025-05-21 06:42:32.540,2025-07-25 04:41:47.517,2025-05-21 06:42:32.540,0
17533,626656,"2026 The Irish Pub Tour- 8 Days/7 Nights - Dube Travel - April 18, 2026",Pending,"2026 The Irish Pub Tour- 8 Days/7 Nights - Dube Travel - April 18, 2026",2026-04-18,2026-04-18,2010-01-01,2026-12-31,SCH-IE-PUA,C,8,Y,N,AA/AAA,Y,N,,<Main><AirOffset>1</AirOffset><FromCity>NYC</FromCity><ToCity>DUB</ToCity><ReturnFromCity>DUB</ReturnFromCity><ReturnToCity>NYC</ReturnToCity></Main>,,,<Pre><First>Y</First></Pre>,,,PUA26,0,N,,10,,"<CarOver24Hrs>N</CarOver24Hrs><PrefCommMethod></PrefCommMethod><Destination>KER,KIK,DUB,GAL,WES</Destination><FlexPKGProfile>N</FlexPKGProfile>",Y,1900-01-01,doig_l,2025-02-04 00:00:00.000,Douglas_P,2025-05-27 15:55:08.983,2025-05-28 07:01:18.080,2025-07-25 04:41:47.517,2025-05-28 07:01:18.080,0
13470,626700,"CXLD - 2025 Dublin Daytripper - 6 Days/5 Nights - Cruise Planners - CP World Travel - October 5, 2025",Closed,"CXLD - 2025 Dublin Daytripper - 6 Days/5 Nights - Cruise Planners - CP World Travel - October 5, 2025",2025-10-05,2025-10-05,2024-06-04,2025-10-05,SCH-IE-DDA,C,6,Y,N,AA/AAA,Y,N,,<Main><AirOffset>1</AirOffset><FromCity>NYC</FromCity><ToCity>DUB</ToCity><ReturnFromCity>DUB</ReturnFromCity><ReturnToCity>NYC</ReturnToCity><AirReturnOffset></AirReturnOffset></Main><AIWhoStamp>Lyons_S</AIWhoStamp><AIDateStamp>2023-09-29 16:00:43.000</AIDateStamp>,,,<Pre><First>Y</First></Pre>,<Post><Last>Y</Last></Post>,,,0,N,,0,,<CarOver24Hrs>N</CarOver24Hrs><PrefCommMethod></PrefCommMethod><Destination>DUB</Destination><FlexPKGProfile>N</FlexPKGProfile>,Y,1900-01-01,Wilson_N,2025-02-04 00:00:00.000,Davies_Ja,2025-03-10 16:26:49.470,2025-02-04 00:00:00.000,9999-12-31 00:00:00.000,2025-04-08 08:40:08.187,1
13471,626708,"2025 Ireland's Wild Atlantic Way - 10 Days/9 Nights - The Farrell Group - June 22, 2025",Pending,"2025 Ireland's Wild Atlantic Way - 10 Days/9 Nights - The Farrell Group - June 22, 2025",2025-06-22,2025-06-22,2010-01-01,2025-12-31,SCH-IE-IWA,C,10,Y,N,AA/AAA,Y,N,,<Main><AirOffset>1</AirOffset><FromCity>NYC</FromCity><ToCity>DUB</ToCity><ReturnFromCity>DUB</ReturnFromCity><ReturnToCity>NYC</ReturnToCity></Main>,,,<Pre><Service><ProductCode>IEPRENIGHTS</ProductCode><SupplierID>IE-DUB-CCA</SupplierID><ServiceID>STD-SBB</ServiceID></Service></Pre>,<Post><Last>Y</Last></Post>,,IWA25,0,N,,10,,"<CarOver24Hrs>N</CarOver24Hrs><PrefCommMethod></PrefCommMethod><Destination>DON,KER,MAY,LIM,DUB</Destination><FlexPKGProfile>N</FlexPKGProfile>",Y,1900-01-01,doig_l,2025-02-04 00:00:00.000,cunning_A,2025-02-19 14:22:23.777,2025-02-04 00:00:00.000,2025-07-25 04:41:47.517,2025-04-08 08:40:08.187,0
13479,626792,"2026 Taste of Iceland Coach Tour - 6 Days/5 Nights - KHM Travel Group - June 21, 2026",Pending,"2026 Taste of Iceland Coach Tour - 6 Days/5 Nights - KHM Travel Group - June 21, 2026",2026-06-21,2026-06-21,2010-01-01,2026-12-31,SCH-IS-ICT,C,6,Y,N,AA,Y,N,,<Main><AirOffset>1</AirOffset><FromCity>NYC</FromCity><ToCity>REK</ToCity><ReturnFromCity>REK</ReturnFromCity><ReturnToCity>NYC</ReturnToCity><AirReturnOffset></AirReturnOffset></Main><AIWhoStamp>McInerney_M</AIWhoStamp><AIDateStamp>2018-11-29 09:30:09.000</AIDateStamp>,,,<Pre><First>Y</First></Pre>,<Post><Last>Y</Last></Post>,,ICT26,0,N,,20,,"<CarOver24Hrs>N</CarOver24Hrs><PrefCommMethod></PrefCommMethod><Destination>NUP,REK,HLL</Destination><FlexPKGProfile>N</FlexPKGProfile>",Y,1900-01-01,Wilson_N,2025-02-05 00:00:00.000,Lyons_S,2025-02-27 13:32:56.520,2025-02-05 00:00:00.000,2025-07-25 04:41:47.517,2025-04-08 08:40:08.187,0
15441,626792,"2026 Taste of Iceland Coach Tour - 6 Days/5 Nights - KHM Travel Group - June 21, 2026",Expired,"2026 Taste of Iceland Coach Tour - 6 Days/5 Nights - KHM Travel Group - June 21, 2026",2026-06-21,2026-06-21,2010-01-01,2026-12-31,SCH-IS-ICT,C,6,Y,N,AA,Y,N,,<Main><AirOffset>1</AirOffset><FromCity>NYC</FromCity><ToCity>REK</ToCity><ReturnFromCity>REK</ReturnFromCity><ReturnToCity>NYC</ReturnToCity><AirReturnOffset></AirReturnOffset></Main><AIWhoStamp>McInerney_M</AIWhoStamp><AIDateStamp>2018-11-29 09:30:09.000</AIDateStamp>,,,<Pre><First>Y</First></Pre>,<Post><Last>Y</Last></Post>,,ICT26,0,N,,20,,"<CarOver24Hrs>N</CarOver24Hrs><PrefCommMethod></PrefCommMethod><Destination>NUP,REK,HLL</Destination><FlexPKGProfile>N</FlexPKGProfile>",Y,1900-01-01,Wilson_N,2025-02-05 00:00:00.000,Davies_Ja,2025-04-15 15:41:59.330,2025-04-16 04:53:38.903,2025-05-28 07:00:44.447,2025-04-16 04:53:38.903,0
15753,626792,"2026 Taste of Iceland Coach Tour - 6 Days/5 Nights - KHM Travel Group - June 21, 2026",Expired,"2026 Taste of Iceland Coach Tour - 6 Days/5 Nights - KHM Travel Group - June 21, 2026",2026-06-21,2026-06-21,2010-01-01,2026-12-31,SCH-IS-ICT,C,6,Y,N,AA,Y,N,,<Main><AirOffset>1</AirOffset><FromCity>NYC</FromCity><ToCity>REK</ToCity><ReturnFromCity>REK</ReturnFromCity><ReturnToCity>NYC</ReturnToCity><AirReturnOffset></AirReturnOffset></Main><AIWhoStamp>McInerney_M</AIWhoStamp><AIDateStamp>2018-11-29 09:30:09.000</AIDateStamp>,,,<Pre><First>Y</First></Pre>,<Post><Last>Y</Last></Post>,,ICT26,0,N,,20,,"<CarOver24Hrs>N</CarOver24Hrs><PrefCommMethod></PrefCommMethod><Destination>NUP,REK,HLL</Destination><FlexPKGProfile>N</FlexPKGProfile>",Y,1900-01-01,Wilson_N,2025-02-05 00:00:00.000,edwards_ki,2025-04-25 09:48:09.077,2025-04-28 19:00:19.260,2025-05-28 07:00:44.447,2025-04-28 19:00:19.260,0
17535,626792,"2026 Taste of Iceland Coach Tour - 6 Days/5 Nights - KHM Travel Group - June 21, 2026",Expired,"2026 Taste of Iceland Coach Tour - 6 Days/5 Nights - KHM Travel Group - June 21, 2026",2026-06-21,2026-06-21,2010-01-01,2026-12-31,SCH-IS-ICT,C,6,Y,N,AA,Y,N,,<Main><AirOffset>1</AirOffset><FromCity>NYC</FromCity><ToCity>REK</ToCity><ReturnFromCity>REK</ReturnFromCity><ReturnToCity>NYC</ReturnToCity><AirReturnOffset></AirReturnOffset></Main><AIWhoStamp>McInerney_M</AIWhoStamp><AIDateStamp>2018-11-29 09:30:09.000</AIDateStamp>,,,<Pre><First>Y</First></Pre>,<Post><Last>Y</Last></Post>,,ICT26,0,N,,20,,"<CarOver24Hrs>N</CarOver24Hrs><PrefCommMethod></PrefCommMethod><Destination>NUP,REK,HLL</Destination><FlexPKGProfile>N</FlexPKGProfile>",Y,1900-01-01,Wilson_N,2025-02-05 00:00:00.000,Tancred_E,2025-05-27 15:07:39.953,2025-05-28 07:01:18.080,2025-06-16 11:39:06.717,2025-05-28 07:01:18.080,0
13480,626797,CRUISES AND TOURS UNLIMITED,Multi-Expired,CRUISES AND TOURS UNLIMITED,2025-10-07,2025-10-07,2025-02-05,2025-10-07,GRP-IE-WH,C,9,Y,N,N,Y,N,,,,,,,,IE-626797,0,Y,"L:5|7AA-0AA/0A,7.5|9.5AA-0AA/0A,10|12AA-0AA/0A,12.5|14.5AA-0AA/0A,15|17AA-0AA/0A,17.5|19.5AA-0AA/0A,20|22AA-0AA/0A,22.5|24AA-0AA/0A,48X;A:5|7AA-0AA/0A,7.5|9.5AA-0AA/0A,10|12AA-0AA/0A,12.5|14.5AA-0AA/0A,15|17AA-0AA/0A,17.5|19.5AA-0AA/0A,20|22AA-0AA/0A,22.5|24AA-0AA/0A,48X",20,,<CarOver24Hrs>N</CarOver24Hrs><FlexPKGProfile>N</FlexPKGProfile>,N,1900-01-01,Hager_W,2025-02-05 00:00:00.000,Hager_W,2025-02-24 16:16:25.030,2025-02-05 00:00:00.000,9999-12-31 00:00:00.000,2025-04-08 08:40:08.187,1
13481,626799,FAM - Travel Leaders,Internal,FAM - Travel Leaders,2025-10-01,2025-10-01,2025-02-05,2025-07-18,GRP-IE-KS-1,C,8,Y,N,AA,Y,N,,,,,,,,IE-626799,0,Y,"L:5|7AA-0AA/0A,7.5|9.5AA-0AA/0A,10|12AA-0AA/0A,12.5|14.5AA-0AA/0A,15|17AA-0AA/0A,34X;A:5|7AA-0AA/0A,7.5|9.5AA-0AA/0A,10|12AA-0AA/0A,12.5|14.5AA-0AA/0A,15|17AA-0AA/0A,34X",20,,<CarOver24Hrs>N</CarOver24Hrs><FlexPKGProfile>N</FlexPKGProfile>,Y,1900-01-01,Smith_K,2025-02-05 00:00:00.000,McCloskey_C,2025-02-25 14:12:35.043,2025-02-05 00:00:00.000,2025-07-25 04:41:47.517,2025-04-08 08:40:08.187,0
11285,594877,"2025 Taste of Scotland & Ireland - 10 Days/9 Nights - Curran Travel - May 12, 2025",Expired,"2025 Taste of Scotland & Ireland - 10 Days/9 Nights - Curran Travel - May 12, 2025",2025-05-12,2025-05-12,2010-01-01,2025-05-12,SCH-GB-SCA,C,10,Y,N,AA/AAA,Y,N,,<Main><AirOffset>1</AirOffset><FromCity>NYC</FromCity><ToCity>EDI</ToCity><ReturnFromCity>SNN</ReturnFromCity><ReturnToCity>NYC</ReturnToCity><AirReturnOffset></AirReturnOffset></Main><AIWhoStamp>Biggins_Tr</AIWhoStamp><AIDateStamp>2022-09-06 17:00:31.000</AIDateStamp>,,,<Pre><Service><ProductCode>UKPRENIGHTS</ProductCode><SupplierID>GB-GLA-GTH</SupplierID><ServiceID>STD-SBB</ServiceID></Service></Pre>,<Post><Last>Y</Last></Post>,,SCA25,0,N,,10,,<CarOver24Hrs>N</CarOver24Hrs><FlexPKGProfile>N</FlexPKGProfile>,Y,1900-01-01,Markle_M,2024-01-03 00:00:00.000,Maguire_Ev,2024-09-17 11:40:05.310,2024-01-03 00:00:00.000,2025-07-25 04:41:47.517,2025-04-08 08:40:08.187,0
16570,594877,"2025 Taste of Scotland & Ireland - 10 Days/9 Nights - Curran Travel - May 12, 2025",Expired,"2025 Taste of Scotland & Ireland - 10 Days/9 Nights - Curran Travel - May 12, 2025",2025-05-12,2025-05-12,2010-01-01,2025-05-12,SCH-GB-SCA,C,10,Y,N,AA/AAA,Y,N,,<Main><AirOffset>1</AirOffset><FromCity>NYC</FromCity><ToCity>EDI</ToCity><ReturnFromCity>SNN</ReturnFromCity><ReturnToCity>NYC</ReturnToCity><AirReturnOffset></AirReturnOffset></Main><AIWhoStamp>Biggins_Tr</AIWhoStamp><AIDateStamp>2022-09-06 17:00:31.000</AIDateStamp>,,,<Pre><Service><ProductCode>UKPRENIGHTS</ProductCode><SupplierID>GB-GLA-GTH</SupplierID><ServiceID>STD-SBB</ServiceID></Service></Pre>,<Post><Last>Y</Last></Post>,,SCA25,0,N,,0,,<CarOver24Hrs>N</CarOver24Hrs><FlexPKGProfile>N</FlexPKGProfile>,Y,1900-01-01,Markle_M,2024-01-03 00:00:00.000,Maguire_Ev,2024-09-17 11:40:05.310,2025-05-12 04:34:41.630,9999-12-31 00:00:00.000,2025-05-12 04:34:41.630,1
11286,594886,"2025 Scottish & Irish Dream - 13 Days/12 Nights - Curran Travel - May 2, 2025",Active,"2025 Scottish & Irish Dream - 13 Days/12 Nights - Curran Travel - May 2, 2025",2025-05-02,2025-05-02,2010-01-01,2025-05-02,SCH-GB-DRA,C,13,Y,N,AA/AAA,Y,N,,<Main><AirOffset>1</AirOffset><FromCity>NYC</FromCity><ToCity>EDI</ToCity><ReturnFromCity>SNN</ReturnFromCity><ReturnToCity>NYC</ReturnToCity><AirReturnOffset></AirReturnOffset></Main><AIWhoStamp>Biggins_Tr</AIWhoStamp><AIDateStamp>2022-09-06 16:55:06.000</AIDateStamp>,,,<Pre><First>Y</First></Pre>,,,DRA25/TAA25,0/7,N,,6,,"<CarOver24Hrs>N</CarOver24Hrs><FlexPKGProfile>N</FlexPKGProfile><PrefCommMethod></PrefCommMethod><Destination>EDI,NAI,PES,DUB,KER,LIM,ARY,GLA,INV</Destination>",Y,1900-01-01,Markle_M,2024-01-03 00:00:00.000,Lyons_S,2025-04-01 12:25:31.750,2024-01-03 00:00:00.000,2025-04-17 05:06:44.983,2025-04-08 08:40:08.187,0
15491,594886,"2025 Scottish & Irish Dream - 13 Days/12 Nights - Curran Travel - May 2, 2025",Active,"2025 Scottish & Irish Dream - 13 Days/12 Nights - Curran Travel - May 2, 2025",2025-05-02,2025-05-02,2010-01-01,2025-05-02,SCH-GB-DRA,C,13,Y,N,AA/AAA,Y,N,,<Main><AirOffset>1</AirOffset><FromCity>NYC</FromCity><ToCity>EDI</ToCity><ReturnFromCity>SNN</ReturnFromCity><ReturnToCity>NYC</ReturnToCity><AirReturnOffset></AirReturnOffset></Main><AIWhoStamp>Biggins_Tr</AIWhoStamp><AIDateStamp>2022-09-06 16:55:06.000</AIDateStamp>,,,<Pre><First>Y</First></Pre>,,,DRA25/TAA25,0/7,N,,6,,"<CarOver24Hrs>N</CarOver24Hrs><FlexPKGProfile>N</FlexPKGProfile><PrefCommMethod></PrefCommMethod><Destination>EDI,NAI,PES,DUB,KER,LIM,ARY,GLA,INV</Destination>",Y,1900-01-01,Markle_M,2024-01-03 00:00:00.000,Markle_M,2025-04-16 17:27:26.300,2025-04-17 05:07:41.510,9999-12-31 00:00:00.000,2025-04-17 05:07:41.510,1
11287,594889,"2025 Scottish & Irish Gold - 15 Days/14 Nights - Curran Travel - May 18, 2025",Multi-Expired,"2025 Scottish & Irish Gold - 15 Days/14 Nights - Curran Travel - May 18, 2025",2025-05-18,2025-05-18,2010-01-01,2025-05-18,SCH-GB-DRA,C,15,Y,N,AA/AAA,Y,N,,<Main><AirOffset>1</AirOffset><FromCity>NYC</FromCity><ToCity>EDI</ToCity><ReturnFromCity>DUB</ReturnFromCity><ReturnToCity>NYC</ReturnToCity><AirReturnOffset></AirReturnOffset></Main><AIWhoStamp>Biggins_Tr</AIWhoStamp><AIDateStamp>2022-09-06 16:50:28.000</AIDateStamp>,,,<Pre><First>Y</First></Pre>,,,DRA25/GOA25,0/7,N,,10,,"<CarOver24Hrs>N</CarOver24Hrs><FlexPKGProfile>N</FlexPKGProfile><PrefCommMethod></PrefCommMethod><Destination>GLA,INV,PES,EDI</Destination>",Y,1900-01-01,Markle_M,2024-01-03 00:00:00.000,Lyons_S,2025-04-01 12:25:31.750,2024-01-03 00:00:00.000,2025-07-25 04:41:47.517,2025-04-08 08:40:08.187,0
16853,594889,"2025 Scottish & Irish Gold - 15 Days/14 Nights - Curran Travel - May 18, 2025",Multi-Expired,"2025 Scottish & Irish Gold - 15 Days/14 Nights - Curran Travel - May 18, 2025",2025-05-18,2025-05-18,2010-01-01,2025-05-18,SCH-GB-DRA,C,15,Y,N,AA/AAA,Y,N,,<Main><AirOffset>1</AirOffset><FromCity>NYC</FromCity><ToCity>EDI</ToCity><ReturnFromCity>DUB</ReturnFromCity><ReturnToCity>NYC</ReturnToCity><AirReturnOffset></AirReturnOffset></Main><AIWhoStamp>Biggins_Tr</AIWhoStamp><AIDateStamp>2022-09-06 16:50:28.000</AIDateStamp>,,,<Pre><First>Y</First></Pre>,,,DRA25/GOA25,0/7,N,,0,,"<CarOver24Hrs>N</CarOver24Hrs><FlexPKGProfile>N</FlexPKGProfile><PrefCommMethod></PrefCommMethod><Destination>GLA,INV,PES,EDI</Destination>",Y,1900-01-01,Markle_M,2024-01-03 00:00:00.000,Lyons_S,2025-04-01 12:25:31.750,2025-05-18 06:42:47.047,9999-12-31 00:00:00.000,2025-05-18 06:42:47.047,1
11288,594910,"2024 Scottish Dream - 8 Days/7 Nights - Cruises & Tours Unlimited - July 14, 2024",Multi-Expired,"2024 Scottish Dream - 8 Days/7 Nights - Cruises & Tours Unlimited - July 14, 2024",2024-07-14,2024-07-14,2010-01-01,2024-07-14,SCH-GB-DRA,C,8,Y,N,AA/AAA,Y,N,,<Main><AirOffset>1</AirOffset><FromCity>NYC</FromCity><ToCity>EDI</ToCity><ReturnFromCity>EDI</ReturnFromCity><ReturnToCity>NYC</ReturnToCity><AirReturnOffset></AirReturnOffset></Main><AIWhoStamp>Biggins_Tr</AIWhoStamp><AIDateStamp>2022-09-06 16:38:11.000</AIDateStamp>,,,<Pre><First>Y</First></Pre>,,,DRA24,0,N,,0,,"<CarOver24Hrs>N</CarOver24Hrs><FlexPKGProfile>N</FlexPKGProfile><PrefCommMethod></PrefCommMethod><Destination>EDI,NAI,PES,ARY,GLA</Destination>",Y,1900-01-01,Markle_M,2024-01-03 00:00:00.000,Markle_M,2024-12-10 17:12:19.120,2024-01-03 00:00:00.000,9999-12-31 00:00:00.000,2025-04-08 08:40:08.187,1
11289,594975,NACTA - Walsh Family,Expired,NACTA - Walsh Family,2025-03-10,2025-03-10,2024-01-04,2025-03-10,GRP-IE-KS-1,C,11,Y,N,AA,Y,N,,,,,,,,IE-594975,0,Y,"L:5|7AA-0AA/0A,7.5|9.5AA-0AA/0A,10|12AA-1AA/0A,12.5|14.5AA-1AA/0A,15|17AA-2AA/0A,17.5|19.5AA-2AA/0A,20|22AA-2AA/0A,22.5|24AA-2AA/0A,48X;A:5|7AA-0AA/0A,7.5|9.5AA-0AA/0A,10|12AA-0AA/0A,12.5|14.5AA-0AA/0A,15|17AA-0AA/0A,17.5|19.5AA-0AA/0A,20|22AA-0AA/0A,22.5|24AA-0AA/0A,48X",0,,<CarOver24Hrs>N</CarOver24Hrs><FlexPKGProfile>N</FlexPKGProfile>,N,1900-01-01,Smith_K,2024-01-04 00:00:00.000,Caldeira_N,2024-03-28 14:29:47.753,2024-01-04 00:00:00.000,9999-12-31 00:00:00.000,2025-04-08 08:40:08.187,1
11290,594976,GO TRAVEL,Expired,GO TRAVEL,2025-08-12,2025-08-12,2024-01-04,2025-08-12,GRP-GB-WH,C,8,Y,N,AA,Y,N,,,,,,,,GB-594976,0,Y,"L:5|7AA-0AA/0A,7.5|9.5AA-0AA/0A,10|12AA-1AA/0A,12.5|14.5AA-1AA/0A,15|17AA-2AA/0A,17.5|19.5AA-2AA/0A,20|22AA-2AA/0A,22.5|24AA-2AA/0A,48X;A:5|7AA-0AA/0A,7.5|9.5AA-0AA/0A,10|12AA-0AA/0A,12.5|14.5AA-0AA/0A,15|17AA-0AA/0A,17.5|19.5AA-0AA/0A,20|22AA-0AA/0A,22.5|24AA-0AA/0A,48X",20,,<CarOver24Hrs>N</CarOver24Hrs><FlexPKGProfile>N</FlexPKGProfile>,N,1900-01-01,Hager_W,2024-01-04 00:00:00.000,Davies_Ja,2024-02-27 22:09:54.640,2024-01-04 00:00:00.000,9999-12-31 00:00:00.000,2025-04-08 08:40:08.187,1
11489,598943,"2024 Tuscan Treasures with Cinque Terre - 8 Days/7 Nights - Dream Vacations - October 13, 2024",Active,"2024 Tuscan Treasures with Cinque Terre - 8 Days/7 Nights - Dream Vacations - October 13, 2024",2024-10-13,2024-10-13,2023-01-01,2024-10-13,SCH-IT-TUA,C,8,Y,N,AA/AAA,Y,N,,<Main><AirOffset>1</AirOffset><FromCity>NYC</FromCity><ToCity>FLR</ToCity><ReturnFromCity>FLR</ReturnFromCity><ReturnToCity>NYC</ReturnToCity><AirReturnOffset></AirReturnOffset></Main><AIWhoStamp>Lyons_S</AIWhoStamp><AIDateStamp>2023-10-11 12:32:24.000</AIDateStamp>,,,<Pre><First>Y</First></Pre>,,,TUA24,0,N,,6,,<CarOver24Hrs>N</CarOver24Hrs><FlexPKGProfile>N</FlexPKGProfile>,Y,1900-01-01,Wilson_N,2024-02-07 00:00:00.000,Wilson_N,2024-09-05 15:08:14.367,2024-02-07 00:00:00.000,9999-12-31 00:00:00.000,2025-04-08 08:40:08.187,1
11490,598944,"2025 Scottish Dream - 9 Days/8 Nights - The Ballard Group: Reflective Harmony LLC - September 26, 2025",Active,"2025 Scottish Dream - 9 Days/8 Nights - The Ballard Group: Reflective Harmony LLC - September 26, 2025",2025-09-26,2025-09-26,2010-01-01,2025-12-31,SCH-GB-DRA,C,9,Y,N,AA/AAA,Y,Y,,<Main><AirOffset>1</AirOffset><FromCity>NYC</FromCity><ToCity>EDI</ToCity><ReturnFromCity>EDI</ReturnFromCity><ReturnToCity>NYC</ReturnToCity><AirReturnOffset></AirReturnOffset><IncludeContracts>Y</IncludeContracts><IncludeBlkContracts>Y</IncludeBlkContracts><BlockOnly>Y</BlockOnly><Market>598944</Market></Main><AIWhoStamp>Schindler_A</AIWhoStamp><AIDateStamp>2025-02-18 10:43:46.000</AIDateStamp>,"EWR,",,<Pre><First>Y</First></Pre>,<Post><Last>Y</Last></Post>,,DRA25,0,N,,24,,"<CarOver24Hrs>N</CarOver24Hrs><FlexPKGProfile>N</FlexPKGProfile><PrefCommMethod></PrefCommMethod><Destination>EDI,NAI,PES,ARY,GLA,INV</Destination>",Y,1900-01-01,Wilson_N,2024-02-07 00:00:00.000,Wilson_N,2025-02-27 15:48:24.143,2024-02-07 00:00:00.000,2025-07-25 04:41:47.517,2025-04-08 08:40:08.187,0
15492,598944,"2025 Scottish Dream - 9 Days/8 Nights - The Ballard Group: Reflective Harmony LLC - September 26, 2025",Active,"2025 Scottish Dream - 9 Days/8 Nights - The Ballard Group: Reflective Harmony LLC - September 26, 2025",2025-09-26,2025-09-26,2010-01-01,2025-12-31,SCH-GB-DRA,C,9,Y,N,AA/AAA,Y,Y,,<Main><AirOffset>1</AirOffset><FromCity>NYC</FromCity><ToCity>EDI</ToCity><ReturnFromCity>EDI</ReturnFromCity><ReturnToCity>NYC</ReturnToCity><AirReturnOffset></AirReturnOffset><IncludeContracts>Y</IncludeContracts><IncludeBlkContracts>Y</IncludeBlkContracts><BlockOnly>Y</BlockOnly><Market>598944</Market></Main><AIWhoStamp>Schindler_A</AIWhoStamp><AIDateStamp>2025-02-18 10:43:46.000</AIDateStamp>,"EWR,",,<Pre><First>Y</First></Pre>,<Post><Last>Y</Last></Post>,,DRA25,0,N,,24,,"<CarOver24Hrs>N</CarOver24Hrs><FlexPKGProfile>N</FlexPKGProfile><PrefCommMethod></PrefCommMethod><Destination>EDI,NAI,PES,ARY,GLA,INV</Destination>",Y,1900-01-01,Wilson_N,2024-02-07 00:00:00.000,Lyons_S,2025-04-16 10:19:36.923,2025-04-17 05:07:41.510,2025-07-25 04:41:47.517,2025-04-17 05:07:41.510,0
16920,598944,"2025 Scottish Dream - 9 Days/8 Nights - The Ballard Group: Reflective Harmony LLC - September 26, 2025",Active,"2025 Scottish Dream - 9 Days/8 Nights - The Ballard Group: Reflective Harmony LLC - September 26, 2025",2025-09-26,2025-09-26,2010-01-01,2025-12-31,SCH-GB-DRA,C,9,Y,N,AA/AAA,Y,Y,,<Main><AirOffset>1</AirOffset><FromCity>NYC</FromCity><ToCity>EDI</ToCity><ReturnFromCity>EDI</ReturnFromCity><ReturnToCity>NYC</ReturnToCity><AirReturnOffset></AirReturnOffset><IncludeContracts>Y</IncludeContracts><IncludeBlkContracts>Y</IncludeBlkContracts><BlockOnly>Y</BlockOnly><Market>598944</Market></Main><AIWhoStamp>Schindler_A</AIWhoStamp><AIDateStamp>2025-02-18 10:43:46.000</AIDateStamp>,"EWR,",,<Pre><First>Y</First></Pre>,<Post><Last>Y</Last></Post>,,DRA25,0,N,,24,,"<CarOver24Hrs>N</CarOver24Hrs><FlexPKGProfile>N</FlexPKGProfile><PrefCommMethod></PrefCommMethod><Destination>EDI,NAI,PES,ARY,GLA,INV</Destination>",Y,1900-01-01,Wilson_N,2024-02-07 00:00:00.000,Wilson_N,2025-05-19 16:15:36.217,2025-05-20 06:46:13.487,2025-07-25 04:41:47.517,2025-05-20 06:46:13.487,0
17416,598944,"2025 Scottish Dream - 9 Days/8 Nights - The Ballard Group: Reflective Harmony LLC - September 26, 2025",Active,"2025 Scottish Dream - 9 Days/8 Nights - The Ballard Group: Reflective Harmony LLC - September 26, 2025",2025-09-26,2025-09-26,2010-01-01,2025-12-31,SCH-GB-DRA,C,9,Y,N,AA/AAA,Y,Y,,<Main><AirOffset>1</AirOffset><FromCity>NYC</FromCity><ToCity>EDI</ToCity><ReturnFromCity>EDI</ReturnFromCity><ReturnToCity>NYC</ReturnToCity><AirReturnOffset></AirReturnOffset><IncludeContracts>Y</IncludeContracts><IncludeBlkContracts>Y</IncludeBlkContracts><BlockOnly>Y</BlockOnly><Market>598944</Market></Main><AIWhoStamp>Schindler_A</AIWhoStamp><AIDateStamp>2025-02-18 10:43:46.000</AIDateStamp>,"EWR,",,<Pre><First>Y</First></Pre>,<Post><Last>Y</Last></Post>,,DRA25,0,N,,24,,"<CarOver24Hrs>N</CarOver24Hrs><FlexPKGProfile>N</FlexPKGProfile><PrefCommMethod></PrefCommMethod><Destination>EDI,NAI,PES,ARY,GLA,INV</Destination>",Y,1900-01-01,Wilson_N,2024-02-07 00:00:00.000,Lyons_S,2025-05-26 16:59:56.443,2025-05-27 07:14:18.497,2025-07-25 04:41:47.517,2025-05-27 07:14:18.497,0
11491,598965,AAA FAM,Active,AAA FAM,2024-11-08,2024-11-08,2024-02-07,2024-10-01,FAM-IE,C,8,Y,N,AA,Y,N,,,,,,,,IE-598965,0,Y,"L:5|7AA-0AA/0A,7.5|9.5AA-0AA/0A,10|12AA-1AA/0A,12.5|14.5AA-1AA/0A,15|17AA-2AA/0A,17.5|19.5AA-2AA/0A,39X;A:5|7AA-0AA/0A,7.5|9.5AA-0AA/0A,10|12AA-0AA/0A,12.5|14.5AA-0AA/0A,15|17AA-0AA/0A,17.5|19.5AA-0AA/0A,39X",35,,<CarOver24Hrs>N</CarOver24Hrs><FlexPKGProfile>N</FlexPKGProfile>,Y,1900-01-01,Smith_K,2024-02-07 00:00:00.000,Greene_Dh,2024-11-12 11:02:04.577,2024-02-07 00:00:00.000,9999-12-31 00:00:00.000,2025-04-08 08:40:08.187,1
11492,598967,"2024 Taste of Scotland & Ireland- 11 Days/10 Nights- Bob Bowland Family Trip- June 9, 2024",Active,"2024 Taste of Scotland & Ireland- 11 Days/10 Nights- Bob Bowland Family Trip- June 9, 2024",2024-06-09,2024-06-09,2010-01-01,2024-12-31,SCH-GB-SCA,C,11,Y,N,AA/AAA,Y,N,,<Main><AirOffset>1</AirOffset><FromCity>NYC</FromCity><ToCity>EDI</ToCity><ReturnFromCity>DUB</ReturnFromCity><ReturnToCity>NYC</ReturnToCity><AirReturnOffset></AirReturnOffset></Main><AIWhoStamp>Biggins_Tr</AIWhoStamp><AIDateStamp>2022-09-06 17:09:55.000</AIDateStamp>,,,<Pre><Service><ProductCode>UKPRENIGHTS</ProductCode><SupplierID>GB-GLA-GTH</SupplierID><ServiceID>STD-SBB</ServiceID></Service></Pre>,<Post><Last>Y</Last></Post>,,SCA24,0,N,,10,,<CarOver24Hrs>N</CarOver24Hrs><FlexPKGProfile>N</FlexPKGProfile>,Y,1900-01-01,doig_l,2024-02-07 00:00:00.000,Gillanders_Ai,2024-02-21 16:07:38.040,2024-02-07 00:00:00.000,9999-12-31 00:00:00.000,2025-04-08 08:40:08.187,1
11493,598971,"2024 Taste of Ireland (Tour A) - 7 Days/6 Nights Exclusive - Gifted Travel Network: Kathy Parker and Family - June 21, 2024",Active,"2024 Taste of Ireland (Tour A) - 7 Days/6 Nights Exclusive - Gifted Travel Network: Kathy Parker and Family - June 21, 2024",2024-06-21,2024-06-21,2010-01-01,2024-12-31,SCH-IE-TAX,C,7,Y,N,AA/AAA,Y,N,,<Main><AirOffset>1</AirOffset><FromCity>NYC</FromCity><ToCity>DUB</ToCity><ReturnFromCity>DUB</ReturnFromCity><ReturnToCity>NYC</ReturnToCity></Main>,,,<Pre><First>Y</First></Pre>,<Post><Last>Y</Last></Post>,,TAX24,0,N,,16,,<CarOver24Hrs>N</CarOver24Hrs><FlexPKGProfile>N</FlexPKGProfile>,Y,1900-01-01,Wilson_N,2024-02-07 00:00:00.000,Wilson_N,2024-03-27 20:13:47.717,2024-02-07 00:00:00.000,9999-12-31 00:00:00.000,2025-04-08 08:40:08.187,1
12247,609902,SUSAN TOTH,Expired,SUSAN TOTH,2024-10-14,2024-10-14,2024-06-20,2024-10-14,GRP-IE-WH,C,8,Y,N,AA,Y,N,,,,,,,,IE-609902,0,Y,"L:5|7AA-0AA/0A,7.5|9.5AA-0AA/0A,10|12AA-1AA/0A,12.5|14.5AA-1AA/0A,15|17AA-2AA/0A,17.5|19.5AA-2AA/0A,20|22AA-2AA/0A,22.5|24AA-2AA/0A,48X;A:5|7AA-0AA/0A,7.5|9.5AA-0AA/0A,10|12AA-0AA/0A,12.5|14.5AA-0AA/0A,15|17AA-0AA/0A,17.5|19.5AA-0AA/0A,20|22AA-0AA/0A,22.5|24AA-0AA/0A,48X",0,,<CarOver24Hrs>N</CarOver24Hrs><FlexPKGProfile>N</FlexPKGProfile>,N,1900-01-01,Hager_W,2024-06-20 00:00:00.000,Hager_W,2024-10-11 14:53:40.053,2024-06-20 00:00:00.000,9999-12-31 00:00:00.000,2025-04-08 08:40:08.187,1
12248,609903,TRAVEL 100 GROUP,Internal,TRAVEL 100 GROUP,2025-06-08,2025-06-08,2024-06-20,2025-03-25,GRP-IE-WH,C,14,Y,N,AA/AAA,Y,N,,<Main><AirOffset>1</AirOffset><FromCity>CHI</FromCity><ToCity>DUB</ToCity><ReturnFromCity>DUB</ReturnFromCity><ReturnToCity>CHI</ReturnToCity><AirReturnOffset></AirReturnOffset><IncludeContracts>Y</IncludeContracts><IncludeBlkContracts>Y</IncludeBlkContracts><BlockOnly>Y</BlockOnly><Market>609903</Market></Main><AIWhoStamp>Schindler_A</AIWhoStamp><AIDateStamp>2024-10-23 09:58:50.000</AIDateStamp>,"ORD,",,,,,IE-609903,0,Y,"L:5|7AA-0AA/0A,7.5|9.5AA-0AA/0A,19X;A:5|7AA-0AA/0A,7.5|9.5AA-0AA/0A,19X",15,,<CarOver24Hrs>N</CarOver24Hrs><FlexPKGProfile>N</FlexPKGProfile>,Y,1900-01-01,Hager_W,2024-06-20 00:00:00.000,Lavery_R,2025-04-02 15:11:26.710,2024-06-20 00:00:00.000,2025-05-10 04:34:24.933,2025-04-08 08:40:08.187,0
15997,609903,TRAVEL 100 GROUP,Internal,TRAVEL 100 GROUP,2025-06-08,2025-06-08,2024-06-20,2025-03-25,GRP-IE-WH,C,14,Y,N,AA/AAA,Y,N,,<Main><AirOffset>1</AirOffset><FromCity>CHI</FromCity><ToCity>DUB</ToCity><ReturnFromCity>DUB</ReturnFromCity><ReturnToCity>CHI</ReturnToCity><AirReturnOffset></AirReturnOffset><IncludeContracts>Y</IncludeContracts><IncludeBlkContracts>Y</IncludeBlkContracts><BlockOnly>Y</BlockOnly><Market>609903</Market></Main><AIWhoStamp>Schindler_A</AIWhoStamp><AIDateStamp>2024-10-23 09:58:50.000</AIDateStamp>,"ORD,",,,,,IE-609903,0,Y,"L:5|7AA-0AA/0A,7.5|9.5AA-0AA/0A,19X;A:5|7AA-0AA/0A,7.5|9.5AA-0AA/0A,19X",15,,<CarOver24Hrs>N</CarOver24Hrs><FlexPKGProfile>N</FlexPKGProfile>,Y,1900-01-01,Hager_W,2024-06-20 00:00:00.000,Larkin_B,2025-04-29 09:32:11.687,2025-04-30 04:33:14.220,2025-05-10 04:34:24.933,2025-04-30 04:33:14.220,0
16485,609903,TRAVEL 100 GROUP,Internal,TRAVEL 100 GROUP,2025-06-08,2025-06-08,2024-06-20,2025-03-25,GRP-IE-WH,C,14,Y,N,AA/AAA,Y,N,,<Main><AirOffset>1</AirOffset><FromCity>CHI</FromCity><ToCity>DUB</ToCity><ReturnFromCity>DUB</ReturnFromCity><ReturnToCity>CHI</ReturnToCity><AirReturnOffset></AirReturnOffset><IncludeContracts>Y</IncludeContracts><IncludeBlkContracts>Y</IncludeBlkContracts><BlockOnly>Y</BlockOnly><Market>609903</Market></Main><AIWhoStamp>Schindler_A</AIWhoStamp><AIDateStamp>2024-10-23 09:58:50.000</AIDateStamp>,"ORD,",,,,,IE-609903,0,Y,"L:5|7AA-0AA/0A,7.5|9.5AA-0AA/0A,19X;A:5|7AA-0AA/0A,7.5|9.5AA-0AA/0A,19X",15,,<CarOver24Hrs>N</CarOver24Hrs><FlexPKGProfile>N</FlexPKGProfile>,Y,1900-01-01,Hager_W,2024-06-20 00:00:00.000,Lavery_R,2025-05-09 10:45:40.943,2025-05-10 04:34:51.893,9999-12-31 00:00:00.000,2025-05-10 04:34:51.893,1
12249,609904,ODYSSEY TRAVEL,Expired,ODYSSEY TRAVEL,2025-09-13,2025-09-13,2024-06-20,2025-09-13,GRP-IE-WH,C,8,Y,N,AA,Y,N,,,,,,,,IE-609904,0,Y,"L:5|7AA-0AA/0A,7.5|9.5AA-0AA/0A,10|12AA-1AA/0A,12.5|14.5AA-1AA/0A,15|17AA-2AA/0A,17.5|19.5AA-2AA/0A,20|22AA-2AA/0A,22.5|24AA-2AA/0A,48X;A:5|7AA-0AA/0A,7.5|9.5AA-0AA/0A,10|12AA-0AA/0A,12.5|14.5AA-0AA/0A,15|17AA-0AA/0A,17.5|19.5AA-0AA/0A,20|22AA-0AA/0A,22.5|24AA-0AA/0A,48X",20,,<CarOver24Hrs>N</CarOver24Hrs><FlexPKGProfile>N</FlexPKGProfile>,N,1900-01-01,Hager_W,2024-06-20 00:00:00.000,Hager_W,2024-09-13 19:53:37.087,2024-06-20 00:00:00.000,9999-12-31 00:00:00.000,2025-04-08 08:40:08.187,1
12250,609907,GLOBAL TOURS AND TRAVEL,Multi-Expired,GLOBAL TOURS AND TRAVEL,2025-06-15,2025-06-15,2024-06-20,2025-06-15,GRP-IE-WH,C,12,Y,N,AA,Y,N,,,,,,,,IE-609907,0,Y,"L:5|7AA-0AA/0A,7.5|9.5AA-0AA/0A,10|12AA-1AA/0A,12.5|14.5AA-1AA/0A,15|17AA-2AA/0A,17.5|19.5AA-2AA/0A,20|22AA-2AA/0A,22.5|24AA-2AA/0A,48X;A:5|7AA-0AA/0A,7.5|9.5AA-0AA/0A,10|12AA-0AA/0A,12.5|14.5AA-0AA/0A,15|17AA-0AA/0A,17.5|19.5AA-0AA/0A,20|22AA-0AA/0A,22.5|24AA-0AA/0A,48X",20,,<CarOver24Hrs>N</CarOver24Hrs><FlexPKGProfile>N</FlexPKGProfile>,N,1900-01-01,Hager_W,2024-06-20 00:00:00.000,Hager_W,2024-07-15 19:09:58.463,2024-06-20 00:00:00.000,2025-07-25 04:41:47.517,2025-04-08 08:40:08.187,0
12251,609922,"2025 Icelandic Explorer - 10 days/9 nights - Sunset Family Travel - August 11, 2025",Expired,"2025 Icelandic Explorer - 10 days/9 nights - Sunset Family Travel - August 11, 2025",2025-08-11,2025-08-11,2010-01-01,2025-08-11,SCH-IS-IXA,C,10,Y,N,AA,Y,N,,<Main><AirOffset>1</AirOffset><FromCity>NYC</FromCity><ToCity>REK</ToCity><ReturnFromCity>REK</ReturnFromCity><ReturnToCity>NYC</ReturnToCity><AirReturnOffset></AirReturnOffset></Main><AIWhoStamp>Biggins_Tr</AIWhoStamp><AIDateStamp>2022-04-06 10:14:10.000</AIDateStamp>,,,<Pre><First>Y</First></Pre>,<Post><Last>Y</Last></Post>,,IXA25,0,N,,20,,"<CarOver24Hrs>N</CarOver24Hrs><PrefCommMethod></PrefCommMethod><Destination>REH,HUS,FAS,HOF,NUP,REK</Destination><FlexPKGProfile>N</FlexPKGProfile>",Y,1900-01-01,Markle_M,2024-06-21 00:00:00.000,Lyons_S,2025-01-08 16:46:12.620,2024-06-21 00:00:00.000,2025-05-28 07:00:44.447,2025-04-08 08:40:08.187,0
17489,609922,"2025 Icelandic Explorer - 10 days/9 nights - Sunset Family Travel - August 11, 2025",Expired,"2025 Icelandic Explorer - 10 days/9 nights - Sunset Family Travel - August 11, 2025",2025-08-11,2025-08-11,2010-01-01,2025-08-11,SCH-IS-IXA,C,10,Y,N,AA,Y,N,,<Main><AirOffset>1</AirOffset><FromCity>NYC</FromCity><ToCity>REK</ToCity><ReturnFromCity>REK</ReturnFromCity><ReturnToCity>NYC</ReturnToCity><AirReturnOffset></AirReturnOffset></Main><AIWhoStamp>Biggins_Tr</AIWhoStamp><AIDateStamp>2022-04-06 10:14:10.000</AIDateStamp>,,,<Pre><First>Y</First></Pre>,<Post><Last>Y</Last></Post>,,IXA25,0,N,,20,,"<CarOver24Hrs>N</CarOver24Hrs><PrefCommMethod></PrefCommMethod><Destination>REH,HUS,FAS,HOF,NUP,REK</Destination><FlexPKGProfile>N</FlexPKGProfile>",Y,1900-01-01,Markle_M,2024-06-21 00:00:00.000,Tancred_E,2025-05-27 13:10:20.913,2025-05-28 07:01:18.080,9999-12-31 00:00:00.000,2025-05-28 07:01:18.080,1
12252,609924,"2025 Scottish Dream- 9 Days/8 Nights- Jet Travel & Tours- October 22, 2025",Active,"2025 Scottish Dream- 9 Days/8 Nights- Jet Travel & Tours- October 22, 2025",2025-10-22,2025-10-22,2010-01-01,2025-12-31,SCH-GB-DRA,C,9,Y,N,AA/AAA,Y,N,,<Main><AirOffset>1</AirOffset><FromCity>NYC</FromCity><ToCity>EDI</ToCity><ReturnFromCity>EDI</ReturnFromCity><ReturnToCity>NYC</ReturnToCity><AirReturnOffset></AirReturnOffset></Main><AIWhoStamp>Biggins_Tr</AIWhoStamp><AIDateStamp>2022-09-06 16:38:11.000</AIDateStamp>,,,<Pre><First>Y</First></Pre>,<Post><Last>Y</Last></Post>,,DRA25,0,N,,16,,"<CarOver24Hrs>N</CarOver24Hrs><FlexPKGProfile>N</FlexPKGProfile><PrefCommMethod></PrefCommMethod><Destination>EDI,NAI,PES,ARY,GLA,INV</Destination>",Y,1900-01-01,Markle_M,2024-06-21 00:00:00.000,Lyons_S,2025-02-26 17:14:01.193,2024-06-21 00:00:00.000,2025-06-20 06:04:24.797,2025-04-08 08:40:08.187,0
12369,611606,"2025 Scottish Clans & Castles - 10 Days/9 Nights - Uniglobe Travel Center - April 17, 2025",Expired,"2025 Scottish Clans & Castles - 10 Days/9 Nights - Uniglobe Travel Center - April 17, 2025",2025-04-17,2025-04-17,2010-01-01,2025-12-31,SCH-GB-CCA,C,10,Y,N,AA/AAA,Y,N,,<Main><AirOffset>1</AirOffset><FromCity>NYC</FromCity><ToCity>EDI</ToCity><ReturnFromCity>EDI</ReturnFromCity><ReturnToCity>NYC</ReturnToCity><AirReturnOffset></AirReturnOffset></Main><AIWhoStamp>Biggins_Tr</AIWhoStamp><AIDateStamp>2022-09-06 16:25:23.000</AIDateStamp>,,,<Pre><Service><ProductCode>UKPRENIGHTS</ProductCode><SupplierID>GB-GLA-SND</SupplierID><ServiceID>STD-SBB</ServiceID></Service></Pre>,,,CCA25,0,N,,20,,"<CarOver24Hrs>N</CarOver24Hrs><PrefCommMethod></PrefCommMethod><Destination>FIF,RSS,GLA,ABD,INV</Destination><FlexPKGProfile>N</FlexPKGProfile>",Y,1900-01-01,Wilson_N,2024-07-17 00:00:00.000,Lyons_S,2025-04-07 16:17:53.050,2024-07-17 00:00:00.000,2025-07-25 04:41:47.517,2025-04-08 08:40:08.187,0
15503,611606,"2025 Scottish Clans & Castles - 10 Days/9 Nights - Uniglobe Travel Center - April 17, 2025",Expired,"2025 Scottish Clans & Castles - 10 Days/9 Nights - Uniglobe Travel Center - April 17, 2025",2025-04-17,2025-04-17,2010-01-01,2025-12-31,SCH-GB-CCA,C,10,Y,N,AA/AAA,Y,N,,<Main><AirOffset>1</AirOffset><FromCity>NYC</FromCity><ToCity>EDI</ToCity><ReturnFromCity>EDI</ReturnFromCity><ReturnToCity>NYC</ReturnToCity><AirReturnOffset></AirReturnOffset></Main><AIWhoStamp>Biggins_Tr</AIWhoStamp><AIDateStamp>2022-09-06 16:25:23.000</AIDateStamp>,,,<Pre><Service><ProductCode>UKPRENIGHTS</ProductCode><SupplierID>GB-GLA-SND</SupplierID><ServiceID>STD-SBB</ServiceID></Service></Pre>,,,CCA25,0,N,,0,,"<CarOver24Hrs>N</CarOver24Hrs><PrefCommMethod></PrefCommMethod><Destination>FIF,RSS,GLA,ABD,INV</Destination><FlexPKGProfile>N</FlexPKGProfile>",Y,1900-01-01,Wilson_N,2024-07-17 00:00:00.000,Lyons_S,2025-04-07 16:17:53.050,2025-04-17 05:07:41.510,9999-12-31 00:00:00.000,2025-04-17 05:07:41.510,1
12370,611608,"2025 Best of Ireland South (Tour A) - 8 Days/7 Nights - Summer Solutions Travel - April 26, 2025",Expired,"2025 Best of Ireland South (Tour A) - 8 Days/7 Nights - Summer Solutions Travel - April 26, 2025",2025-04-26,2025-04-26,2010-01-01,2025-12-31,SCH-IE-ISA,C,8,Y,N,AA/AAA,Y,N,,<Main><AirOffset>1</AirOffset><FromCity>NYC</FromCity><ToCity>DUB</ToCity><ReturnFromCity>DUB</ReturnFromCity><ReturnToCity>NYC</ReturnToCity></Main>,,,<Pre><First>Y</First><Duration>1</Duration></Pre>,,,ISA25,0,N,,15,,"<CarOver24Hrs>N</CarOver24Hrs><PrefCommMethod></PrefCommMethod><Destination>DUB,CLA,KER</Destination><FlexPKGProfile>N</FlexPKGProfile>",Y,1900-01-01,Markle_M,2024-07-17 00:00:00.000,Lyons_S,2025-01-08 16:43:41.077,2024-07-17 00:00:00.000,2025-07-25 04:41:47.517,2025-04-08 08:40:08.187,0
15650,611608,"2025 Best of Ireland South (Tour A) - 8 Days/7 Nights - Summer Solutions Travel - April 26, 2025",Expired,"2025 Best of Ireland South (Tour A) - 8 Days/7 Nights - Summer Solutions Travel - April 26, 2025",2025-04-26,2025-04-26,2010-01-01,2025-12-31,SCH-IE-ISA,C,8,Y,N,AA/AAA,Y,N,,<Main><AirOffset>1</AirOffset><FromCity>NYC</FromCity><ToCity>DUB</ToCity><ReturnFromCity>DUB</ReturnFromCity><ReturnToCity>NYC</ReturnToCity></Main>,,,<Pre><First>Y</First><Duration>1</Duration></Pre>,,,ISA25,0,N,,0,,"<CarOver24Hrs>N</CarOver24Hrs><PrefCommMethod></PrefCommMethod><Destination>DUB,CLA,KER</Destination><FlexPKGProfile>N</FlexPKGProfile>",Y,1900-01-01,Markle_M,2024-07-17 00:00:00.000,Lyons_S,2025-01-08 16:43:41.077,2025-04-28 19:00:19.260,9999-12-31 00:00:00.000,2025-04-28 19:00:19.260,1
12371,611611,"2025 Taste of Ireland (Tour A) - 7 Days/6 Nights - Travels by Donna - June 25, 2025",Expired,"2025 Taste of Ireland (Tour A) - 7 Days/6 Nights - Travels by Donna - June 25, 2025",2025-06-25,2025-06-25,2010-01-01,2025-12-31,SCH-IE-TAA,C,7,Y,N,AA/AAA,Y,N,,<Main><AirOffset>1</AirOffset><FromCity>NYC</FromCity><ToCity>DUB</ToCity><ReturnFromCity>DUB</ReturnFromCity><ReturnToCity>NYC</ReturnToCity></Main>,,,<Pre><First>Y</First></Pre>,<Post><Last>Y</Last></Post>,,TAA25,0,N,,30,,"<CarOver24Hrs>N</CarOver24Hrs><PrefCommMethod></PrefCommMethod><Destination>LIM,DUB,KER</Destination><FlexPKGProfile>N</FlexPKGProfile>",Y,1900-01-01,doig_l,2024-07-17 00:00:00.000,Larkin_B,2025-01-17 15:21:52.767,2024-07-17 00:00:00.000,2025-07-25 04:41:47.517,2025-04-08 08:40:08.187,0
12372,611628,"2025 Irish Odyssey - 12 Days/11 Nights - Worldvia - Travel Quest - June 13, 2025",Expired,"2025 Irish Odyssey - 12 Days/11 Nights - Worldvia - Travel Quest - June 13, 2025",2025-06-13,2025-06-13,2010-01-01,2025-12-31,SCH-IE-ODA,C,12,Y,N,AA/AAA,Y,N,,<Main><AirOffset>1</AirOffset><FromCity>NYC</FromCity><ToCity>DUB</ToCity><ReturnFromCity>DUB</ReturnFromCity><ReturnToCity>NYC</ReturnToCity></Main>,,,<Pre><First>Y</First></Pre>,<Post><Service><ProductCode>IEPRENIGHTS</ProductCode><SupplierID>IE-CAV-CCA</SupplierID><ServiceID>STD-SBB</ServiceID></Service></Post>,,ODA25,0,N,,10,,"<CarOver24Hrs>N</CarOver24Hrs><PrefCommMethod></PrefCommMethod><Destination>DER,BEL,COR,CAV,KER,GAL,DUB</Destination><FlexPKGProfile>N</FlexPKGProfile>",Y,1900-01-01,doig_l,2024-07-17 00:00:00.000,Lyons_S,2025-01-09 11:47:22.300,2024-07-17 00:00:00.000,2025-07-25 04:41:47.517,2025-04-08 08:40:08.187,0
12373,611637,"2025 Irish Adventure - 9 Days/8 Nights - Travels by Donna - June 23, 2025",Expired,"2025 Irish Adventure - 9 Days/8 Nights - Travels by Donna - June 23, 2025",2025-06-23,2025-06-23,2010-01-01,2025-12-31,SCH-IE-ADA,C,9,Y,N,AA/AAA,Y,N,,<Main><AirOffset>1</AirOffset><FromCity>NYC</FromCity><ToCity>DUB</ToCity><ReturnFromCity>DUB</ReturnFromCity><ReturnToCity>NYC</ReturnToCity></Main>,,,<Pre><First>Y</First></Pre>,<Post><Last>Y</Last></Post>,,ADA25,0,N,,30,,"<CarOver24Hrs>N</CarOver24Hrs><PrefCommMethod></PrefCommMethod><Destination>DUB,WAT,GAL,DER,KER</Destination><FlexPKGProfile>N</FlexPKGProfile>",Y,1900-01-01,doig_l,2024-07-17 00:00:00.000,Lyons_S,2025-02-05 17:10:48.750,2024-07-17 00:00:00.000,2025-07-25 04:41:47.517,2025-04-08 08:40:08.187,0
12391,612008,"2025 Best of Ireland South (Tour A) - 8 Days/7 Nights - Uniglobe Travel Center - May 17, 2025",Active,"2025 Best of Ireland South (Tour A) - 8 Days/7 Nights - Uniglobe Travel Center - May 17, 2025",2025-05-17,2025-05-17,2010-01-01,2025-12-31,SCH-IE-ISA,C,8,Y,N,AA/AAA,Y,N,,<Main><AirOffset>1</AirOffset><FromCity>NYC</FromCity><ToCity>DUB</ToCity><ReturnFromCity>DUB</ReturnFromCity><ReturnToCity>NYC</ReturnToCity></Main>,,,<Pre><First>Y</First><Duration>1</Duration></Pre>,,,ISA25,0,N,,10,,"<CarOver24Hrs>N</CarOver24Hrs><PrefCommMethod></PrefCommMethod><Destination>DUB,CLA,KER</Destination><FlexPKGProfile>N</FlexPKGProfile>",Y,1900-01-01,Wilson_N,2024-07-23 00:00:00.000,Wilson_N,2025-03-28 13:02:05.087,2024-07-23 00:00:00.000,9999-12-31 00:00:00.000,2025-04-08 08:40:08.187,1
12392,612011,NEXION LLC - INFINITY TRAVEL,Pending,NEXION LLC - INFINITY TRAVEL,2025-09-29,2025-09-29,2024-07-23,2025-09-29,GRP-IE-WH,C,12,Y,N,AA,Y,N,,,,,,,,IE-612011,0,Y,"L:5|7AA-0AA/0A,7.5|9.5AA-0AA/0A,10|12AA-1AA/0A,12.5|14.5AA-1AA/0A,15|17AA-2AA/0A,17.5|19.5AA-2AA/0A,20|22AA-2AA/0A,22.5|24AA-2AA/0A,48X;A:5|7AA-0AA/0A,7.5|9.5AA-0AA/0A,10|12AA-0AA/0A,12.5|14.5AA-0AA/0A,15|17AA-0AA/0A,17.5|19.5AA-0AA/0A,20|22AA-0AA/0A,22.5|24AA-0AA/0A,48X",20,,<CarOver24Hrs>N</CarOver24Hrs><FlexPKGProfile>N</FlexPKGProfile>,N,1900-01-01,Hager_W,2024-07-23 00:00:00.000,Hager_W,2024-08-01 21:57:54.890,2024-07-23 00:00:00.000,2025-09-11 02:14:04.910,2025-04-08 08:40:08.187,0
12393,612053,"CXLD - 2025 Irish Supreme- 9 Days/8 Nights- Mary Yost Travel- June 16, 2025",Closed,"CXLD - 2025 Irish Supreme- 9 Days/8 Nights- Mary Yost Travel- June 16, 2025",2025-06-16,2025-06-16,2024-06-04,2025-12-31,SCH-IE-SUA,C,9,Y,N,AA/AAA,Y,N,,<Main><AirOffset>1</AirOffset><FromCity>NYC</FromCity><ToCity>DUB</ToCity><ReturnFromCity>DUB</ReturnFromCity><ReturnToCity>NYC</ReturnToCity><AirReturnOffset></AirReturnOffset></Main><AIWhoStamp>Lyons_S</AIWhoStamp><AIDateStamp>2024-02-14 13:14:04.000</AIDateStamp>,,,<Pre><First>Y</First></Pre>,<Post><Last>Y</Last></Post>,,,0,N,,0,,"<CarOver24Hrs>N</CarOver24Hrs><PrefCommMethod></PrefCommMethod><Destination>DUB,KER,KIK,CLA,COR</Destination><FlexPKGProfile>N</FlexPKGProfile>",Y,1900-01-01,doig_l,2024-07-24 00:00:00.000,Davies_Ja,2024-10-11 21:13:32.740,2024-07-24 00:00:00.000,9999-12-31 00:00:00.000,2025-04-08 08:40:08.187,1
12394,612054,"CXLD - 2025 Tuscan Treasures with Cinque Terre- 8 Days/7 Nights- Columbia Co. Chamber of Commerce- August 31, 2025",Closed,"CXLD - 2025 Tuscan Treasures with Cinque Terre- 8 Days/7 Nights- Columbia Co. Chamber of Commerce- August 31, 2025",2025-08-31,2025-08-31,2010-01-01,2025-08-31,SCH-IT-TUA,C,8,Y,N,AA/AAA,Y,N,,<Main><AirOffset></AirOffset><FromCity>NYC</FromCity><ToCity>FLR</ToCity><ReturnFromCity>FLR</ReturnFromCity><ReturnToCity>NYC</ReturnToCity><AirReturnOffset></AirReturnOffset></Main><AIWhoStamp>Lyons_S</AIWhoStamp><AIDateStamp>2023-06-22 11:58:42.000</AIDateStamp>,,,<Pre><Service><ProductCode>ITPRENIGHTS</ProductCode><SupplierID>IT-MTC-CDM</SupplierID><ServiceID>STD-SBB</ServiceID></Service></Pre>,<Post><Last>Y</Last></Post>,,,0,N,,0,,<CarOver24Hrs>N</CarOver24Hrs><PrefCommMethod></PrefCommMethod><Destination>MTC</Destination><FlexPKGProfile>N</FlexPKGProfile>,Y,1900-01-01,Wilson_N,2024-07-24 00:00:00.000,Davies_Ja,2024-12-11 21:01:22.983,2024-07-24 00:00:00.000,9999-12-31 00:00:00.000,2025-04-08 08:40:08.187,1
12395,612056,"2025 Scottish & Irish Sampler- 7 Days/6 Nights- NACTA: A Lit'le Irish Too- August 24, 2025",Active,"2025 Scottish & Irish Sampler- 7 Days/6 Nights- NACTA: A Lit'le Irish Too- August 24, 2025",2025-08-24,2025-08-24,2010-01-01,2025-12-31,SCH-GB-CSA,C,7,Y,N,AA/AAA,Y,N,,<Main><AirOffset>1</AirOffset><FromCity>NYC</FromCity><ToCity>EDI</ToCity><ReturnFromCity>DUB</ReturnFromCity><ReturnToCity>NYC</ReturnToCity><AirReturnOffset></AirReturnOffset></Main><AIWhoStamp>Biggins_Tr</AIWhoStamp><AIDateStamp>2023-02-10 12:02:26.000</AIDateStamp>,,,<Pre><First>Y</First></Pre>,<Post><Last>Y</Last></Post>,,CSA25,0,N,,24,,"<CarOver24Hrs>N</CarOver24Hrs><PrefCommMethod></PrefCommMethod><Destination>DUB,BEL,EDI</Destination><FlexPKGProfile>N</FlexPKGProfile>",Y,1900-01-01,doig_l,2024-07-24 00:00:00.000,carrig_A,2025-01-06 11:12:51.060,2024-07-24 00:00:00.000,2025-07-25 04:41:47.517,2025-04-08 08:40:08.187,0
15504,612056,"2025 Scottish & Irish Sampler- 7 Days/6 Nights- NACTA: A Lit'le Irish Too- August 24, 2025",Active,"2025 Scottish & Irish Sampler- 7 Days/6 Nights- NACTA: A Lit'le Irish Too- August 24, 2025",2025-08-24,2025-08-24,2010-01-01,2025-12-31,SCH-GB-CSA,C,7,Y,N,AA/AAA,Y,N,,<Main><AirOffset>1</AirOffset><FromCity>NYC</FromCity><ToCity>EDI</ToCity><ReturnFromCity>DUB</ReturnFromCity><ReturnToCity>NYC</ReturnToCity><AirReturnOffset></AirReturnOffset></Main><AIWhoStamp>Biggins_Tr</AIWhoStamp><AIDateStamp>2023-02-10 12:02:26.000</AIDateStamp>,,,<Pre><First>Y</First></Pre>,<Post><Last>Y</Last></Post>,,CSA25,0,N,,16,,"<CarOver24Hrs>N</CarOver24Hrs><PrefCommMethod></PrefCommMethod><Destination>DUB,BEL,EDI</Destination><FlexPKGProfile>N</FlexPKGProfile>",Y,1900-01-01,doig_l,2024-07-24 00:00:00.000,doig_l,2025-04-16 19:15:58.747,2025-04-17 05:07:41.510,2025-07-25 04:41:47.517,2025-04-17 05:07:41.510,0
16134,612056,"2025 Scottish & Irish Sampler- 7 Days/6 Nights- NACTA: A Lit'le Irish Too- August 24, 2025",Active,"2025 Scottish & Irish Sampler- 7 Days/6 Nights- NACTA: A Lit'le Irish Too- August 24, 2025",2025-08-24,2025-08-24,2010-01-01,2025-12-31,SCH-GB-CSA,C,7,Y,N,AA/AAA,Y,N,,<Main><AirOffset>1</AirOffset><FromCity>NYC</FromCity><ToCity>EDI</ToCity><ReturnFromCity>DUB</ReturnFromCity><ReturnToCity>NYC</ReturnToCity><AirReturnOffset></AirReturnOffset></Main><AIWhoStamp>Biggins_Tr</AIWhoStamp><AIDateStamp>2023-02-10 12:02:26.000</AIDateStamp>,,,<Pre><First>Y</First></Pre>,<Post><Last>Y</Last></Post>,,CSA25,0,N,,16,,"<CarOver24Hrs>N</CarOver24Hrs><PrefCommMethod></PrefCommMethod><Destination>DUB,BEL,EDI</Destination><FlexPKGProfile>N</FlexPKGProfile>",Y,1900-01-01,doig_l,2024-07-24 00:00:00.000,Lyons_S,2025-05-02 10:47:00.490,2025-05-03 04:35:37.930,2025-07-25 04:41:47.517,2025-05-03 04:35:37.930,0
16636,612056,"2025 Scottish & Irish Sampler- 7 Days/6 Nights- NACTA: A Lit'le Irish Too- August 24, 2025",Active,"2025 Scottish & Irish Sampler- 7 Days/6 Nights- NACTA: A Lit'le Irish Too- August 24, 2025",2025-08-24,2025-08-24,2010-01-01,2025-12-31,SCH-GB-CSA,C,7,Y,N,AA/AAA,Y,N,,<Main><AirOffset>1</AirOffset><FromCity>NYC</FromCity><ToCity>EDI</ToCity><ReturnFromCity>DUB</ReturnFromCity><ReturnToCity>NYC</ReturnToCity><AirReturnOffset></AirReturnOffset></Main><AIWhoStamp>Biggins_Tr</AIWhoStamp><AIDateStamp>2023-02-10 12:02:26.000</AIDateStamp>,,,<Pre><First>Y</First></Pre>,<Post><Last>Y</Last></Post>,,CSA25,0,N,,10,,"<CarOver24Hrs>N</CarOver24Hrs><PrefCommMethod></PrefCommMethod><Destination>DUB,BEL,EDI</Destination><FlexPKGProfile>N</FlexPKGProfile>",Y,1900-01-01,doig_l,2024-07-24 00:00:00.000,doig_l,2025-05-13 14:21:44.490,2025-05-14 06:43:12.710,2025-07-25 04:41:47.517,2025-05-14 06:43:12.710,0
11808,604003,TRAVEL BY LA BUENA VIDA,Active,TRAVEL BY LA BUENA VIDA,2025-07-06,2025-07-06,2024-04-02,2025-04-22,GRP-IE-WH,C,8,Y,N,AA/AAA,Y,N,,,,,,,,IE-604003,0,Y,"L:4|4.5AA-0AA/0A,5|7AA-0AA/0A,7.5|9.5AA-0AA/0A,19X;A:4|4.5AA-0AA/0A,5|7AA-0AA/0A,7.5|9.5AA-0AA/0A,19X",8,,<CarOver24Hrs>N</CarOver24Hrs><FlexPKGProfile>N</FlexPKGProfile>,Y,1900-01-01,Hager_W,2024-04-02 00:00:00.000,Greene_Dh,2025-04-03 09:12:09.323,2024-04-02 00:00:00.000,9999-12-31 00:00:00.000,2025-04-08 08:40:08.187,1
12066,607137,"2025 Tuscan Treasures with Cinque Terre- 8 Days/7 Nights- Italy Group 2025-  April 20, 2025",Active,"2025 Tuscan Treasures with Cinque Terre- 8 Days/7 Nights- Italy Group 2025-  April 20, 2025",2025-04-20,2025-04-20,2010-01-01,2025-12-31,SCH-IT-TUA,C,8,Y,N,AA/AAA,Y,N,,<Main><AirOffset></AirOffset><FromCity>NYC</FromCity><ToCity>FLR</ToCity><ReturnFromCity>FLR</ReturnFromCity><ReturnToCity>NYC</ReturnToCity><AirReturnOffset></AirReturnOffset></Main><AIWhoStamp>Lyons_S</AIWhoStamp><AIDateStamp>2023-06-22 11:58:42.000</AIDateStamp>,,,<Pre><Service><ProductCode>ITPRENIGHTS</ProductCode><SupplierID>IT-MTC-CDM</SupplierID><ServiceID>STD-SBB</ServiceID></Service></Pre>,<Post><Last>Y</Last></Post>,,TUA25,0,N,,19,,<CarOver24Hrs>N</CarOver24Hrs><PrefCommMethod></PrefCommMethod><Destination>MTC</Destination><FlexPKGProfile>N</FlexPKGProfile>,Y,1900-01-01,doig_l,2024-05-13 00:00:00.000,Smith_R,2025-02-18 08:57:20.047,2024-05-13 00:00:00.000,9999-12-31 00:00:00.000,2025-04-08 08:40:08.187,1
12067,607179,"CXLD - 2025 Irish Spirit- 8 Days/7 Nights - Cruise Planners - September 6, 2025",Closed,"CXLD - 2025 Irish Spirit- 8 Days/7 Nights - Cruise Planners - September 6, 2025",2025-09-06,2025-09-06,2010-01-01,2025-12-31,SCH-IE-SPA,C,8,Y,N,AA/AAA,Y,N,,<Main><AirOffset>1</AirOffset><FromCity>NYC</FromCity><ToCity>DUB</ToCity><ReturnFromCity>DUB</ReturnFromCity><ReturnToCity>NYC</ReturnToCity></Main>,,,<Pre><First>Y</First><Duration>1</Duration></Pre>,,,,0,N,,0,,"<CarOver24Hrs>N</CarOver24Hrs><PrefCommMethod></PrefCommMethod><Destination>DUB,KER,GAL,WEX</Destination><FlexPKGProfile>N</FlexPKGProfile>",Y,1900-01-01,doig_l,2024-05-13 00:00:00.000,Davies_Ja,2024-08-26 18:22:17.783,2024-05-13 00:00:00.000,9999-12-31 00:00:00.000,2025-04-08 08:40:08.187,1
12068,607180,"2025 Taste of Scotland & Ireland - 11 Days/10 Nights - The Morris Group - August 12, 2025",Active,"2025 Taste of Scotland & Ireland - 11 Days/10 Nights - The Morris Group - August 12, 2025",2025-08-12,2025-08-12,2010-01-01,2025-12-31,SCH-GB-SCA,C,11,Y,N,AA/AAA,Y,N,,<Main><AirOffset>1</AirOffset><FromCity>DSM</FromCity><ToCity>EDI</ToCity><ReturnFromCity>DUB</ReturnFromCity><ReturnToCity>DSM</ReturnToCity><AirReturnOffset></AirReturnOffset><IncludeContracts>Y</IncludeContracts><IncludeBlkContracts>Y</IncludeBlkContracts><BlockOnly>Y</BlockOnly><Market>607180</Market></Main><AIWhoStamp>Schindler_A</AIWhoStamp><AIDateStamp>2024-12-06 11:57:22.000</AIDateStamp>,"DSM,",,<Pre><Service><ProductCode>UKPRENIGHTS</ProductCode><SupplierID>GB-GLA-GTH</SupplierID><ServiceID>STD-SBB</ServiceID></Service></Pre>,<Post><Last>Y</Last></Post>,,SCA25,0,N,,12,,"<CarOver24Hrs>N</CarOver24Hrs><PrefCommMethod></PrefCommMethod><Destination>GLA,NAI,EDI,KER,DUB,LIM</Destination><FlexPKGProfile>N</FlexPKGProfile>",Y,1900-01-01,Wilson_N,2024-05-13 00:00:00.000,Markle_M,2025-02-13 20:19:53.580,2024-05-13 00:00:00.000,2025-07-26 04:44:05.283,2025-04-08 08:40:08.187,0
12069,607187,"2025 Irish Adventure - 9 Days/8 Nights - Envoyage Travel - July 18, 2025",Expired,"2025 Irish Adventure - 9 Days/8 Nights - Envoyage Travel - July 18, 2025",2025-07-18,2025-07-18,2010-01-01,2025-12-31,SCH-IE-ADA,C,9,Y,N,AA/AAA,Y,N,,<Main><AirOffset>1</AirOffset><FromCity>NYC</FromCity><ToCity>DUB</ToCity><ReturnFromCity>DUB</ReturnFromCity><ReturnToCity>NYC</ReturnToCity></Main>,,,<Pre><First>Y</First></Pre>,<Post><Last>Y</Last></Post>,,ADA25,0,N,,20,,"<CarOver24Hrs>N</CarOver24Hrs><PrefCommMethod></PrefCommMethod><Destination>DUB,WAT,GAL,DER,KER</Destination><FlexPKGProfile>N</FlexPKGProfile>",Y,1900-01-01,Markle_M,2024-05-13 00:00:00.000,Lyons_S,2025-02-05 17:10:48.560,2024-05-13 00:00:00.000,2025-07-25 04:41:47.517,2025-04-08 08:40:08.187,0
12070,607224,"2025 Scottish & Irish Sampler - 7 Days/6 Nights - Spring House Travel - April 20, 2025",Active,"2025 Scottish & Irish Sampler - 7 Days/6 Nights - Spring House Travel - April 20, 2025",2025-04-20,2025-04-20,2010-01-01,2025-12-31,SCH-GB-CSA,C,7,Y,N,AA/AAA,Y,N,,<Main><AirOffset>1</AirOffset><FromCity>NYC</FromCity><ToCity>EDI</ToCity><ReturnFromCity>DUB</ReturnFromCity><ReturnToCity>NYC</ReturnToCity><AirReturnOffset></AirReturnOffset></Main><AIWhoStamp>Biggins_Tr</AIWhoStamp><AIDateStamp>2023-02-10 12:02:26.000</AIDateStamp>,,,<Pre><First>Y</First></Pre>,<Post><Last>Y</Last></Post>,,CSA25,0,N,,12,,"<CarOver24Hrs>N</CarOver24Hrs><PrefCommMethod></PrefCommMethod><Destination>DUB,BEL,EDI</Destination><FlexPKGProfile>N</FlexPKGProfile>",Y,1900-01-01,Markle_M,2024-05-14 00:00:00.000,Markle_M,2025-01-14 16:35:04.713,2024-05-14 00:00:00.000,9999-12-31 00:00:00.000,2025-04-08 08:40:08.187,1
12071,607259,Iceland - Blue Skies Travel,Expired,Iceland - Blue Skies Travel,2025-02-26,2025-02-26,2024-05-14,2025-02-26,GRP-EU-KS,C,9,Y,N,N,Y,N,,,,,,,,EU-607259,0,Y,"L:5|7AA-0AA/0A,7.5|9.5AA-0AA/0A,10|12AA-1AA/0A,12.5|14.5AA-1AA/0A,15|17AA-2AA/0A,17.5|19.5AA-2AA/0A,20|22AA-2AA/0A,22.5|24AA-2AA/0A,48X;A:5|7AA-0AA/0A,7.5|9.5AA-0AA/0A,10|12AA-0AA/0A,12.5|14.5AA-0AA/0A,15|17AA-0AA/0A,17.5|19.5AA-0AA/0A,20|22AA-0AA/0A,22.5|24AA-0AA/0A,48X",0,,<CarOver24Hrs>N</CarOver24Hrs><FlexPKGProfile>N</FlexPKGProfile>,N,1900-01-01,Smith_K,2024-05-14 00:00:00.000,Davies_Ja,2024-07-29 17:22:06.747,2024-05-14 00:00:00.000,9999-12-31 00:00:00.000,2025-04-08 08:40:08.187,1
12072,607260,MJ TOURS,Closed,MJ TOURS,2025-08-18,2025-08-18,2024-05-14,2025-06-04,GRP-IE-ND-WH,C,8,Y,N,AA,Y,N,,,,,,,,IE-607260,0,Y,"L:10|12AA-1AA/0A,12.5|14.5AA-1AA/0A,15|17AA-2AA/0A,17.5|19.5AA-2AA/0A,20|22AA-2AA/0A,22.5|24AA-2AA/0A,48X;A:10|12AA-0AA/0A,12.5|14.5AA-0AA/0A,15|17AA-0AA/0A,17.5|19.5AA-0AA/0A,20|22AA-0AA/0A,22.5|24AA-0AA/0A,48X",0,,<CarOver24Hrs>N</CarOver24Hrs><FlexPKGProfile>N</FlexPKGProfile>,Y,1900-01-01,Hager_W,2024-05-14 00:00:00.000,Smith_K,2025-03-24 16:26:19.683,2024-05-14 00:00:00.000,9999-12-31 00:00:00.000,2025-04-08 08:40:08.187,1
12179,608888,"2025 Best of Spain- 9 Days/8 Nights- Longwood Travel Presidents Trip- July 20, 2025",Active,"2025 Best of Spain- 9 Days/8 Nights- Longwood Travel Presidents Trip- July 20, 2025",2025-07-20,2025-07-20,2024-06-04,2025-12-31,SCH-ES-BSA,C,9,Y,N,AA/AAA,Y,Y,,<Main><AirOffset>1</AirOffset><FromCity>BOS</FromCity><ToCity>MAD</ToCity><ReturnFromCity>BCN</ReturnFromCity><ReturnToCity>BOS</ReturnToCity><AirReturnOffset></AirReturnOffset><IncludeContracts>Y</IncludeContracts><IncludeBlkContracts>Y</IncludeBlkContracts><BlockOnly>Y</BlockOnly><Market>608888</Market></Main><AIWhoStamp>Schindler_A</AIWhoStamp><AIDateStamp>2024-11-12 08:40:57.000</AIDateStamp>,"BOS,",,<Pre><Service><ProductCode>ESPRENIGHTS</ProductCode><SupplierID>ES-MAD-RDM</SupplierID><ServiceID>STD-SBB</ServiceID></Service></Pre>,<Post><Last>Y</Last></Post>,,BSA25,0,N,,31,,"<CarOver24Hrs>N</CarOver24Hrs><PrefCommMethod></PrefCommMethod><Destination>SVQ,MAD,GRX,VLC,BCN</Destination><FlexPKGProfile>N</FlexPKGProfile>",Y,1900-01-01,doig_l,2024-06-05 00:00:00.000,doig_l,2025-04-04 23:50:42.440,2024-06-05 00:00:00.000,2025-07-25 04:41:47.517,2025-04-08 08:40:08.187,0
16296,608888,"2025 Best of Spain- 9 Days/8 Nights- Longwood Travel Presidents Trip- July 20, 2025",Active,"2025 Best of Spain- 9 Days/8 Nights- Longwood Travel Presidents Trip- July 20, 2025",2025-07-20,2025-07-20,2024-06-04,2025-12-31,SCH-ES-BSA,C,9,Y,N,AA/AAA,Y,Y,,<Main><AirOffset>1</AirOffset><FromCity>BOS</FromCity><ToCity>MAD</ToCity><ReturnFromCity>BCN</ReturnFromCity><ReturnToCity>BOS</ReturnToCity><AirReturnOffset></AirReturnOffset><IncludeContracts>Y</IncludeContracts><IncludeBlkContracts>Y</IncludeBlkContracts><BlockOnly>Y</BlockOnly><Market>608888</Market></Main><AIWhoStamp>Schindler_A</AIWhoStamp><AIDateStamp>2024-11-12 08:40:57.000</AIDateStamp>,"BOS,",,<Pre><Service><ProductCode>ESPRENIGHTS</ProductCode><SupplierID>ES-MAD-RDM</SupplierID><ServiceID>STD-SBB</ServiceID></Service></Pre>,<Post><Last>Y</Last></Post>,,BSA25,0,N,,29,,"<CarOver24Hrs>N</CarOver24Hrs><PrefCommMethod></PrefCommMethod><Destination>SVQ,MAD,GRX,VLC,BCN</Destination><FlexPKGProfile>N</FlexPKGProfile>",Y,1900-01-01,doig_l,2024-06-05 00:00:00.000,doig_l,2025-05-06 18:32:58.107,2025-05-07 04:32:50.770,2025-07-25 04:41:47.517,2025-05-07 04:32:50.770,0
16922,608888,"2025 Best of Spain- 9 Days/8 Nights- Longwood Travel Presidents Trip- July 20, 2025",Active,"2025 Best of Spain- 9 Days/8 Nights- Longwood Travel Presidents Trip- July 20, 2025",2025-07-20,2025-07-20,2024-06-04,2025-12-31,SCH-ES-BSA,C,9,Y,N,AA/AAA,Y,Y,,<Main><AirOffset>1</AirOffset><FromCity>BOS</FromCity><ToCity>MAD</ToCity><ReturnFromCity>BCN</ReturnFromCity><ReturnToCity>BOS</ReturnToCity><AirReturnOffset></AirReturnOffset><IncludeContracts>Y</IncludeContracts><IncludeBlkContracts>Y</IncludeBlkContracts><BlockOnly>Y</BlockOnly><Market>608888</Market></Main><AIWhoStamp>Schindler_A</AIWhoStamp><AIDateStamp>2024-11-12 08:40:57.000</AIDateStamp>,"BOS,",,<Pre><Service><ProductCode>ESPRENIGHTS</ProductCode><SupplierID>ES-MAD-RDM</SupplierID><ServiceID>STD-SBB</ServiceID></Service></Pre>,<Post><Last>Y</Last></Post>,,BSA25,0,N,,27,,"<CarOver24Hrs>N</CarOver24Hrs><PrefCommMethod></PrefCommMethod><Destination>SVQ,MAD,GRX,VLC,BCN</Destination><FlexPKGProfile>N</FlexPKGProfile>",Y,1900-01-01,doig_l,2024-06-05 00:00:00.000,doig_l,2025-05-19 21:20:44.297,2025-05-20 06:46:13.487,9999-12-31 00:00:00.000,2025-05-20 06:46:13.487,1
12180,608893,CRUISE PLANNERS,Multi-Expired,CRUISE PLANNERS,2025-06-21,2025-06-21,2024-06-05,2025-06-21,GRP-IE-WH,C,11,Y,N,AA,Y,N,,,,,,,,IE-608893,0,Y,"L:5|7AA-0AA/0A,7.5|9.5AA-0AA/0A,10|12AA-1AA/0A,12.5|14.5AA-1AA/0A,15|17AA-2AA/0A,17.5|19.5AA-2AA/0A,20|22AA-2AA/0A,22.5|24AA-2AA/0A,48X;A:5|7AA-0AA/0A,7.5|9.5AA-0AA/0A,10|12AA-0AA/0A,12.5|14.5AA-0AA/0A,15|17AA-0AA/0A,17.5|19.5AA-0AA/0A,20|22AA-0AA/0A,22.5|24AA-0AA/0A,48X",20,,<CarOver24Hrs>N</CarOver24Hrs><FlexPKGProfile>N</FlexPKGProfile>,N,1900-01-01,Hager_W,2024-06-05 00:00:00.000,Hager_W,2024-06-13 22:48:10.980,2024-06-05 00:00:00.000,2025-07-25 04:41:47.517,2025-04-08 08:40:08.187,0
12181,608930,Trevello,Expired,Trevello,2025-03-20,2025-03-20,2024-06-06,2025-03-20,GRP-GBIE-BOS-KS,C,9,Y,N,AA,Y,N,,,,,,,,GBIE-608930,0,Y,"L:5|7AA-0AA/0A,7.5|9.5AA-0AA/0A,10|12AA-1AA/0A,12.5|14.5AA-1AA/0A,15|17AA-2AA/0A,17.5|19.5AA-2AA/0A,20|22AA-2AA/0A,22.5|24AA-2AA/0A,48X;A:5|7AA-0AA/0A,7.5|9.5AA-0AA/0A,10|12AA-0AA/0A,12.5|14.5AA-0AA/0A,15|17AA-0AA/0A,17.5|19.5AA-0AA/0A,20|22AA-0AA/0A,22.5|24AA-0AA/0A,48X",0,,<CarOver24Hrs>N</CarOver24Hrs><FlexPKGProfile>N</FlexPKGProfile>,N,1900-01-01,Smith_K,2024-06-06 00:00:00.000,Davies_Ja,2024-08-15 20:42:24.833,2024-06-06 00:00:00.000,9999-12-31 00:00:00.000,2025-04-08 08:40:08.187,1
12182,608965,"2025 Tuscan Treasures with Cinque Terre - 8 Days/7 Nights - Gene Folsom Group - June 22, 2025",Expired,"2025 Tuscan Treasures with Cinque Terre - 8 Days/7 Nights - Gene Folsom Group - June 22, 2025",2025-06-22,2025-06-22,2010-01-01,2025-12-31,SCH-IT-TUA,C,8,Y,N,AA/AAA,Y,N,,<Main><AirOffset></AirOffset><FromCity>NYC</FromCity><ToCity>FLR</ToCity><ReturnFromCity>FLR</ReturnFromCity><ReturnToCity>NYC</ReturnToCity><AirReturnOffset></AirReturnOffset></Main><AIWhoStamp>Lyons_S</AIWhoStamp><AIDateStamp>2023-06-22 11:58:42.000</AIDateStamp>,,,<Pre><Service><ProductCode>ITPRENIGHTS</ProductCode><SupplierID>IT-MTC-CDM</SupplierID><ServiceID>STD-SBB</ServiceID></Service></Pre>,<Post><Last>Y</Last></Post>,,TUA25,0,N,,30,,<CarOver24Hrs>N</CarOver24Hrs><PrefCommMethod></PrefCommMethod><Destination>MTC</Destination><FlexPKGProfile>N</FlexPKGProfile>,Y,1900-01-01,Markle_M,2024-06-06 00:00:00.000,Smith_R,2025-02-18 08:57:20.063,2024-06-06 00:00:00.000,2025-07-25 04:41:47.517,2025-04-08 08:40:08.187,0
12359,611449,"CXLD - 2025 Ireland South Daytripper - 8 Days/7 Nights - Cruise Planners - May 4, 2025",Closed,"CXLD - 2025 Ireland South Daytripper - 8 Days/7 Nights - Cruise Planners - May 4, 2025",2025-05-04,2025-05-04,2010-01-01,2025-12-31,SCH-IE-IDA,C,8,Y,N,AA,Y,N,,<Main><AirOffset>1</AirOffset><FromCity>NYC</FromCity><ToCity>SNN</ToCity><ReturnFromCity>DUB</ReturnFromCity><ReturnToCity>NYC</ReturnToCity><AirReturnOffset></AirReturnOffset></Main><AIWhoStamp>Biggins_Tr</AIWhoStamp><AIDateStamp>2020-04-21 17:32:50.000</AIDateStamp>,,,<Pre><First>Y</First></Pre>,<Post><Last>Y</Last></Post>,,,0,N,,0,,"<CarOver24Hrs>N</CarOver24Hrs><PrefCommMethod></PrefCommMethod><Destination>LIM,DUB</Destination><FlexPKGProfile>N</FlexPKGProfile>",Y,1900-01-01,Wilson_N,2024-07-15 00:00:00.000,Davies_Ja,2024-09-04 15:01:22.477,2024-07-15 00:00:00.000,9999-12-31 00:00:00.000,2025-04-08 08:40:08.187,1
12360,611451,"2025 Tuscan Treasures with Cinque Terre - 8 Days/7 Nights - Frosch Travel: DW Travel Club - May 25, 2025",Active,"2025 Tuscan Treasures with Cinque Terre - 8 Days/7 Nights - Frosch Travel: DW Travel Club - May 25, 2025",2025-05-25,2025-05-25,2010-01-01,2025-12-31,SCH-IT-TUA,C,8,Y,N,AA/AAA,Y,N,,<Main><AirOffset></AirOffset><FromCity>NYC</FromCity><ToCity>FLR</ToCity><ReturnFromCity>FLR</ReturnFromCity><ReturnToCity>NYC</ReturnToCity><AirReturnOffset></AirReturnOffset></Main><AIWhoStamp>Lyons_S</AIWhoStamp><AIDateStamp>2023-06-22 11:58:42.000</AIDateStamp>,,,<Pre><Service><ProductCode>ITPRENIGHTS</ProductCode><SupplierID>IT-MTC-CDM</SupplierID><ServiceID>STD-SBB</ServiceID></Service></Pre>,<Post><Last>Y</Last></Post>,,TUA25,0,N,,21,,<CarOver24Hrs>N</CarOver24Hrs><PrefCommMethod></PrefCommMethod><Destination>MTC</Destination><FlexPKGProfile>N</FlexPKGProfile>,Y,1900-01-01,Wilson_N,2024-07-15 00:00:00.000,Wilson_N,2025-03-11 20:04:20.640,2024-07-15 00:00:00.000,9999-12-31 00:00:00.000,2025-04-08 08:40:08.187,1
12361,611468,"2025 Irish Adventure - 9 Days/8 Nights - The Robinson Group - July 23, 2025",Multi-Expired,"2025 Irish Adventure - 9 Days/8 Nights - The Robinson Group - July 23, 2025",2025-07-23,2025-07-23,2010-01-01,2025-12-31,SCH-IE-ADA,C,9,Y,N,AA/AAA,Y,N,,<Main><AirOffset>1</AirOffset><FromCity>NYC</FromCity><ToCity>DUB</ToCity><ReturnFromCity>DUB</ReturnFromCity><ReturnToCity>NYC</ReturnToCity></Main>,,,<Pre><First>Y</First></Pre>,<Post><Last>Y</Last></Post>,,ADA25,0,N,,14,,"<CarOver24Hrs>N</CarOver24Hrs><PrefCommMethod></PrefCommMethod><Destination>DUB,WAT,GAL,DER,KER</Destination><FlexPKGProfile>N</FlexPKGProfile>",Y,1900-01-01,Markle_M,2024-07-15 00:00:00.000,Lyons_S,2025-02-05 17:10:48.733,2024-07-15 00:00:00.000,2025-07-25 04:41:47.517,2025-04-08 08:40:08.187,0
12362,611477,"2025 Irish Adventure - 8 Days/7 Nights - AAA Huber Heights - May 23, 2025",Expired,"2025 Irish Adventure - 8 Days/7 Nights - AAA Huber Heights - May 23, 2025",2025-05-23,2025-05-23,2010-01-01,2025-12-31,SCH-IE-ADA,C,8,Y,N,AA/AAA,Y,N,,<Main><AirOffset>1</AirOffset><FromCity>NYC</FromCity><ToCity>DUB</ToCity><ReturnFromCity>DUB</ReturnFromCity><ReturnToCity>NYC</ReturnToCity></Main>,,,<Pre><First>Y</First></Pre>,,,ADA25,0,N,,10,,"<CarOver24Hrs>N</CarOver24Hrs><PrefCommMethod></PrefCommMethod><Destination>DUB,WAT,GAL,DER,KER</Destination><FlexPKGProfile>N</FlexPKGProfile>",Y,1900-01-01,Wilson_N,2024-07-15 00:00:00.000,Lyons_S,2025-02-05 17:10:48.733,2024-07-15 00:00:00.000,2025-07-25 04:41:47.517,2025-04-08 08:40:08.187,0
17155,611477,"2025 Irish Adventure - 8 Days/7 Nights - AAA Huber Heights - May 23, 2025",Expired,"2025 Irish Adventure - 8 Days/7 Nights - AAA Huber Heights - May 23, 2025",2025-05-23,2025-05-23,2010-01-01,2025-12-31,SCH-IE-ADA,C,8,Y,N,AA/AAA,Y,N,,<Main><AirOffset>1</AirOffset><FromCity>NYC</FromCity><ToCity>DUB</ToCity><ReturnFromCity>DUB</ReturnFromCity><ReturnToCity>NYC</ReturnToCity></Main>,,,<Pre><First>Y</First></Pre>,,,ADA25,0,N,,0,,"<CarOver24Hrs>N</CarOver24Hrs><PrefCommMethod></PrefCommMethod><Destination>DUB,WAT,GAL,DER,KER</Destination><FlexPKGProfile>N</FlexPKGProfile>",Y,1900-01-01,Wilson_N,2024-07-15 00:00:00.000,Lyons_S,2025-02-05 17:10:48.733,2025-05-23 06:31:23.863,9999-12-31 00:00:00.000,2025-05-23 06:31:23.863,1
12363,611482,"2025 Taste of Scotland & Ireland- 10 Days/9 Nights- AAA Travel Agency- August 8, 2025",Active,"2025 Taste of Scotland & Ireland- 10 Days/9 Nights- AAA Travel Agency- August 8, 2025",2025-08-08,2025-08-08,2010-01-01,2025-12-31,SCH-GB-SCA,C,10,Y,N,AA/AAA,Y,Y,,<Main><AirOffset>1</AirOffset><FromCity>BOS</FromCity><ToCity>EDI</ToCity><ReturnFromCity>SNN</ReturnFromCity><ReturnToCity>BOS</ReturnToCity><AirReturnOffset></AirReturnOffset><IncludeContracts>Y</IncludeContracts><IncludeBlkContracts>Y</IncludeBlkContracts><BlockOnly>Y</BlockOnly><Market>611482</Market></Main><AIWhoStamp>Schindler_A</AIWhoStamp><AIDateStamp>2024-10-09 11:36:04.000</AIDateStamp>,"BOS,",,<Pre><Service><ProductCode>UKPRENIGHTS</ProductCode><SupplierID>GB-GLA-GTH</SupplierID><ServiceID>STD-SBB</ServiceID></Service></Pre>,<Post><Last>Y</Last></Post>,,SCA25,0,N,,10,,"<CarOver24Hrs>N</CarOver24Hrs><PrefCommMethod></PrefCommMethod><Destination>GLA,NAI,EDI,KER,DUB,LIM</Destination><FlexPKGProfile>N</FlexPKGProfile>",Y,1900-01-01,doig_l,2024-07-15 00:00:00.000,Lyons_S,2025-01-09 11:49:15.653,2024-07-15 00:00:00.000,2025-05-09 04:35:16.380,2025-04-08 08:40:08.187,0
16436,611482,"2025 Taste of Scotland & Ireland- 10 Days/9 Nights- AAA Travel Agency- August 8, 2025",Active,"2025 Taste of Scotland & Ireland- 10 Days/9 Nights- AAA Travel Agency- August 8, 2025",2025-08-08,2025-08-08,2010-01-01,2025-12-31,SCH-GB-SCA,C,10,Y,N,AA/AAA,Y,Y,,<Main><AirOffset>1</AirOffset><FromCity>BOS</FromCity><ToCity>EDI</ToCity><ReturnFromCity>SNN</ReturnFromCity><ReturnToCity>BOS</ReturnToCity><AirReturnOffset></AirReturnOffset><IncludeContracts>Y</IncludeContracts><IncludeBlkContracts>Y</IncludeBlkContracts><BlockOnly>Y</BlockOnly><Market>611482</Market></Main><AIWhoStamp>Schindler_A</AIWhoStamp><AIDateStamp>2024-10-09 11:36:04.000</AIDateStamp>,"BOS,",,<Pre><Service><ProductCode>UKPRENIGHTS</ProductCode><SupplierID>GB-GLA-GTH</SupplierID><ServiceID>STD-SBB</ServiceID></Service></Pre>,<Post><Last>Y</Last></Post>,,SCA25,0,N,,10,,"<CarOver24Hrs>N</CarOver24Hrs><PrefCommMethod></PrefCommMethod><Destination>GLA,NAI,EDI,KER,DUB,LIM</Destination><FlexPKGProfile>N</FlexPKGProfile>",Y,1900-01-01,doig_l,2024-07-15 00:00:00.000,doig_l,2025-05-08 19:42:51.950,2025-05-09 04:35:46.410,9999-12-31 00:00:00.000,2025-05-09 04:35:46.410,1
12422,612258,"2025 Scottish Isles & Glens - 12 Days/11 Nights - The Travel Agency Next Door - August 11, 2025",Expired,"2025 Scottish Isles & Glens - 12 Days/11 Nights - The Travel Agency Next Door - August 11, 2025",2025-08-11,2025-08-11,2010-01-01,2025-12-31,SCH-GB-SIA,C,12,Y,N,AA/AAA,Y,N,,<Main><AirOffset>1</AirOffset><FromCity>NYC</FromCity><ToCity>EDI</ToCity><ReturnFromCity>EDI</ReturnFromCity><ReturnToCity>NYC</ReturnToCity><AirReturnOffset></AirReturnOffset></Main><AIWhoStamp>Biggins_Tr</AIWhoStamp><AIDateStamp>2022-09-06 11:50:21.000</AIDateStamp>,,,<Pre><Service><ProductCode>UKPRENIGHTS</ProductCode><SupplierID>GB-GLA-NOV</SupplierID><ServiceID>STD-SBB</ServiceID></Service></Pre>,,,SIA25,0,N,,12,,"<CarOver24Hrs>N</CarOver24Hrs><PrefCommMethod></PrefCommMethod><Destination>RSS,KIO,GLA,EDI,PES,GAI,INV</Destination><FlexPKGProfile>N</FlexPKGProfile>",Y,1900-01-01,doig_l,2024-07-26 00:00:00.000,Lyons_S,2025-01-09 11:50:33.920,2024-07-26 00:00:00.000,9999-12-31 00:00:00.000,2025-04-08 08:40:08.187,1
12423,612313,"2025 Taste of Scotland & Ireland - 11 Days/10 Nights - Global Tours and Travel - June 13, 2025",Expired,"2025 Taste of Scotland & Ireland - 11 Days/10 Nights - Global Tours and Travel - June 13, 2025",2025-06-13,2025-06-13,2010-01-01,2025-12-31,SCH-GB-SCA,C,11,Y,N,AA/AAA,Y,N,,<Main><AirOffset>1</AirOffset><FromCity>NYC</FromCity><ToCity>EDI</ToCity><ReturnFromCity>DUB</ReturnFromCity><ReturnToCity>NYC</ReturnToCity><AirReturnOffset></AirReturnOffset></Main><AIWhoStamp>Biggins_Tr</AIWhoStamp><AIDateStamp>2022-09-06 17:09:55.000</AIDateStamp>,,,<Pre><Service><ProductCode>UKPRENIGHTS</ProductCode><SupplierID>GB-GLA-GTH</SupplierID><ServiceID>STD-SBB</ServiceID></Service></Pre>,<Post><Last>Y</Last></Post>,,SCA25,0,N,,10,,"<CarOver24Hrs>N</CarOver24Hrs><PrefCommMethod></PrefCommMethod><Destination>GLA,NAI,EDI,KER,DUB,LIM</Destination><FlexPKGProfile>N</FlexPKGProfile>",Y,1900-01-01,doig_l,2024-07-29 00:00:00.000,Lyons_S,2025-01-09 11:49:15.903,2024-07-29 00:00:00.000,2025-07-25 04:41:47.517,2025-04-08 08:40:08.187,0
12424,612339,AAA CLUB ALLIANCE,Active,AAA CLUB ALLIANCE,2025-08-16,2025-08-16,2024-07-29,2025-02-21,GRP-IE-ND-WH,C,10,Y,N,AA,Y,Y,,<Main><AirOffset>1</AirOffset><FromCity>MCI</FromCity><ToCity>DUB</ToCity><ReturnFromCity>DUB</ReturnFromCity><ReturnToCity>MCI</ReturnToCity><AirReturnOffset></AirReturnOffset><IncludeContracts>Y</IncludeContracts><IncludeBlkContracts>Y</IncludeBlkContracts><BlockOnly>Y</BlockOnly><Market>612339</Market></Main><AIWhoStamp>Schindler_A</AIWhoStamp><AIDateStamp>2025-01-29 09:07:16.000</AIDateStamp>,"MCI,",,,,,IE-612339,0,Y,"L:5|7AA-0AA/0A,7.5|9.5AA-0AA/0A,10|12AA-1AA/0A,24X;A:5|7AA-0AA/0A,7.5|9.5AA-0AA/0A,10|12AA-0AA/0A,24X",15,,<CarOver24Hrs>N</CarOver24Hrs><FlexPKGProfile>N</FlexPKGProfile>,Y,1900-01-01,Hager_W,2024-07-29 00:00:00.000,Smith_K,2025-03-24 16:48:43.367,2024-07-29 00:00:00.000,2025-04-28 18:59:10.807,2025-04-08 08:40:08.187,0
15656,612339,AAA CLUB ALLIANCE,Active,AAA CLUB ALLIANCE,2025-08-16,2025-08-16,2024-07-29,2025-02-21,GRP-IE-ND-WH,C,10,Y,N,AA,Y,Y,,<Main><AirOffset>1</AirOffset><FromCity>MCI</FromCity><ToCity>DUB</ToCity><ReturnFromCity>DUB</ReturnFromCity><ReturnToCity>MCI</ReturnToCity><AirReturnOffset></AirReturnOffset><IncludeContracts>Y</IncludeContracts><IncludeBlkContracts>Y</IncludeBlkContracts><BlockOnly>Y</BlockOnly><Market>612339</Market></Main><AIWhoStamp>Schindler_A</AIWhoStamp><AIDateStamp>2025-01-29 09:07:16.000</AIDateStamp>,"MCI,",,,,,IE-612339,0,Y,"L:5|7AA-0AA/0A,7.5|9.5AA-0AA/0A,10|12AA-1AA/0A,24X;A:5|7AA-0AA/0A,7.5|9.5AA-0AA/0A,10|12AA-0AA/0A,24X",15,,<CarOver24Hrs>N</CarOver24Hrs><FlexPKGProfile>N</FlexPKGProfile>,Y,1900-01-01,Hager_W,2024-07-29 00:00:00.000,Larkin_B,2025-04-22 15:15:21.480,2025-04-28 19:00:19.260,2025-06-19 06:19:11.827,2025-04-28 19:00:19.260,0
12425,612343,McCullagh Group,Expired,McCullagh Group,2025-04-11,2025-04-11,2024-07-29,2025-04-11,GRP-GBIE-BOS-KS,C,11,Y,N,AA,Y,N,,,,,,,,GBIE-612343,0,Y,"L:5|7AA-0AA/0A,7.5|9.5AA-0AA/0A,10|12AA-1AA/0A,12.5|14.5AA-1AA/0A,15|17AA-2AA/0A,17.5|19.5AA-2AA/0A,20|22AA-2AA/0A,22.5|24AA-2AA/0A,48X;A:5|7AA-0AA/0A,7.5|9.5AA-0AA/0A,10|12AA-0AA/0A,12.5|14.5AA-0AA/0A,15|17AA-0AA/0A,17.5|19.5AA-0AA/0A,20|22AA-0AA/0A,22.5|24AA-0AA/0A,48X",20,,<CarOver24Hrs>N</CarOver24Hrs><FlexPKGProfile>N</FlexPKGProfile>,N,1900-01-01,Smith_K,2024-07-29 00:00:00.000,Caldeira_N,2025-01-28 19:49:16.743,2024-07-29 00:00:00.000,2025-07-25 04:41:47.517,2025-04-08 08:40:08.187,0
15187,612343,McCullagh Group,Expired,McCullagh Group,2025-04-11,2025-04-11,2024-07-29,2025-04-11,GRP-GBIE-BOS-KS,C,11,Y,N,AA,Y,N,,,,,,,,GBIE-612343,0,Y,"L:5|7AA-0AA/0A,7.5|9.5AA-0AA/0A,10|12AA-1AA/0A,12.5|14.5AA-1AA/0A,15|17AA-2AA/0A,17.5|19.5AA-2AA/0A,20|22AA-2AA/0A,22.5|24AA-2AA/0A,48X;A:5|7AA-0AA/0A,7.5|9.5AA-0AA/0A,10|12AA-0AA/0A,12.5|14.5AA-0AA/0A,15|17AA-0AA/0A,17.5|19.5AA-0AA/0A,20|22AA-0AA/0A,22.5|24AA-0AA/0A,48X",0,,<CarOver24Hrs>N</CarOver24Hrs><FlexPKGProfile>N</FlexPKGProfile>,N,1900-01-01,Smith_K,2024-07-29 00:00:00.000,Caldeira_N,2025-01-28 19:49:16.743,2025-04-15 09:44:58.910,9999-12-31 00:00:00.000,2025-04-15 09:44:58.910,1
12426,612348,"2025 Taste of Scotland & Ireland - 10 Days/9 Nights - All Seasons Travel - June 6, 2025",Expired,"2025 Taste of Scotland & Ireland - 10 Days/9 Nights - All Seasons Travel - June 6, 2025",2025-06-06,2025-06-06,2010-01-01,2025-12-31,SCH-GB-SCA,C,10,Y,N,AA/AAA,Y,N,,<Main><AirOffset>1</AirOffset><FromCity>NYC</FromCity><ToCity>EDI</ToCity><ReturnFromCity>SNN</ReturnFromCity><ReturnToCity>NYC</ReturnToCity><AirReturnOffset></AirReturnOffset></Main><AIWhoStamp>Biggins_Tr</AIWhoStamp><AIDateStamp>2022-09-06 17:00:31.000</AIDateStamp>,,,<Pre><Service><ProductCode>UKPRENIGHTS</ProductCode><SupplierID>GB-GLA-GTH</SupplierID><ServiceID>STD-SBB</ServiceID></Service></Pre>,<Post><Last>Y</Last></Post>,,SCA25,0,N,,13,,"<CarOver24Hrs>N</CarOver24Hrs><PrefCommMethod></PrefCommMethod><Destination>GLA,NAI,EDI,KER,DUB,LIM</Destination><FlexPKGProfile>N</FlexPKGProfile>",Y,1900-01-01,Wilson_N,2024-07-29 00:00:00.000,Lyons_S,2025-01-09 11:49:15.967,2024-07-29 00:00:00.000,2025-07-25 04:41:47.517,2025-04-08 08:40:08.187,0
12643,614934,"2025 Taste of Italy with Sorrento- 10 Days/9 Nights- Adventure Travel- October 19, 2025",Active,"2025 Taste of Italy with Sorrento- 10 Days/9 Nights- Adventure Travel- October 19, 2025",2025-10-19,2025-10-19,2010-01-01,2025-12-31,SCH-IT-ITT,C,10,Y,N,AA/AAA,Y,N,,<Main><AirOffset>1</AirOffset><FromCity>NYC</FromCity><ToCity>VCE</ToCity><ReturnFromCity>NAP</ReturnFromCity><ReturnToCity>NYC</ReturnToCity><AirReturnOffset></AirReturnOffset></Main><AIWhoStamp>McInerney_M</AIWhoStamp><AIDateStamp>2019-06-21 09:20:08.000</AIDateStamp>,,,<Pre><First>Y</First></Pre>,<Post><Last>Y</Last></Post>,,ITT25,0,N,,10,,"<CarOver24Hrs>N</CarOver24Hrs><PrefCommMethod></PrefCommMethod><Destination>ROM,RRO,VCE,FLR</Destination><FlexPKGProfile>N</FlexPKGProfile>",Y,1900-01-01,doig_l,2024-09-03 00:00:00.000,edwards_ki,2025-03-26 11:36:05.563,2024-09-03 00:00:00.000,2025-07-25 04:41:47.517,2025-04-08 08:40:08.187,0
12644,614941,Thomas Travel - Center University Football Parents,Expired,Thomas Travel - Center University Football Parents,2025-05-24,2025-05-24,2024-09-03,2025-05-24,GRP-GB-BOS-KS,C,11,Y,N,N,Y,N,,,,,,,,GB-614941,0,Y,"L:5|7AA-0AA/0A,7.5|9.5AA-0AA/0A,10|12AA-1AA/0A,12.5|14.5AA-1AA/0A,15|17AA-2AA/0A,17.5|19.5AA-2AA/0A,20|22AA-2AA/0A,22.5|24AA-2AA/0A,48X;A:5|7AA-0AA/0A,7.5|9.5AA-0AA/0A,10|12AA-0AA/0A,12.5|14.5AA-0AA/0A,15|17AA-0AA/0A,17.5|19.5AA-0AA/0A,20|22AA-0AA/0A,22.5|24AA-0AA/0A,48X",20,,<CarOver24Hrs>N</CarOver24Hrs><FlexPKGProfile>N</FlexPKGProfile>,N,1900-01-01,Smith_K,2024-09-03 00:00:00.000,Caldeira_N,2025-01-28 19:46:24.630,2024-09-03 00:00:00.000,2025-07-25 04:41:47.517,2025-04-08 08:40:08.187,0
17345,614941,Thomas Travel - Center University Football Parents,Expired,Thomas Travel - Center University Football Parents,2025-05-24,2025-05-24,2024-09-03,2025-05-24,GRP-GB-BOS-KS,C,11,Y,N,N,Y,N,,,,,,,,GB-614941,0,Y,"L:5|7AA-0AA/0A,7.5|9.5AA-0AA/0A,10|12AA-1AA/0A,12.5|14.5AA-1AA/0A,15|17AA-2AA/0A,17.5|19.5AA-2AA/0A,20|22AA-2AA/0A,22.5|24AA-2AA/0A,48X;A:5|7AA-0AA/0A,7.5|9.5AA-0AA/0A,10|12AA-0AA/0A,12.5|14.5AA-0AA/0A,15|17AA-0AA/0A,17.5|19.5AA-0AA/0A,20|22AA-0AA/0A,22.5|24AA-0AA/0A,48X",0,,<CarOver24Hrs>N</CarOver24Hrs><FlexPKGProfile>N</FlexPKGProfile>,N,1900-01-01,Smith_K,2024-09-03 00:00:00.000,Caldeira_N,2025-01-28 19:46:24.630,2025-05-24 06:26:39.947,9999-12-31 00:00:00.000,2025-05-24 06:26:39.947,1
12645,614953,"CXLD - 2025 Scottish Dream - 9 Days/8 Nights - The McCloskey Group - June 22, 2025",Closed,"CXLD - 2025 Scottish Dream - 9 Days/8 Nights - The McCloskey Group - June 22, 2025",2025-06-22,2025-06-22,2010-01-01,2025-12-31,SCH-GB-DRA,C,9,Y,N,AA/AAA,Y,N,,<Main><AirOffset>1</AirOffset><FromCity>NYC</FromCity><ToCity>EDI</ToCity><ReturnFromCity>EDI</ReturnFromCity><ReturnToCity>NYC</ReturnToCity><AirReturnOffset></AirReturnOffset></Main><AIWhoStamp>Biggins_Tr</AIWhoStamp><AIDateStamp>2022-09-06 16:38:11.000</AIDateStamp>,,,<Pre><First>Y</First></Pre>,<Post><Last>Y</Last></Post>,,,0,N,,0,,"<CarOver24Hrs>N</CarOver24Hrs><FlexPKGProfile>N</FlexPKGProfile><PrefCommMethod></PrefCommMethod><Destination>EDI,NAI,PES,ARY,GLA,INV</Destination>",Y,1900-01-01,Wilson_N,2024-09-03 00:00:00.000,Davies_Ja,2024-09-13 17:24:01.683,2024-09-03 00:00:00.000,9999-12-31 00:00:00.000,2025-04-08 08:40:08.187,1
12646,614956,"CXLD - 2025 Irish Adventure - 8 Days/7 Nights - Traveland - Mary Jane's Group - May 16, 2025",Closed,"CXLD - 2025 Irish Adventure - 8 Days/7 Nights - Traveland - Mary Jane's Group - May 16, 2025",2025-05-16,2025-05-16,2010-01-01,2025-12-31,SCH-IE-ADA,C,8,Y,N,AA/AAA,Y,N,,<Main><AirOffset>1</AirOffset><FromCity>NYC</FromCity><ToCity>DUB</ToCity><ReturnFromCity>DUB</ReturnFromCity><ReturnToCity>NYC</ReturnToCity></Main>,,,<Pre><First>Y</First></Pre>,,,,0,N,,0,,"<CarOver24Hrs>N</CarOver24Hrs><PrefCommMethod></PrefCommMethod><Destination>DUB,WAT,GAL,DER,KER</Destination><FlexPKGProfile>N</FlexPKGProfile>",Y,1900-01-01,doig_l,2024-09-03 00:00:00.000,Davies_Ja,2025-01-27 16:28:01.283,2024-09-03 00:00:00.000,9999-12-31 00:00:00.000,2025-04-08 08:40:08.187,1
12647,614959,"2025 Irish Classic - 12 Days/11 Nights - Lifes a Trip Travel - May 24, 2025",Expired,"2025 Irish Classic - 12 Days/11 Nights - Lifes a Trip Travel - May 24, 2025",2025-05-24,2025-05-24,2010-01-01,2025-12-31,SCH-IE-CLA,C,12,Y,N,AA/AAA,Y,N,,<Main><AirOffset>1</AirOffset><FromCity>NYC</FromCity><ToCity>DUB</ToCity><ReturnFromCity>DUB</ReturnFromCity><ReturnToCity>NYC</ReturnToCity></Main>,,,<Pre><First>Y</First></Pre>,,,CLA25,0,N,,15,,"<CarOver24Hrs>N</CarOver24Hrs><PrefCommMethod></PrefCommMethod><Destination>ANT,KER,WAT,DER,DUB,MAY,LIM</Destination><FlexPKGProfile>N</FlexPKGProfile>",Y,1900-01-01,Markle_M,2024-09-03 00:00:00.000,Caldeira_N,2025-01-10 19:07:01.920,2024-09-03 00:00:00.000,2025-07-25 04:41:47.517,2025-04-08 08:40:08.187,0
17346,614959,"2025 Irish Classic - 12 Days/11 Nights - Lifes a Trip Travel - May 24, 2025",Expired,"2025 Irish Classic - 12 Days/11 Nights - Lifes a Trip Travel - May 24, 2025",2025-05-24,2025-05-24,2010-01-01,2025-12-31,SCH-IE-CLA,C,12,Y,N,AA/AAA,Y,N,,<Main><AirOffset>1</AirOffset><FromCity>NYC</FromCity><ToCity>DUB</ToCity><ReturnFromCity>DUB</ReturnFromCity><ReturnToCity>NYC</ReturnToCity></Main>,,,<Pre><First>Y</First></Pre>,,,CLA25,0,N,,0,,"<CarOver24Hrs>N</CarOver24Hrs><PrefCommMethod></PrefCommMethod><Destination>ANT,KER,WAT,DER,DUB,MAY,LIM</Destination><FlexPKGProfile>N</FlexPKGProfile>",Y,1900-01-01,Markle_M,2024-09-03 00:00:00.000,Caldeira_N,2025-01-10 19:07:01.920,2025-05-24 06:26:39.947,9999-12-31 00:00:00.000,2025-05-24 06:26:39.947,1
12648,614961,"CXLD - 2025 Irish Legends - 9 Days/8 Nights - Worldvia - Travel Quest - August 22, 2025",Closed,"CXLD - 2025 Irish Legends - 9 Days/8 Nights - Worldvia - Travel Quest - August 22, 2025",2025-08-22,2025-08-22,2010-01-01,2025-12-31,SCH-IE-LEA,C,9,Y,N,AA/AAA,Y,N,,<Main><AirOffset>1</AirOffset><FromCity>NYC</FromCity><ToCity>DUB</ToCity><ReturnFromCity>DUB</ReturnFromCity><ReturnToCity>NYC</ReturnToCity></Main>,,,<Pre><Service><ProductCode>IEPRENIGHTS</ProductCode><SupplierID>IE-MEA-DCA</SupplierID><ServiceID>STD-SBB</ServiceID></Service></Pre>,,,,0,N,,0,,"<CarOver24Hrs>N</CarOver24Hrs><PrefCommMethod></PrefCommMethod><Destination>KER,GAL,KIK,MEA,DUB</Destination><FlexPKGProfile>N</FlexPKGProfile>",Y,1900-01-01,Wilson_N,2024-09-03 00:00:00.000,Davies_Ja,2024-09-18 19:55:04.753,2024-09-03 00:00:00.000,9999-12-31 00:00:00.000,2025-04-08 08:40:08.187,1
12773,616376,"2025 Taste of Ireland (Tour C)- 5 Days/4 Nights- Drew's Trips- February 24, 2025",Active,"2025 Taste of Ireland (Tour C)- 5 Days/4 Nights- Drew's Trips- February 24, 2025",2025-02-24,2025-02-24,2010-01-01,2025-12-31,SCH-IE-TAA,C,5,Y,N,AA/AAA,Y,N,,,,,,,,TAA25,-1,N,,14,,"<CarOver24Hrs>N</CarOver24Hrs><PrefCommMethod></PrefCommMethod><Destination>LIM,KER,DUB</Destination><FlexPKGProfile>N</FlexPKGProfile>",Y,1900-01-01,doig_l,2024-09-24 00:00:00.000,Larkin_B,2025-01-17 15:21:52.937,2024-09-24 00:00:00.000,9999-12-31 00:00:00.000,2025-04-08 08:40:08.187,1
12774,616386,WORLDVIA TRAVEL QUEST,Internal,WORLDVIA TRAVEL QUEST,2025-10-27,2025-10-27,2024-09-24,2025-08-13,GRP-IE-WH,C,9,Y,N,AA,Y,N,,,,,,,,IE-616386,0,Y,"L:5|7AA-0AA/0A,7.5|9.5AA-0AA/0A,10|12AA-1AA/0A,12.5|14.5AA-1AA/0A,15|17AA-2AA/0A,34X;A:5|7AA-0AA/0A,7.5|9.5AA-0AA/0A,10|12AA-0AA/0A,12.5|14.5AA-0AA/0A,15|17AA-0AA/0A,34X",20,,<CarOver24Hrs>N</CarOver24Hrs><FlexPKGProfile>N</FlexPKGProfile>,Y,1900-01-01,Hager_W,2024-09-24 00:00:00.000,Greene_Dh,2025-03-21 13:22:53.880,2024-09-24 00:00:00.000,2025-07-25 04:41:47.517,2025-04-08 08:40:08.187,0
15683,616386,WORLDVIA TRAVEL QUEST,Active,WORLDVIA TRAVEL QUEST,2025-10-27,2025-10-27,2024-09-24,2025-08-13,GRP-IE-WH,C,9,Y,N,AA,Y,N,,,,,,,,IE-616386,0,Y,"L:5|7AA-0AA/0A,7.5|9.5AA-0AA/0A,10|12AA-1AA/0A,12.5|14.5AA-1AA/0A,15|17AA-2AA/0A,34X;A:5|7AA-0AA/0A,7.5|9.5AA-0AA/0A,10|12AA-0AA/0A,12.5|14.5AA-0AA/0A,15|17AA-0AA/0A,34X",20,,<CarOver24Hrs>N</CarOver24Hrs><FlexPKGProfile>N</FlexPKGProfile>,Y,1900-01-01,Hager_W,2024-09-24 00:00:00.000,Mahoney_he,2025-04-22 21:02:05.063,2025-04-28 19:00:19.260,2025-07-25 04:41:47.517,2025-04-28 19:00:19.260,0
12775,616408,STEPHEN FITZPATRICK,Expired,STEPHEN FITZPATRICK,2025-07-19,2025-07-19,2024-09-24,2025-07-19,GRP-IE-WH,C,10,Y,N,AA,Y,N,,,,,,,,IE-616408,0,Y,"L:5|7AA-0AA/0A,7.5|9.5AA-0AA/0A,10|12AA-1AA/0A,12.5|14.5AA-1AA/0A,15|17AA-2AA/0A,17.5|19.5AA-2AA/0A,20|22AA-2AA/0A,22.5|24AA-2AA/0A,48X;A:5|7AA-0AA/0A,7.5|9.5AA-0AA/0A,10|12AA-0AA/0A,12.5|14.5AA-0AA/0A,15|17AA-0AA/0A,17.5|19.5AA-0AA/0A,20|22AA-0AA/0A,22.5|24AA-0AA/0A,48X",20,,<CarOver24Hrs>N</CarOver24Hrs><FlexPKGProfile>N</FlexPKGProfile>,N,1900-01-01,Hager_W,2024-09-24 00:00:00.000,Caldeira_N,2025-01-28 19:38:15.323,2024-09-24 00:00:00.000,2025-07-25 04:41:47.517,2025-04-08 08:40:08.187,0
12776,616442,"2026 Scottish & Irish Dream- 13 Days/12 Nights- Evelyn's Scottish & Irish Dream- August 5, 2026",Active,"2026 Scottish & Irish Dream- 13 Days/12 Nights- Evelyn's Scottish & Irish Dream- August 5, 2026",2026-08-05,2026-08-05,2010-01-01,2026-08-05,SCH-GB-DRA,C,13,Y,N,AA/AAA,Y,N,,<Main><AirOffset>1</AirOffset><FromCity>NYC</FromCity><ToCity>EDI</ToCity><ReturnFromCity>SNN</ReturnFromCity><ReturnToCity>NYC</ReturnToCity><AirReturnOffset></AirReturnOffset></Main><AIWhoStamp>Biggins_Tr</AIWhoStamp><AIDateStamp>2022-09-06 16:55:06.000</AIDateStamp>,,,,,,DRA26/TAA26,0/7,N,,44,,"<CarOver24Hrs>N</CarOver24Hrs><PrefCommMethod></PrefCommMethod><Destination>EDI,NAI,PES,DUB,KER,LIM,ARY,GLA,INV</Destination><FlexPKGProfile>N</FlexPKGProfile>",Y,1900-01-01,doig_l,2024-09-25 00:00:00.000,Douglas_P,2025-04-04 12:20:23.370,2024-09-25 00:00:00.000,2025-07-25 04:41:47.517,2025-04-08 08:40:08.187,0
16963,616442,"2026 Scottish & Irish Dream- 13 Days/12 Nights- Evelyn's Scottish & Irish Dream- August 5, 2026",Active,"2026 Scottish & Irish Dream- 13 Days/12 Nights- Evelyn's Scottish & Irish Dream- August 5, 2026",2026-08-05,2026-08-05,2010-01-01,2026-08-05,SCH-GB-DRA,C,13,Y,N,AA/AAA,Y,N,,<Main><AirOffset>1</AirOffset><FromCity>NYC</FromCity><ToCity>EDI</ToCity><ReturnFromCity>SNN</ReturnFromCity><ReturnToCity>NYC</ReturnToCity><AirReturnOffset></AirReturnOffset></Main><AIWhoStamp>Biggins_Tr</AIWhoStamp><AIDateStamp>2022-09-06 16:55:06.000</AIDateStamp>,,,,,,DRA26/TAA26,0/7,N,,44,,"<CarOver24Hrs>N</CarOver24Hrs><PrefCommMethod></PrefCommMethod><Destination>EDI,NAI,PES,DUB,KER,LIM,ARY,GLA,INV</Destination><FlexPKGProfile>N</FlexPKGProfile>",Y,1900-01-01,doig_l,2024-09-25 00:00:00.000,Stynes_A,2025-05-20 14:24:11.693,2025-05-21 06:42:32.540,2025-07-25 04:41:47.517,2025-05-21 06:42:32.540,0
17160,616442,"2026 Scottish & Irish Dream- 13 Days/12 Nights- Evelyn's Scottish & Irish Dream- August 5, 2026",Active,"2026 Scottish & Irish Dream- 13 Days/12 Nights- Evelyn's Scottish & Irish Dream- August 5, 2026",2026-08-05,2026-08-05,2010-01-01,2026-08-05,SCH-GB-DRA,C,13,Y,N,AA/AAA,Y,N,,<Main><AirOffset>1</AirOffset><FromCity>NYC</FromCity><ToCity>EDI</ToCity><ReturnFromCity>SNN</ReturnFromCity><ReturnToCity>NYC</ReturnToCity><AirReturnOffset></AirReturnOffset></Main><AIWhoStamp>Biggins_Tr</AIWhoStamp><AIDateStamp>2022-09-06 16:55:06.000</AIDateStamp>,,,,,,DRA26/TAA26,0/7,N,,44,,"<CarOver24Hrs>N</CarOver24Hrs><PrefCommMethod></PrefCommMethod><Destination>EDI,NAI,PES,DUB,KER,LIM,ARY,GLA,INV</Destination><FlexPKGProfile>N</FlexPKGProfile>",Y,1900-01-01,doig_l,2024-09-25 00:00:00.000,Lyons_S,2025-05-22 13:21:25.553,2025-05-23 06:31:23.863,2025-07-25 04:41:47.517,2025-05-23 06:31:23.863,0
17863,616442,"2026 Scottish & Irish Dream- 13 Days/12 Nights- Evelyn's Scottish & Irish Dream- August 5, 2026",Active,"2026 Scottish & Irish Dream- 13 Days/12 Nights- Evelyn's Scottish & Irish Dream- August 5, 2026",2026-08-05,2026-08-05,2010-01-01,2026-08-05,SCH-GB-DRA,C,13,Y,N,AA/AAA,Y,N,,<Main><AirOffset>1</AirOffset><FromCity>NYC</FromCity><ToCity>EDI</ToCity><ReturnFromCity>SNN</ReturnFromCity><ReturnToCity>NYC</ReturnToCity><AirReturnOffset></AirReturnOffset></Main><AIWhoStamp>Biggins_Tr</AIWhoStamp><AIDateStamp>2022-09-06 16:55:06.000</AIDateStamp>,,,,,,DRA26/TAA26,0/7,N,,44,,"<CarOver24Hrs>N</CarOver24Hrs><PrefCommMethod></PrefCommMethod><Destination>EDI,NAI,PES,DUB,KER,LIM,ARY,GLA,INV</Destination><FlexPKGProfile>N</FlexPKGProfile>",Y,1900-01-01,doig_l,2024-09-25 00:00:00.000,Tancred_E,2025-05-30 09:02:34.183,2025-05-31 06:47:11.173,2025-07-25 04:41:47.517,2025-05-31 06:47:11.173,0
13116,619905,"2025 Taste of Scotland & Ireland - 11 Days/10 Nights - Argosy Travel - September 30, 2025",Expired,"2025 Taste of Scotland & Ireland - 11 Days/10 Nights - Argosy Travel - September 30, 2025",2025-09-30,2025-09-30,2010-01-01,2025-12-31,SCH-GB-SCA,C,11,Y,N,AA/AAA,Y,N,,<Main><AirOffset>1</AirOffset><FromCity>NYC</FromCity><ToCity>EDI</ToCity><ReturnFromCity>DUB</ReturnFromCity><ReturnToCity>NYC</ReturnToCity><AirReturnOffset></AirReturnOffset></Main><AIWhoStamp>Biggins_Tr</AIWhoStamp><AIDateStamp>2022-09-06 17:09:55.000</AIDateStamp>,,,<Pre><Service><ProductCode>UKPRENIGHTS</ProductCode><SupplierID>GB-GLA-GTH</SupplierID><ServiceID>STD-SBB</ServiceID></Service></Pre>,<Post><Last>Y</Last></Post>,,SCA25,0,N,,18,,"<CarOver24Hrs>N</CarOver24Hrs><PrefCommMethod></PrefCommMethod><Destination>GLA,NAI,EDI,KER,DUB,LIM</Destination><FlexPKGProfile>N</FlexPKGProfile>",Y,1900-01-01,doig_l,2024-11-15 00:00:00.000,Caldeira_N,2025-03-05 16:26:27.583,2024-11-15 00:00:00.000,9999-12-31 00:00:00.000,2025-04-08 08:40:08.187,1
13117,619911,AAA CLUB ALLIANCE,Internal,AAA CLUB ALLIANCE,2026-10-25,2026-10-25,2024-11-15,2026-08-11,GRP-IE-WH,C,12,Y,N,AA,Y,N,,,,,,,,IE-619911,0,Y,"L:10|12AA-1AA/0A,12.5|14.5AA-1AA/0A,15|17AA-2AA/0A,17.5|19.5AA-2AA/0A,20|22AA-2AA/0A,22.5|24AA-2AA/0A,48X;A:10|12AA-0AA/0A,12.5|14.5AA-0AA/0A,15|17AA-0AA/0A,17.5|19.5AA-0AA/0A,20|22AA-0AA/0A,22.5|24AA-0AA/0A,48X",20,,<CarOver24Hrs>N</CarOver24Hrs><FlexPKGProfile>N</FlexPKGProfile>,Y,1900-01-01,Hager_W,2024-11-15 00:00:00.000,Smith_K,2025-03-24 16:58:48.650,2024-11-15 00:00:00.000,2025-07-25 04:41:47.517,2025-04-08 08:40:08.187,0
15707,619911,AAA CLUB ALLIANCE,Active,AAA CLUB ALLIANCE,2026-10-25,2026-10-25,2024-11-15,2026-08-11,GRP-IE-WH,C,12,Y,N,AA,Y,N,,,,,,,,IE-619911,0,Y,"L:10|12AA-1AA/0A,12.5|14.5AA-1AA/0A,15|17AA-2AA/0A,17.5|19.5AA-2AA/0A,20|22AA-2AA/0A,22.5|24AA-2AA/0A,48X;A:10|12AA-0AA/0A,12.5|14.5AA-0AA/0A,15|17AA-0AA/0A,17.5|19.5AA-0AA/0A,20|22AA-0AA/0A,22.5|24AA-0AA/0A,48X",20,,<CarOver24Hrs>N</CarOver24Hrs><FlexPKGProfile>N</FlexPKGProfile>,Y,1900-01-01,GriffithsJ,2024-11-15 00:00:00.000,Hager_W,2025-04-17 13:57:14.833,2025-04-28 19:00:19.260,2025-05-14 06:42:39.163,2025-04-28 19:00:19.260,0
15965,619911,AAA CLUB ALLIANCE,Active,AAA CLUB ALLIANCE,2026-10-25,2026-10-25,2024-11-15,2026-08-11,GRP-IE-WH,C,12,Y,N,AA,Y,N,,,,,,,,IE-619911,0,Y,"L:10|12AA-1AA/0A,12.5|14.5AA-1AA/0A,15|17AA-2AA/0A,17.5|19.5AA-2AA/0A,20|22AA-2AA/0A,22.5|24AA-2AA/0A,48X;A:10|12AA-0AA/0A,12.5|14.5AA-0AA/0A,15|17AA-0AA/0A,17.5|19.5AA-0AA/0A,20|22AA-0AA/0A,22.5|24AA-0AA/0A,48X",20,,<CarOver24Hrs>N</CarOver24Hrs><FlexPKGProfile>N</FlexPKGProfile>,Y,1900-01-01,Hager_W,2024-11-15 00:00:00.000,Smith_K,2025-04-28 16:19:47.860,2025-04-29 09:01:37.820,2025-05-14 06:42:39.163,2025-04-29 09:01:37.820,0
16643,619911,AAA CLUB ALLIANCE,Active,AAA CLUB ALLIANCE,2026-10-25,2026-10-25,2024-11-15,2026-08-11,GRP-IE-WH,C,12,Y,N,AA,Y,N,,,,,,,,IE-619911,0,Y,"L:10|12AA-1AA/0A,12.5|14.5AA-1AA/0A,15|17AA-2AA/0A,17.5|19.5AA-2AA/0A,20|22AA-2AA/0A,22.5|24AA-2AA/0A,48X;A:10|12AA-0AA/0A,12.5|14.5AA-0AA/0A,15|17AA-0AA/0A,17.5|19.5AA-0AA/0A,20|22AA-0AA/0A,22.5|24AA-0AA/0A,48X",20,,<CarOver24Hrs>N</CarOver24Hrs><FlexPKGProfile>N</FlexPKGProfile>,Y,1900-01-01,Hager_W,2024-11-15 00:00:00.000,Hager_W,2025-05-13 15:27:25.593,2025-05-14 06:43:12.710,2026-02-05 06:51:54.910,2025-05-14 06:43:12.710,0
13118,620023,"2025 Taste of Italy - 7 Days/6 Nights - All About Travel - October 26, 2025",Active,"2025 Taste of Italy - 7 Days/6 Nights - All About Travel - October 26, 2025",2025-10-26,2025-10-26,2010-01-01,2025-12-31,SCH-IT-ITT,C,7,Y,N,AA/AAA,Y,N,,,,,<Pre><First>Y</First></Pre>,<Post><Last>Y</Last></Post>,,ITT25,0,N,,20,,"<CarOver24Hrs>N</CarOver24Hrs><PrefCommMethod></PrefCommMethod><Destination>ROM,VCE,FLR</Destination><FlexPKGProfile>N</FlexPKGProfile>",Y,1900-01-01,Markle_M,2024-11-18 00:00:00.000,edwards_ki,2025-03-26 11:36:05.610,2024-11-18 00:00:00.000,2025-07-25 04:41:47.517,2025-04-08 08:40:08.187,0
13119,620041,"2025  Irish Gold - 8 Days/7 Nights - Landmark Tours - October 17, 2025",Expired,"2025  Irish Gold - 8 Days/7 Nights - Landmark Tours - October 17, 2025",2025-10-17,2025-10-17,2010-01-01,2025-12-31,SCH-IE-GOA,C,8,Y,N,AA/AAA,Y,N,,<Main><AirOffset>1</AirOffset><FromCity>NYC</FromCity><ToCity>DUB</ToCity><ReturnFromCity>DUB</ReturnFromCity><ReturnToCity>NYC</ReturnToCity></Main>,,,<Pre><First>Y</First></Pre>,,,GOA25,0,N,,44,,"<CarOver24Hrs>N</CarOver24Hrs><PrefCommMethod></PrefCommMethod><Destination>WAT,GAL,DUB,KER</Destination><FlexPKGProfile>N</FlexPKGProfile>",Y,1900-01-01,doig_l,2024-11-18 00:00:00.000,Caldeira_N,2025-03-05 16:27:18.503,2024-11-18 00:00:00.000,9999-12-31 00:00:00.000,2025-04-08 08:40:08.187,1
15248,622431,"2026 Taste of Scotland & Ireland- 11 Days/10 Nights- SeetheWorld365 Travel-CIE Group 2026- April 17, 2026",Active,"2026 Taste of Scotland & Ireland- 11 Days/10 Nights- SeetheWorld365 Travel-CIE Group 2026- April 17, 2026",2026-04-17,2026-04-17,2010-01-01,2026-04-17,SCH-GB-SCA,C,11,Y,N,AA/AAA,Y,N,,<Main><AirOffset>1</AirOffset><FromCity>NYC</FromCity><ToCity>EDI</ToCity><ReturnFromCity>DUB</ReturnFromCity><ReturnToCity>NYC</ReturnToCity><AirReturnOffset></AirReturnOffset></Main><AIWhoStamp>Biggins_Tr</AIWhoStamp><AIDateStamp>2022-09-06 17:09:55.000</AIDateStamp>,,,<Pre><Service><ProductCode>UKPRENIGHTS</ProductCode><SupplierID>GB-GLA-GTH</SupplierID><ServiceID>STD-SBB</ServiceID></Service></Pre>,<Post><Last>Y</Last></Post>,,SCA26,0,N,,16,,"<CarOver24Hrs>N</CarOver24Hrs><PrefCommMethod></PrefCommMethod><Destination>GLA,NAI,EDI,KER,DUB,LIM</Destination><FlexPKGProfile>N</FlexPKGProfile>",Y,1900-01-01,doig_l,2024-12-19 00:00:00.000,Lyons_S,2025-04-11 15:30:44.593,2025-04-15 09:44:58.910,2025-05-03 04:35:04.443,2025-04-15 09:44:58.910,0
16148,622431,"2026 Taste of Scotland & Ireland- 11 Days/10 Nights- SeetheWorld365 Travel-CIE Group 2026- April 17, 2026",Active,"2026 Taste of Scotland & Ireland- 11 Days/10 Nights- SeetheWorld365 Travel-CIE Group 2026- April 17, 2026",2026-04-17,2026-04-17,2010-01-01,2026-04-17,SCH-GB-SCA,C,11,Y,N,AA/AAA,Y,N,,<Main><AirOffset>1</AirOffset><FromCity>NYC</FromCity><ToCity>EDI</ToCity><ReturnFromCity>DUB</ReturnFromCity><ReturnToCity>NYC</ReturnToCity><AirReturnOffset></AirReturnOffset></Main><AIWhoStamp>Biggins_Tr</AIWhoStamp><AIDateStamp>2022-09-06 17:09:55.000</AIDateStamp>,,,<Pre><Service><ProductCode>UKPRENIGHTS</ProductCode><SupplierID>GB-GLA-GTH</SupplierID><ServiceID>STD-SBB</ServiceID></Service></Pre>,<Post><Last>Y</Last></Post>,,SCA26,0,N,,16,,"<CarOver24Hrs>N</CarOver24Hrs><PrefCommMethod></PrefCommMethod><Destination>GLA,NAI,EDI,KER,DUB,LIM</Destination><FlexPKGProfile>N</FlexPKGProfile>",Y,1900-01-01,doig_l,2024-12-19 00:00:00.000,Stynes_A,2025-05-02 14:25:51.877,2025-05-03 04:35:37.930,2026-01-06 06:56:57.540,2025-05-03 04:35:37.930,0
13252,622432,"2026 Scottish Dream - 9 Days/8 Nights - The Travel Agent Next Door - May 10, 2026",Multi-Pending,"2026 Scottish Dream - 9 Days/8 Nights - The Travel Agent Next Door - May 10, 2026",2026-05-10,2026-05-10,2010-01-01,2026-12-31,SCH-GB-DRA,C,9,Y,N,AA/AAA,Y,N,,<Main><AirOffset>1</AirOffset><FromCity>NYC</FromCity><ToCity>EDI</ToCity><ReturnFromCity>EDI</ReturnFromCity><ReturnToCity>NYC</ReturnToCity><AirReturnOffset></AirReturnOffset></Main><AIWhoStamp>Biggins_Tr</AIWhoStamp><AIDateStamp>2022-09-06 16:38:11.000</AIDateStamp>,,,<Pre><First>Y</First></Pre>,<Post><Last>Y</Last></Post>,,DRA26,0,N,,15,,"<CarOver24Hrs>N</CarOver24Hrs><FlexPKGProfile>N</FlexPKGProfile><PrefCommMethod></PrefCommMethod><Destination>EDI,NAI,PES,ARY,GLA,INV</Destination>",Y,1900-01-01,doig_l,2024-12-19 00:00:00.000,Tancred_E,2025-04-04 15:36:02.630,2024-12-19 00:00:00.000,2025-07-25 04:41:47.517,2025-04-08 08:40:08.187,0
15424,622432,"2026 Scottish Dream - 9 Days/8 Nights - The Travel Agent Next Door - May 10, 2026",Multi-Expired,"2026 Scottish Dream - 9 Days/8 Nights - The Travel Agent Next Door - May 10, 2026",2026-05-10,2026-05-10,2010-01-01,2026-12-31,SCH-GB-DRA,C,9,Y,N,AA/AAA,Y,N,,<Main><AirOffset>1</AirOffset><FromCity>NYC</FromCity><ToCity>EDI</ToCity><ReturnFromCity>EDI</ReturnFromCity><ReturnToCity>NYC</ReturnToCity><AirReturnOffset></AirReturnOffset></Main><AIWhoStamp>Biggins_Tr</AIWhoStamp><AIDateStamp>2022-09-06 16:38:11.000</AIDateStamp>,,,<Pre><First>Y</First></Pre>,<Post><Last>Y</Last></Post>,,DRA26,0,N,,15,,"<CarOver24Hrs>N</CarOver24Hrs><FlexPKGProfile>N</FlexPKGProfile><PrefCommMethod></PrefCommMethod><Destination>EDI,NAI,PES,ARY,GLA,INV</Destination>",Y,1900-01-01,doig_l,2024-12-19 00:00:00.000,Davies_Ja,2025-04-15 14:48:27.517,2025-04-16 04:53:38.903,2025-05-30 06:58:13.120,2025-04-16 04:53:38.903,0
13282,622781,"2025 Scottish & Irish Sampler - 7 Days/6 Nights - Fly Lansing Travel - September 21, 2025",Multi-Expired,"2025 Scottish & Irish Sampler - 7 Days/6 Nights - Fly Lansing Travel - September 21, 2025",2025-09-21,2025-09-21,2010-01-01,2025-12-31,SCH-GB-CSA,C,7,Y,N,AA/AAA,Y,N,,<Main><AirOffset>1</AirOffset><FromCity>NYC</FromCity><ToCity>EDI</ToCity><ReturnFromCity>DUB</ReturnFromCity><ReturnToCity>NYC</ReturnToCity><AirReturnOffset></AirReturnOffset></Main><AIWhoStamp>Biggins_Tr</AIWhoStamp><AIDateStamp>2023-02-10 12:02:26.000</AIDateStamp>,,,<Pre><First>Y</First></Pre>,<Post><Last>Y</Last></Post>,,CSA25,0,N,,26,,"<CarOver24Hrs>N</CarOver24Hrs><PrefCommMethod></PrefCommMethod><Destination>DUB,BEL,EDI</Destination><FlexPKGProfile>N</FlexPKGProfile>",Y,1900-01-01,Wilson_N,2024-12-30 00:00:00.000,Wilson_N,2024-12-30 20:45:24.380,2024-12-30 00:00:00.000,2025-05-03 04:35:04.443,2025-04-08 08:40:08.187,0
16151,622781,"2025 Scottish & Irish Sampler - 7 Days/6 Nights - Fly Lansing Travel - September 21, 2025",Multi-Expired,"2025 Scottish & Irish Sampler - 7 Days/6 Nights - Fly Lansing Travel - September 21, 2025",2025-09-21,2025-09-21,2010-01-01,2025-12-31,SCH-GB-CSA,C,7,Y,N,AA/AAA,Y,N,,<Main><AirOffset>1</AirOffset><FromCity>NYC</FromCity><ToCity>EDI</ToCity><ReturnFromCity>DUB</ReturnFromCity><ReturnToCity>NYC</ReturnToCity><AirReturnOffset></AirReturnOffset></Main><AIWhoStamp>Biggins_Tr</AIWhoStamp><AIDateStamp>2023-02-10 12:02:26.000</AIDateStamp>,,,<Pre><First>Y</First></Pre>,<Post><Last>Y</Last></Post>,,CSA25,0,N,,26,,"<CarOver24Hrs>N</CarOver24Hrs><PrefCommMethod></PrefCommMethod><Destination>DUB,BEL,EDI</Destination><FlexPKGProfile>N</FlexPKGProfile>",Y,1900-01-01,Wilson_N,2024-12-30 00:00:00.000,Lyons_S,2025-05-02 10:47:00.520,2025-05-03 04:35:37.930,9999-12-31 00:00:00.000,2025-05-03 04:35:37.930,1
13283,622787,"2025 Taste of Scotland - 5 Days/4 Nights - Fly Lansing Travel - September 26, 2025",Multi-Pending,"2025 Taste of Scotland - 5 Days/4 Nights - Fly Lansing Travel - September 26, 2025",2025-09-26,2025-09-26,2010-01-01,2025-12-31,SCH-GB-SCA,C,5,Y,N,AA/AAA,Y,N,,<Main><AirOffset>1</AirOffset><FromCity>NYC</FromCity><ToCity>EDI</ToCity><ReturnFromCity>EDI</ReturnFromCity><ReturnToCity>NYC</ReturnToCity><AirReturnOffset></AirReturnOffset></Main><AIWhoStamp>Biggins_Tr</AIWhoStamp><AIDateStamp>2022-09-06 17:16:49.000</AIDateStamp>,,,<Pre><Service><ProductCode>UKPRENIGHTS</ProductCode><SupplierID>GB-GLA-GTH</SupplierID><ServiceID>STD-SBB</ServiceID></Service></Pre>,,,SCA25,0,N,,16,,"<CarOver24Hrs>N</CarOver24Hrs><FlexPKGProfile>N</FlexPKGProfile><PrefCommMethod></PrefCommMethod><Destination>GLA,NAI,EDI</Destination>",Y,1900-01-01,Wilson_N,2024-12-30 00:00:00.000,Lyons_S,2025-01-09 11:49:20.740,2024-12-30 00:00:00.000,2025-07-25 04:41:47.517,2025-04-08 08:40:08.187,0
15427,622787,"2025 Taste of Scotland - 5 Days/4 Nights - Fly Lansing Travel - September 26, 2025",Multi-Expired,"2025 Taste of Scotland - 5 Days/4 Nights - Fly Lansing Travel - September 26, 2025",2025-09-26,2025-09-26,2010-01-01,2025-12-31,SCH-GB-SCA,C,5,Y,N,AA/AAA,Y,N,,<Main><AirOffset>1</AirOffset><FromCity>NYC</FromCity><ToCity>EDI</ToCity><ReturnFromCity>EDI</ReturnFromCity><ReturnToCity>NYC</ReturnToCity><AirReturnOffset></AirReturnOffset></Main><AIWhoStamp>Biggins_Tr</AIWhoStamp><AIDateStamp>2022-09-06 17:16:49.000</AIDateStamp>,,,<Pre><Service><ProductCode>UKPRENIGHTS</ProductCode><SupplierID>GB-GLA-GTH</SupplierID><ServiceID>STD-SBB</ServiceID></Service></Pre>,,,SCA25,0,N,,16,,"<CarOver24Hrs>N</CarOver24Hrs><FlexPKGProfile>N</FlexPKGProfile><PrefCommMethod></PrefCommMethod><Destination>GLA,NAI,EDI</Destination>",Y,1900-01-01,Wilson_N,2024-12-30 00:00:00.000,Davies_Ja,2025-04-15 15:38:51.367,2025-04-16 04:53:38.903,9999-12-31 00:00:00.000,2025-04-16 04:53:38.903,1
13284,622809,"CXLD - 2026 Scottish & Irish Dream - 13 Days/12 Nights - Wandering Passport Travel - August 5, 2026",Closed,"CXLD - 2026 Scottish & Irish Dream - 13 Days/12 Nights - Wandering Passport Travel - August 5, 2026",2026-08-05,2026-08-05,2010-01-01,2026-08-05,SCH-GB-DRA,C,13,Y,N,AA/AAA,Y,N,,<Main><AirOffset>1</AirOffset><FromCity>NYC</FromCity><ToCity>EDI</ToCity><ReturnFromCity>SNN</ReturnFromCity><ReturnToCity>NYC</ReturnToCity><AirReturnOffset></AirReturnOffset></Main><AIWhoStamp>Biggins_Tr</AIWhoStamp><AIDateStamp>2022-09-06 16:55:06.000</AIDateStamp>,,,,,,,0/7,N,,0,,"<CarOver24Hrs>N</CarOver24Hrs><PrefCommMethod></PrefCommMethod><Destination>EDI,NAI,PES,DUB,KER,LIM,ARY,GLA,INV</Destination><FlexPKGProfile>N</FlexPKGProfile>",Y,1900-01-01,doig_l,2024-12-31 00:00:00.000,Davies_Ja,2025-02-12 16:51:45.433,2024-12-31 00:00:00.000,9999-12-31 00:00:00.000,2025-04-08 08:40:08.187,1
13285,622823,FTM Travel,Expired,FTM Travel,2025-06-26,2025-06-26,2024-12-31,2025-06-26,GRP-GB-BOS-KS,C,12,Y,N,N,Y,N,,,,,,,,GB-622823,0,Y,"L:5|7AA-0AA/0A,7.5|9.5AA-0AA/0A,10|12AA-1AA/0A,12.5|14.5AA-1AA/0A,15|17AA-2AA/0A,17.5|19.5AA-2AA/0A,20|22AA-2AA/0A,22.5|24AA-2AA/0A,48X;A:5|7AA-0AA/0A,7.5|9.5AA-0AA/0A,10|12AA-0AA/0A,12.5|14.5AA-0AA/0A,15|17AA-0AA/0A,17.5|19.5AA-0AA/0A,20|22AA-0AA/0A,22.5|24AA-0AA/0A,48X",20,,<CarOver24Hrs>N</CarOver24Hrs><FlexPKGProfile>N</FlexPKGProfile>,N,1900-01-01,Smith_K,2024-12-31 00:00:00.000,Smith_K,2025-01-21 16:02:52.900,2024-12-31 00:00:00.000,2025-07-25 04:41:47.517,2025-04-08 08:40:08.187,0
13286,622829,"2025 Taste of Scotland & Ireland - 11 Days/10 Nights - The Ruth Mudd Group - October 21, 2025",Expired,"2025 Taste of Scotland & Ireland - 11 Days/10 Nights - The Ruth Mudd Group - October 21, 2025",2025-10-21,2025-10-21,2010-01-01,2025-12-31,SCH-GB-SCA,C,11,Y,N,AA/AAA,Y,N,,<Main><AirOffset>1</AirOffset><FromCity>NYC</FromCity><ToCity>EDI</ToCity><ReturnFromCity>DUB</ReturnFromCity><ReturnToCity>NYC</ReturnToCity><AirReturnOffset></AirReturnOffset></Main><AIWhoStamp>Biggins_Tr</AIWhoStamp><AIDateStamp>2022-09-06 17:09:55.000</AIDateStamp>,,,<Pre><Service><ProductCode>UKPRENIGHTS</ProductCode><SupplierID>GB-GLA-GTH</SupplierID><ServiceID>STD-SBB</ServiceID></Service></Pre>,<Post><Last>Y</Last></Post>,,SCA25,0,N,,10,,"<CarOver24Hrs>N</CarOver24Hrs><PrefCommMethod></PrefCommMethod><Destination>GLA,NAI,EDI,KER,DUB,LIM</Destination><FlexPKGProfile>N</FlexPKGProfile>",Y,1900-01-01,Wilson_N,2024-12-31 00:00:00.000,Mahnken_J,2025-03-03 19:31:22.047,2024-12-31 00:00:00.000,9999-12-31 00:00:00.000,2025-04-08 08:40:08.187,1
13293,623020,"2025 Irish Odyssey - 12 Days/11 Nights - Travelwize - Oakmont Travel and Adventure Club - September 21, 2025",Active,"2025 Irish Odyssey - 12 Days/11 Nights - Travelwize - Oakmont Travel and Adventure Club - September 21, 2025",2025-09-21,2025-09-21,2010-01-01,2025-12-31,SCH-IE-ODA,C,12,Y,N,AA/AAA,Y,N,,<Main><AirOffset>1</AirOffset><FromCity>SFO</FromCity><ToCity>DUB</ToCity><ReturnFromCity>DUB</ReturnFromCity><ReturnToCity>SFO</ReturnToCity><AirReturnOffset></AirReturnOffset><IncludeContracts>Y</IncludeContracts><IncludeBlkContracts>Y</IncludeBlkContracts><BlockOnly>Y</BlockOnly><Market>623020</Market></Main><AIWhoStamp>Schindler_A</AIWhoStamp><AIDateStamp>2025-01-08 08:45:14.000</AIDateStamp>,"SFO,",,<Pre><First>Y</First></Pre>,<Post><Service><ProductCode>IEPRENIGHTS</ProductCode><SupplierID>IE-CAV-CCA</SupplierID><ServiceID>STD-SBB</ServiceID></Service></Post>,,ODA25,0,N,,10,,"<CarOver24Hrs>N</CarOver24Hrs><PrefCommMethod></PrefCommMethod><Destination>DER,BEL,COR,CAV,KER,GAL,DUB</Destination><FlexPKGProfile>N</FlexPKGProfile>",Y,1900-01-01,Wilson_N,2025-01-03 00:00:00.000,Wilson_N,2025-03-20 12:46:26.627,2025-01-03 00:00:00.000,2025-07-25 04:41:47.517,2025-04-08 08:40:08.187,0
15428,623020,"CXLD - 2025 Irish Odyssey - 12 Days/11 Nights - Travelwize - Oakmont Travel and Adventure Club - September 21, 2025",Closed,"CXLD - 2025 Irish Odyssey - 12 Days/11 Nights - Travelwize - Oakmont Travel and Adventure Club - September 21, 2025",2025-09-21,2025-09-21,2010-01-01,2025-12-31,SCH-IE-ODA,C,12,Y,N,AA/AAA,Y,N,,,,,<Pre><First>Y</First></Pre>,<Post><Service><ProductCode>IEPRENIGHTS</ProductCode><SupplierID>IE-CAV-CCA</SupplierID><ServiceID>STD-SBB</ServiceID></Service></Post>,,,0,N,,0,,"<CarOver24Hrs>N</CarOver24Hrs><PrefCommMethod></PrefCommMethod><Destination>DER,BEL,COR,CAV,KER,GAL,DUB</Destination><FlexPKGProfile>N</FlexPKGProfile>",Y,1900-01-01,Wilson_N,2025-01-03 00:00:00.000,Schindler_A,2025-04-15 21:32:49.970,2025-04-16 04:53:38.903,9999-12-31 00:00:00.000,2025-04-16 04:53:38.903,1
13294,623028,"2026 Tuscan Treasures with Cinque Terre - 8 Days/7 Nights - Cruise Planners - April 12, 2026",Active,"2026 Tuscan Treasures with Cinque Terre - 8 Days/7 Nights - Cruise Planners - April 12, 2026",2026-04-12,2026-04-12,2010-01-01,2026-04-12,SCH-IT-TUA,C,8,Y,N,AA/AAA,Y,N,,<Main><AirOffset></AirOffset><FromCity>NYC</FromCity><ToCity>FLR</ToCity><ReturnFromCity>FLR</ReturnFromCity><ReturnToCity>NYC</ReturnToCity><AirReturnOffset></AirReturnOffset></Main><AIWhoStamp>Lyons_S</AIWhoStamp><AIDateStamp>2023-06-22 11:58:42.000</AIDateStamp>,,,<Pre><Service><ProductCode>ITPRENIGHTS</ProductCode><SupplierID>IT-MTC-CDM</SupplierID><ServiceID>STD-SBB</ServiceID></Service></Pre>,<Post><Last>Y</Last></Post>,,TUA26,0,N,,20,,<CarOver24Hrs>N</CarOver24Hrs><PrefCommMethod></PrefCommMethod><Destination>MTC</Destination><FlexPKGProfile>N</FlexPKGProfile>,Y,1900-01-01,Wilson_N,2025-01-03 00:00:00.000,Wilson_N,2025-03-31 18:30:33.700,2025-01-03 00:00:00.000,2025-06-03 06:38:26.533,2025-04-08 08:40:08.187,0
15429,623028,"2026 Tuscan Treasures with Cinque Terre - 8 Days/7 Nights - Cruise Planners - April 12, 2026",Active,"2026 Tuscan Treasures with Cinque Terre - 8 Days/7 Nights - Cruise Planners - April 12, 2026",2026-04-12,2026-04-12,2010-01-01,2026-04-12,SCH-IT-TUA,C,8,Y,N,AA/AAA,Y,N,,<Main><AirOffset></AirOffset><FromCity>NYC</FromCity><ToCity>FLR</ToCity><ReturnFromCity>FLR</ReturnFromCity><ReturnToCity>NYC</ReturnToCity><AirReturnOffset></AirReturnOffset></Main><AIWhoStamp>Lyons_S</AIWhoStamp><AIDateStamp>2023-06-22 11:58:42.000</AIDateStamp>,,,<Pre><Service><ProductCode>ITPRENIGHTS</ProductCode><SupplierID>IT-MTC-CDM</SupplierID><ServiceID>STD-SBB</ServiceID></Service></Pre>,<Post><Last>Y</Last></Post>,,TUA26,0,N,,20,,<CarOver24Hrs>N</CarOver24Hrs><PrefCommMethod></PrefCommMethod><Destination>MTC</Destination><FlexPKGProfile>N</FlexPKGProfile>,Y,1900-01-01,Wilson_N,2025-01-03 00:00:00.000,Foster_S,2025-04-15 15:19:41.943,2025-04-16 04:53:38.903,2025-06-03 06:38:26.533,2025-04-16 04:53:38.903,0
15734,623028,"2026 Tuscan Treasures with Cinque Terre - 8 Days/7 Nights - Cruise Planners - April 12, 2026",Active,"2026 Tuscan Treasures with Cinque Terre - 8 Days/7 Nights - Cruise Planners - April 12, 2026",2026-04-12,2026-04-12,2010-01-01,2026-04-12,SCH-IT-TUA,C,8,Y,N,AA/AAA,Y,N,,<Main><AirOffset></AirOffset><FromCity>NYC</FromCity><ToCity>FLR</ToCity><ReturnFromCity>FLR</ReturnFromCity><ReturnToCity>NYC</ReturnToCity><AirReturnOffset></AirReturnOffset></Main><AIWhoStamp>Lyons_S</AIWhoStamp><AIDateStamp>2023-06-22 11:58:42.000</AIDateStamp>,,,<Pre><Service><ProductCode>ITPRENIGHTS</ProductCode><SupplierID>IT-MTC-CDM</SupplierID><ServiceID>STD-SBB</ServiceID></Service></Pre>,<Post><Last>Y</Last></Post>,,TUA26,0,N,,20,,<CarOver24Hrs>N</CarOver24Hrs><PrefCommMethod></PrefCommMethod><Destination>MTC</Destination><FlexPKGProfile>N</FlexPKGProfile>,Y,1900-01-01,Wilson_N,2025-01-03 00:00:00.000,Lyons_S,2025-04-25 11:16:20.043,2025-04-28 19:00:19.260,2025-06-03 06:38:26.533,2025-04-28 19:00:19.260,0
18015,623028,"2026 Tuscan Treasures with Cinque Terre - 8 Days/7 Nights - Cruise Planners - April 12, 2026",Active,"2026 Tuscan Treasures with Cinque Terre - 8 Days/7 Nights - Cruise Planners - April 12, 2026",2026-04-12,2026-04-12,2010-01-01,2026-04-12,SCH-IT-TUA,C,8,Y,N,AA/AAA,Y,N,,<Main><AirOffset></AirOffset><FromCity>NYC</FromCity><ToCity>FLR</ToCity><ReturnFromCity>FLR</ReturnFromCity><ReturnToCity>NYC</ReturnToCity><AirReturnOffset></AirReturnOffset></Main><AIWhoStamp>Lyons_S</AIWhoStamp><AIDateStamp>2023-06-22 11:58:42.000</AIDateStamp>,,,<Pre><Service><ProductCode>ITPRENIGHTS</ProductCode><SupplierID>IT-MTC-CDM</SupplierID><ServiceID>STD-SBB</ServiceID></Service></Pre>,<Post><Last>Y</Last></Post>,,TUA26,0,N,,20,,<CarOver24Hrs>N</CarOver24Hrs><PrefCommMethod></PrefCommMethod><Destination>MTC</Destination><FlexPKGProfile>N</FlexPKGProfile>,Y,1900-01-01,Wilson_N,2025-01-03 00:00:00.000,Foster_S,2025-06-02 11:40:15.440,2025-06-03 06:39:03.193,2025-06-09 05:01:33.147,2025-06-03 06:39:03.193,0
13295,623104,"CXLD - 2025 Taste of Ireland (Tour D) - 6 Days/5 Nights - AAA Newport - November 10, 2025",Closed,"CXLD - 2025 Taste of Ireland (Tour D) - 6 Days/5 Nights - AAA Newport - November 10, 2025",2025-11-10,2025-11-10,2010-01-01,2025-12-31,SCH-IE-TAA,C,6,Y,N,AA/AAA,Y,N,,<Main><AirOffset>1</AirOffset><FromCity>NYC</FromCity><ToCity>DUB</ToCity><ReturnFromCity>DUB</ReturnFromCity><ReturnToCity>NYC</ReturnToCity></Main>,,,,<Post><Last>Y</Last><Duration>1</Duration></Post>,,,-1,N,,0,,"<CarOver24Hrs>N</CarOver24Hrs><PrefCommMethod></PrefCommMethod><Destination>LIM,DUB,KER</Destination><FlexPKGProfile>N</FlexPKGProfile>",Y,1900-01-01,Wilson_N,2025-01-03 00:00:00.000,Wilson_N,2025-03-20 14:14:16.390,2025-01-03 00:00:00.000,9999-12-31 00:00:00.000,2025-04-08 08:40:08.187,1
13332,623591,"2025 Scottish Clans & Castles - 10 Days/9 Nights - InteleTravel - August 28, 2025",Pending,"2025 Scottish Clans & Castles - 10 Days/9 Nights - InteleTravel - August 28, 2025",2025-08-28,2025-08-28,2010-01-01,2025-08-28,SCH-GB-CCA,C,10,Y,N,AA/AAA,Y,N,,<Main><AirOffset>1</AirOffset><FromCity>NYC</FromCity><ToCity>EDI</ToCity><ReturnFromCity>EDI</ReturnFromCity><ReturnToCity>NYC</ReturnToCity><AirReturnOffset></AirReturnOffset></Main><AIWhoStamp>Biggins_Tr</AIWhoStamp><AIDateStamp>2022-09-06 16:25:23.000</AIDateStamp>,,,<Pre><Service><ProductCode>UKPRENIGHTS</ProductCode><SupplierID>GB-GLA-SND</SupplierID><ServiceID>STD-SBB</ServiceID></Service></Pre>,,,CCA25,0,N,,10,,"<CarOver24Hrs>N</CarOver24Hrs><PrefCommMethod></PrefCommMethod><Destination>FIF,RSS,GLA,ABD,INV</Destination><FlexPKGProfile>N</FlexPKGProfile>",Y,1900-01-01,doig_l,2025-01-09 00:00:00.000,Lyons_S,2025-04-07 16:17:53.690,2025-01-09 00:00:00.000,2025-09-11 02:14:04.910,2025-04-08 08:40:08.187,0
13333,623592,MASSACHUSETTS COLLEGE OF LIBERAL ARTS,Multi-Expired,MASSACHUSETTS COLLEGE OF LIBERAL ARTS,2025-05-19,2025-05-19,2025-01-09,2025-05-19,GRP-GBIE-BOS-WH,C,8,Y,N,AA,Y,N,,,,,,,,GBIE-623592,0,Y,"L:5|7AA-0AA/0A,7.5|9.5AA-0AA/0A,10|12AA-1AA/0A,12.5|14.5AA-1AA/0A,15|17AA-2AA/0A,17.5|19.5AA-2AA/0A,20|22AA-2AA/0A,22.5|24AA-2AA/0A,48X;A:5|7AA-0AA/0A,7.5|9.5AA-0AA/0A,10|12AA-0AA/0A,12.5|14.5AA-0AA/0A,15|17AA-0AA/0A,17.5|19.5AA-0AA/0A,20|22AA-0AA/0A,22.5|24AA-0AA/0A,48X",20,,<CarOver24Hrs>N</CarOver24Hrs><FlexPKGProfile>N</FlexPKGProfile>,N,1900-01-01,Hager_W,2025-01-09 00:00:00.000,Hager_W,2025-02-21 20:02:13.210,2025-01-09 00:00:00.000,2025-07-25 04:41:47.517,2025-04-08 08:40:08.187,0
16917,623592,MASSACHUSETTS COLLEGE OF LIBERAL ARTS,Multi-Expired,MASSACHUSETTS COLLEGE OF LIBERAL ARTS,2025-05-19,2025-05-19,2025-01-09,2025-05-19,GRP-GBIE-BOS-WH,C,8,Y,N,AA,Y,N,,,,,,,,GBIE-623592,0,Y,"L:5|7AA-0AA/0A,7.5|9.5AA-0AA/0A,10|12AA-1AA/0A,12.5|14.5AA-1AA/0A,15|17AA-2AA/0A,17.5|19.5AA-2AA/0A,20|22AA-2AA/0A,22.5|24AA-2AA/0A,48X;A:5|7AA-0AA/0A,7.5|9.5AA-0AA/0A,10|12AA-0AA/0A,12.5|14.5AA-0AA/0A,15|17AA-0AA/0A,17.5|19.5AA-0AA/0A,20|22AA-0AA/0A,22.5|24AA-0AA/0A,48X",0,,<CarOver24Hrs>N</CarOver24Hrs><FlexPKGProfile>N</FlexPKGProfile>,N,1900-01-01,Hager_W,2025-01-09 00:00:00.000,Hager_W,2025-02-21 20:02:13.210,2025-05-19 06:46:15.943,9999-12-31 00:00:00.000,2025-05-19 06:46:15.943,1
13334,623602,Joy of Travel,Expired,Joy of Travel,2026-05-01,2026-05-01,2025-01-09,2026-05-01,GRP-IE-KS-1,C,11,Y,N,AA,Y,N,,,,,,,,IE-623602,0,Y,"L:5|7AA-0AA/0A,7.5|9.5AA-0AA/0A,10|12AA-1AA/0A,12.5|14.5AA-1AA/0A,15|17AA-2AA/0A,17.5|19.5AA-2AA/0A,20|22AA-2AA/0A,22.5|24AA-2AA/0A,48X;A:5|7AA-0AA/0A,7.5|9.5AA-0AA/0A,10|12AA-0AA/0A,12.5|14.5AA-0AA/0A,15|17AA-0AA/0A,17.5|19.5AA-0AA/0A,20|22AA-0AA/0A,22.5|24AA-0AA/0A,48X",20,,<CarOver24Hrs>N</CarOver24Hrs><FlexPKGProfile>N</FlexPKGProfile>,N,1900-01-01,Smith_K,2025-01-09 00:00:00.000,Smith_K,2025-02-19 17:21:17.840,2025-01-09 00:00:00.000,9999-12-31 00:00:00.000,2025-04-08 08:40:08.187,1
13335,623604,"CXLD - 2025 Icelandic Explorer - 9 days/8 nights - Travel Network Vacation Central - September 29, 2025",Closed,"CXLD - 2025 Icelandic Explorer - 9 days/8 nights - Travel Network Vacation Central - September 29, 2025",2025-09-29,2025-09-29,2010-01-01,2025-12-31,SCH-IS-IXA,C,9,Y,N,AA,Y,N,,,,,<Pre><First>Y</First></Pre>,,,,0,N,,0,,"<CarOver24Hrs>N</CarOver24Hrs><FlexPKGProfile>N</FlexPKGProfile><PrefCommMethod></PrefCommMethod><Destination>REH,HUS,FAS,HOF,NUP,REK</Destination>",Y,1900-01-01,Wilson_N,2025-01-09 00:00:00.000,Davies_Ja,2025-01-15 21:59:17.297,2025-01-09 00:00:00.000,9999-12-31 00:00:00.000,2025-04-08 08:40:08.187,1
13336,623618,Best Gardens Tours,Pending,Best Gardens Tours,2025-07-08,2025-07-08,2025-01-09,2025-07-08,GRP-IE-KS-1,C,7,Y,N,AA,Y,N,,,,,,,,IE-623618,0,Y,"L:5|7AA-0AA/0A,7.5|9.5AA-0AA/0A,10|12AA-1AA/0A,12.5|14.5AA-1AA/0A,15|17AA-2AA/0A,17.5|19.5AA-2AA/0A,20|22AA-2AA/0A,22.5|24AA-2AA/0A,48X;A:5|7AA-0AA/0A,7.5|9.5AA-0AA/0A,10|12AA-0AA/0A,12.5|14.5AA-0AA/0A,15|17AA-0AA/0A,17.5|19.5AA-0AA/0A,20|22AA-0AA/0A,22.5|24AA-0AA/0A,48X",20,,<CarOver24Hrs>N</CarOver24Hrs><FlexPKGProfile>N</FlexPKGProfile>,N,1900-01-01,Smith_K,2025-01-09 00:00:00.000,Smith_K,2025-01-15 17:44:12.253,2025-01-09 00:00:00.000,2025-07-25 04:41:47.517,2025-04-08 08:40:08.187,0
16072,623618,Best Gardens Tours,Expired,Best Gardens Tours,2025-07-08,2025-07-08,2025-01-09,2025-07-08,GRP-IE-KS-1,C,7,Y,N,AA,Y,N,,,,,,,,IE-623618,0,Y,"L:5|7AA-0AA/0A,7.5|9.5AA-0AA/0A,10|12AA-1AA/0A,12.5|14.5AA-1AA/0A,15|17AA-2AA/0A,17.5|19.5AA-2AA/0A,20|22AA-2AA/0A,22.5|24AA-2AA/0A,48X;A:5|7AA-0AA/0A,7.5|9.5AA-0AA/0A,10|12AA-0AA/0A,12.5|14.5AA-0AA/0A,15|17AA-0AA/0A,17.5|19.5AA-0AA/0A,20|22AA-0AA/0A,22.5|24AA-0AA/0A,48X",20,,<CarOver24Hrs>N</CarOver24Hrs><FlexPKGProfile>N</FlexPKGProfile>,N,1900-01-01,Smith_K,2025-01-09 00:00:00.000,Caldeira_N,2025-05-01 20:38:27.627,2025-05-02 04:23:56.197,2025-07-25 04:41:47.517,2025-05-02 04:23:56.197,0
13337,623624,KHM TRAVEL GROUP,Closed,KHM TRAVEL GROUP,2025-06-12,2025-06-12,2025-01-09,2025-06-12,GRP-IE-WH,C,9,Y,N,N,Y,N,,,,,,,,IE-623624,0,Y,"L:5|7AA-0AA/0A,7.5|9.5AA-0AA/0A,19X;A:5|7AA-0AA/0A,7.5|9.5AA-0AA/0A,19X",0,,<CarOver24Hrs>N</CarOver24Hrs><FlexPKGProfile>N</FlexPKGProfile>,Y,1900-01-01,Hager_W,2025-01-09 00:00:00.000,Hager_W,2025-02-03 16:19:59.303,2025-01-09 00:00:00.000,9999-12-31 00:00:00.000,2025-04-08 08:40:08.187,1
13338,623639,"2025 Irish Adventure - 8 Days/7 Nights - The Kellena Miracle Group - June 2, 2025",Expired,"2025 Irish Adventure - 8 Days/7 Nights - The Kellena Miracle Group - June 2, 2025",2025-06-02,2025-06-02,2010-01-01,2025-12-31,SCH-IE-ADA,C,8,Y,N,AA/AAA,Y,N,,<Main><AirOffset>1</AirOffset><FromCity>NYC</FromCity><ToCity>DUB</ToCity><ReturnFromCity>DUB</ReturnFromCity><ReturnToCity>NYC</ReturnToCity></Main>,,,<Pre><First>Y</First></Pre>,,,ADA25,0,N,,10,,"<CarOver24Hrs>N</CarOver24Hrs><PrefCommMethod></PrefCommMethod><Destination>DUB,WAT,GAL,DER,KER</Destination><FlexPKGProfile>N</FlexPKGProfile>",Y,1900-01-01,doig_l,2025-01-09 00:00:00.000,doig_l,2025-02-28 16:24:29.703,2025-01-09 00:00:00.000,2025-07-25 04:41:47.517,2025-04-08 08:40:08.187,0
17984,623639,"2025 Irish Adventure - 8 Days/7 Nights - The Kellena Miracle Group - June 2, 2025",Expired,"2025 Irish Adventure - 8 Days/7 Nights - The Kellena Miracle Group - June 2, 2025",2025-06-02,2025-06-02,2010-01-01,2025-12-31,SCH-IE-ADA,C,8,Y,N,AA/AAA,Y,N,,<Main><AirOffset>1</AirOffset><FromCity>NYC</FromCity><ToCity>DUB</ToCity><ReturnFromCity>DUB</ReturnFromCity><ReturnToCity>NYC</ReturnToCity></Main>,,,<Pre><First>Y</First></Pre>,,,ADA25,0,N,,0,,"<CarOver24Hrs>N</CarOver24Hrs><PrefCommMethod></PrefCommMethod><Destination>DUB,WAT,GAL,DER,KER</Destination><FlexPKGProfile>N</FlexPKGProfile>",Y,1900-01-01,doig_l,2025-01-09 00:00:00.000,doig_l,2025-02-28 16:24:29.703,2025-06-02 06:17:57.060,9999-12-31 00:00:00.000,2025-06-02 06:17:57.060,1
13369,624328,Hellman Group,Expired,Hellman Group,2025-06-19,2025-06-19,2025-01-15,2025-06-19,GRP-GB-BOS-KS,C,8,Y,N,N,Y,N,,,,,,,,GB-624328,0,Y,"L:5|7AA-0AA/0A,7.5|9.5AA-0AA/0A,10|12AA-1AA/0A,12.5|14.5AA-1AA/0A,15|17AA-2AA/0A,17.5|19.5AA-2AA/0A,20|22AA-2AA/0A,22.5|24AA-2AA/0A,48X;A:5|7AA-0AA/0A,7.5|9.5AA-0AA/0A,10|12AA-0AA/0A,12.5|14.5AA-0AA/0A,15|17AA-0AA/0A,17.5|19.5AA-0AA/0A,20|22AA-0AA/0A,22.5|24AA-0AA/0A,48X",10,,<CarOver24Hrs>N</CarOver24Hrs><FlexPKGProfile>N</FlexPKGProfile>,N,1900-01-01,Smith_K,2025-01-15 00:00:00.000,Smith_K,2025-01-28 14:10:58.370,2025-01-15 00:00:00.000,2025-07-25 04:41:47.517,2025-04-08 08:40:08.187,0
13370,624354,"2025 Taste of Iceland Coach Tour - 6 Days/5 Nights - The Debra Hunter Group - June 22, 2025",Expired,"2025 Taste of Iceland Coach Tour - 6 Days/5 Nights - The Debra Hunter Group - June 22, 2025",2025-06-22,2025-06-22,2010-01-01,2025-12-31,SCH-IS-ICT,C,6,Y,N,AA,Y,N,,<Main><AirOffset>1</AirOffset><FromCity>NYC</FromCity><ToCity>REK</ToCity><ReturnFromCity>REK</ReturnFromCity><ReturnToCity>NYC</ReturnToCity><AirReturnOffset></AirReturnOffset></Main><AIWhoStamp>McInerney_M</AIWhoStamp><AIDateStamp>2018-11-29 09:30:09.000</AIDateStamp>,,,<Pre><First>Y</First></Pre>,<Post><Last>Y</Last></Post>,,ICT25,0,N,,10,,"<CarOver24Hrs>N</CarOver24Hrs><PrefCommMethod></PrefCommMethod><Destination>NUP,HLL,REK</Destination><FlexPKGProfile>N</FlexPKGProfile>",Y,1900-01-01,Wilson_N,2025-01-15 00:00:00.000,Wilson_N,2025-01-21 15:19:00.920,2025-01-15 00:00:00.000,2025-07-25 04:41:47.517,2025-04-08 08:40:08.187,0
17529,624354,"2025 Taste of Iceland Coach Tour - 6 Days/5 Nights - The Debra Hunter Group - June 22, 2025",Expired,"2025 Taste of Iceland Coach Tour - 6 Days/5 Nights - The Debra Hunter Group - June 22, 2025",2025-06-22,2025-06-22,2010-01-01,2025-12-31,SCH-IS-ICT,C,6,Y,N,AA,Y,N,,<Main><AirOffset>1</AirOffset><FromCity>NYC</FromCity><ToCity>REK</ToCity><ReturnFromCity>REK</ReturnFromCity><ReturnToCity>NYC</ReturnToCity><AirReturnOffset></AirReturnOffset></Main><AIWhoStamp>McInerney_M</AIWhoStamp><AIDateStamp>2018-11-29 09:30:09.000</AIDateStamp>,,,<Pre><First>Y</First></Pre>,<Post><Last>Y</Last></Post>,,ICT25,0,N,,10,,"<CarOver24Hrs>N</CarOver24Hrs><PrefCommMethod></PrefCommMethod><Destination>NUP,HLL,REK</Destination><FlexPKGProfile>N</FlexPKGProfile>",Y,1900-01-01,Wilson_N,2025-01-15 00:00:00.000,Tancred_E,2025-05-27 13:04:41.527,2025-05-28 07:01:18.080,2025-07-25 04:41:47.517,2025-05-28 07:01:18.080,0
13371,624361,"2025 Taste of Scotland - 6 Days/5 Nights - Travel Solutions - May 16, 2025",Pending,"2025 Taste of Scotland - 6 Days/5 Nights - Travel Solutions - May 16, 2025",2025-05-16,2025-05-16,2010-01-01,2025-12-31,SCH-GB-SCA,C,6,Y,N,AA/AAA,Y,N,,<Main><AirOffset>1</AirOffset><FromCity>NYC</FromCity><ToCity>EDI</ToCity><ReturnFromCity>EDI</ReturnFromCity><ReturnToCity>NYC</ReturnToCity><AirReturnOffset></AirReturnOffset></Main><AIWhoStamp>Biggins_Tr</AIWhoStamp><AIDateStamp>2022-09-06 17:16:49.000</AIDateStamp>,,,<Pre><Service><ProductCode>UKPRENIGHTS</ProductCode><SupplierID>GB-GLA-GTH</SupplierID><ServiceID>STD-SBB</ServiceID></Service></Pre>,<Post><Last>Y</Last></Post>,,SCA25,0,N,,11,,"<CarOver24Hrs>N</CarOver24Hrs><PrefCommMethod></PrefCommMethod><Destination>GLA,NAI,EDI</Destination><FlexPKGProfile>N</FlexPKGProfile>",Y,1900-01-01,Markle_M,2025-01-15 00:00:00.000,Davies_Ja,2025-01-15 18:02:25.107,2025-01-15 00:00:00.000,2025-07-25 04:41:47.517,2025-04-08 08:40:08.187,0
16787,624361,"2025 Taste of Scotland - 6 Days/5 Nights - Travel Solutions - May 16, 2025",Pending,"2025 Taste of Scotland - 6 Days/5 Nights - Travel Solutions - May 16, 2025",2025-05-16,2025-05-16,2010-01-01,2025-12-31,SCH-GB-SCA,C,6,Y,N,AA/AAA,Y,N,,<Main><AirOffset>1</AirOffset><FromCity>NYC</FromCity><ToCity>EDI</ToCity><ReturnFromCity>EDI</ReturnFromCity><ReturnToCity>NYC</ReturnToCity><AirReturnOffset></AirReturnOffset></Main><AIWhoStamp>Biggins_Tr</AIWhoStamp><AIDateStamp>2022-09-06 17:16:49.000</AIDateStamp>,,,<Pre><Service><ProductCode>UKPRENIGHTS</ProductCode><SupplierID>GB-GLA-GTH</SupplierID><ServiceID>STD-SBB</ServiceID></Service></Pre>,<Post><Last>Y</Last></Post>,,SCA25,0,N,,0,,"<CarOver24Hrs>N</CarOver24Hrs><PrefCommMethod></PrefCommMethod><Destination>GLA,NAI,EDI</Destination><FlexPKGProfile>N</FlexPKGProfile>",Y,1900-01-01,Markle_M,2025-01-15 00:00:00.000,Davies_Ja,2025-01-15 18:02:25.107,2025-05-16 06:42:01.470,2025-09-11 02:14:04.910,2025-05-16 06:42:01.470,0
15436,625358,"2026  Irish Gold - 8 Days/7 Nights - Tripmatters - June 17, 2026",Multi-Expired,"2026  Irish Gold - 8 Days/7 Nights - Tripmatters - June 17, 2026",2026-06-17,2026-06-17,2010-01-01,2026-12-31,SCH-IE-GOA,C,8,Y,N,AA/AAA,Y,N,,<Main><AirOffset>1</AirOffset><FromCity>NYC</FromCity><ToCity>DUB</ToCity><ReturnFromCity>DUB</ReturnFromCity><ReturnToCity>NYC</ReturnToCity></Main>,,,<Pre><First>Y</First></Pre>,,,GOA26,0,N,,30,,"<CarOver24Hrs>N</CarOver24Hrs><PrefCommMethod></PrefCommMethod><Destination>WAT,GAL,DUB,KER</Destination><FlexPKGProfile>N</FlexPKGProfile>",Y,1900-01-01,Wilson_N,2025-01-23 00:00:00.000,Davies_Ja,2025-04-15 14:58:26.130,2025-04-16 04:53:38.903,2025-07-29 04:43:22.807,2025-04-16 04:53:38.903,0
13409,625359,THE DUBLIN PUB,Pending,THE DUBLIN PUB,2025-05-23,2025-05-23,2025-01-23,2025-05-23,GRP-IE-WH,C,8,Y,N,N,Y,N,,,,,,,,IE-625359,0,Y,"L:5|7AA-0AA/0A,7.5|9.5AA-0AA/0A,10|12AA-0AA/0A,12.5|14.5AA-0AA/0A,15|17AA-0AA/0A,17.5|19.5AA-0AA/0A,20|22AA-0AA/0A,22.5|24AA-0AA/0A,48X;A:5|7AA-0AA/0A,7.5|9.5AA-0AA/0A,10|12AA-0AA/0A,12.5|14.5AA-0AA/0A,15|17AA-0AA/0A,17.5|19.5AA-0AA/0A,20|22AA-0AA/0A,22.5|24AA-0AA/0A,48X",20,,<CarOver24Hrs>N</CarOver24Hrs><FlexPKGProfile>N</FlexPKGProfile>,N,1900-01-01,Hager_W,2025-01-23 00:00:00.000,Hager_W,2025-01-23 21:25:49.780,2025-01-23 00:00:00.000,2025-07-25 04:41:47.517,2025-04-08 08:40:08.187,0
15114,625359,THE DUBLIN PUB,Expired,THE DUBLIN PUB,2025-05-23,2025-05-23,2025-01-23,2025-05-23,GRP-IE-WH,C,8,Y,N,N,Y,N,,,,,,,,IE-625359,0,Y,"L:5|7AA-0AA/0A,7.5|9.5AA-0AA/0A,10|12AA-0AA/0A,12.5|14.5AA-0AA/0A,15|17AA-0AA/0A,17.5|19.5AA-0AA/0A,20|22AA-0AA/0A,22.5|24AA-0AA/0A,48X;A:5|7AA-0AA/0A,7.5|9.5AA-0AA/0A,10|12AA-0AA/0A,12.5|14.5AA-0AA/0A,15|17AA-0AA/0A,17.5|19.5AA-0AA/0A,20|22AA-0AA/0A,22.5|24AA-0AA/0A,48X",20,,<CarOver24Hrs>N</CarOver24Hrs><FlexPKGProfile>N</FlexPKGProfile>,N,1900-01-01,Hager_W,2025-01-23 00:00:00.000,Caldeira_N,2025-04-08 15:07:59.280,2025-04-10 08:06:55.350,2025-07-25 04:41:47.517,2025-04-10 08:06:55.350,0
17181,625359,THE DUBLIN PUB,Expired,THE DUBLIN PUB,2025-05-23,2025-05-23,2025-01-23,2025-05-23,GRP-IE-WH,C,8,Y,N,N,Y,N,,,,,,,,IE-625359,0,Y,"L:5|7AA-0AA/0A,7.5|9.5AA-0AA/0A,10|12AA-0AA/0A,12.5|14.5AA-0AA/0A,15|17AA-0AA/0A,17.5|19.5AA-0AA/0A,20|22AA-0AA/0A,22.5|24AA-0AA/0A,48X;A:5|7AA-0AA/0A,7.5|9.5AA-0AA/0A,10|12AA-0AA/0A,12.5|14.5AA-0AA/0A,15|17AA-0AA/0A,17.5|19.5AA-0AA/0A,20|22AA-0AA/0A,22.5|24AA-0AA/0A,48X",0,,<CarOver24Hrs>N</CarOver24Hrs><FlexPKGProfile>N</FlexPKGProfile>,N,1900-01-01,Hager_W,2025-01-23 00:00:00.000,Caldeira_N,2025-04-08 15:07:59.280,2025-05-23 06:31:23.863,9999-12-31 00:00:00.000,2025-05-23 06:31:23.863,1
13410,625360,"2026 Irish Legends - 9 Days/8 Nights - Tripmatters - June 19, 2026",Multi-Pending,"2026 Irish Legends - 9 Days/8 Nights - Tripmatters - June 19, 2026",2026-06-19,2026-06-19,2010-01-01,2026-12-31,SCH-IE-LEA,C,9,Y,N,AA/AAA,Y,N,,<Main><AirOffset>1</AirOffset><FromCity>NYC</FromCity><ToCity>DUB</ToCity><ReturnFromCity>DUB</ReturnFromCity><ReturnToCity>NYC</ReturnToCity></Main>,,,<Pre><Service><ProductCode>IEPRENIGHTS</ProductCode><SupplierID>IE-MEA-DCA</SupplierID><ServiceID>STD-SBB</ServiceID></Service></Pre>,,,LEA26,0,N,,30,,"<CarOver24Hrs>N</CarOver24Hrs><PrefCommMethod></PrefCommMethod><Destination>GAL,KIK,MEA,DUB,KER</Destination><FlexPKGProfile>N</FlexPKGProfile>",Y,1900-01-01,Wilson_N,2025-01-23 00:00:00.000,Lyons_S,2025-03-19 17:49:52.240,2025-01-23 00:00:00.000,2025-07-25 04:41:47.517,2025-04-08 08:40:08.187,0
15115,625360,"2026 Irish Legends - 9 Days/8 Nights - Tripmatters - June 19, 2026",Multi-Pending,"2026 Irish Legends - 9 Days/8 Nights - Tripmatters - June 19, 2026",2026-06-19,2026-06-19,2010-01-01,2026-12-31,SCH-IE-LEA,C,9,Y,N,AA/AAA,Y,N,,<Main><AirOffset>1</AirOffset><FromCity>NYC</FromCity><ToCity>DUB</ToCity><ReturnFromCity>DUB</ReturnFromCity><ReturnToCity>NYC</ReturnToCity></Main>,,,<Pre><Service><ProductCode>IEPRENIGHTS</ProductCode><SupplierID>IE-MEA-DCA</SupplierID><ServiceID>STD-SBB</ServiceID></Service></Pre>,,,LEA26,0,N,,30,,"<CarOver24Hrs>N</CarOver24Hrs><PrefCommMethod></PrefCommMethod><Destination>GAL,KIK,MEA,DUB,KER</Destination><FlexPKGProfile>N</FlexPKGProfile>",Y,1900-01-01,Wilson_N,2025-01-23 00:00:00.000,Douglas_P,2025-04-09 16:26:04.800,2025-04-10 08:06:55.350,2025-07-25 04:41:47.517,2025-04-10 08:06:55.350,0
15437,625360,"2026 Irish Legends - 9 Days/8 Nights - Tripmatters - June 19, 2026",Multi-Expired,"2026 Irish Legends - 9 Days/8 Nights - Tripmatters - June 19, 2026",2026-06-19,2026-06-19,2010-01-01,2026-12-31,SCH-IE-LEA,C,9,Y,N,AA/AAA,Y,N,,<Main><AirOffset>1</AirOffset><FromCity>NYC</FromCity><ToCity>DUB</ToCity><ReturnFromCity>DUB</ReturnFromCity><ReturnToCity>NYC</ReturnToCity></Main>,,,<Pre><Service><ProductCode>IEPRENIGHTS</ProductCode><SupplierID>IE-MEA-DCA</SupplierID><ServiceID>STD-SBB</ServiceID></Service></Pre>,,,LEA26,0,N,,30,,"<CarOver24Hrs>N</CarOver24Hrs><PrefCommMethod></PrefCommMethod><Destination>GAL,KIK,MEA,DUB,KER</Destination><FlexPKGProfile>N</FlexPKGProfile>",Y,1900-01-01,Wilson_N,2025-01-23 00:00:00.000,Davies_Ja,2025-04-15 14:58:00.283,2025-04-16 04:53:38.903,2025-04-30 04:32:48.477,2025-04-16 04:53:38.903,0
16012,625360,"2026 Irish Legends - 9 Days/8 Nights - Tripmatters - June 19, 2026",Multi-Expired,"2026 Irish Legends - 9 Days/8 Nights - Tripmatters - June 19, 2026",2026-06-19,2026-06-19,2010-01-01,2026-12-31,SCH-IE-LEA,C,9,Y,N,AA/AAA,Y,N,,<Main><AirOffset>1</AirOffset><FromCity>NYC</FromCity><ToCity>DUB</ToCity><ReturnFromCity>DUB</ReturnFromCity><ReturnToCity>NYC</ReturnToCity></Main>,,,<Pre><Service><ProductCode>IEPRENIGHTS</ProductCode><SupplierID>IE-MEA-DCA</SupplierID><ServiceID>STD-SBB</ServiceID></Service></Pre>,,,LEA26,0,N,,30,,"<CarOver24Hrs>N</CarOver24Hrs><PrefCommMethod></PrefCommMethod><Destination>GAL,KIK,MEA,DUB,KER</Destination><FlexPKGProfile>N</FlexPKGProfile>",Y,1900-01-01,Wilson_N,2025-01-23 00:00:00.000,Douglas_P,2025-04-29 12:06:49.420,2025-04-30 04:33:14.220,2025-06-16 11:39:06.717,2025-04-30 04:33:14.220,0
13438,626001,"CXLD - 2025 Taste of Italy- 7 Days/6 Nights- MoeFaye Travel, Inc.- November 16, 2025",Closed,"CXLD - 2025 Taste of Italy- 7 Days/6 Nights- MoeFaye Travel, Inc.- November 16, 2025",2025-11-16,2025-11-16,2010-01-01,2025-12-31,SCH-IT-ITT,C,7,Y,N,AA/AAA,Y,Y,,<Main><AirOffset>1</AirOffset><FromCity>TYS</FromCity><ToCity>VCE</ToCity><ReturnFromCity>ROM</ReturnFromCity><ReturnToCity>TYS</ReturnToCity><AirReturnOffset></AirReturnOffset><IncludeContracts>Y</IncludeContracts><IncludeBlkContracts>Y</IncludeBlkContracts><BlockOnly>Y</BlockOnly><Market>626001</Market></Main><AIWhoStamp>Schindler_A</AIWhoStamp><AIDateStamp>2025-02-17 12:44:07.000</AIDateStamp>,"TYS,",,<Pre><First>Y</First></Pre>,<Post><Last>Y</Last></Post>,,,0,N,,0,,"<CarOver24Hrs>N</CarOver24Hrs><PrefCommMethod></PrefCommMethod><Destination>ROM,VCE,FLR</Destination><FlexPKGProfile>N</FlexPKGProfile>",Y,1900-01-01,doig_l,2025-01-29 00:00:00.000,Davies_Ja,2025-03-25 21:12:10.413,2025-01-29 00:00:00.000,9999-12-31 00:00:00.000,2025-04-08 08:40:08.187,1
13439,626004,"2025 Best of Britain - 10 Days/9 Nights - Irish Tours For You - June 22, 2025",Pending,"2025 Best of Britain - 10 Days/9 Nights - Irish Tours For You - June 22, 2025",2025-06-22,2025-06-22,2010-01-01,2025-12-31,SCH-GB-BEA,C,10,Y,N,AA,Y,N,,<Main><AirOffset>1</AirOffset><FromCity>NYC</FromCity><ToCity>LON</ToCity><ReturnFromCity>LON</ReturnFromCity><ReturnToCity>NYC</ReturnToCity><AirReturnOffset></AirReturnOffset></Main>,,,<Pre><First>Y</First></Pre>,<Post><Last>Y</Last></Post>,,BEA25,0,N,,10,,"<CarOver24Hrs>N</CarOver24Hrs><PrefCommMethod></PrefCommMethod><Destination>BKS,YOR,LON,LIV,FIF,CDI</Destination><FlexPKGProfile>N</FlexPKGProfile>",Y,1900-01-01,doig_l,2025-01-29 00:00:00.000,Davies_Ja,2025-01-29 17:53:22.700,2025-01-29 00:00:00.000,2025-07-25 04:41:47.517,2025-04-08 08:40:08.187,0
16083,626004,"2025 Best of Britain - 10 Days/9 Nights - Irish Tours For You - June 22, 2025",Expired,"2025 Best of Britain - 10 Days/9 Nights - Irish Tours For You - June 22, 2025",2025-06-22,2025-06-22,2010-01-01,2025-12-31,SCH-GB-BEA,C,10,Y,N,AA,Y,N,,<Main><AirOffset>1</AirOffset><FromCity>NYC</FromCity><ToCity>LON</ToCity><ReturnFromCity>LON</ReturnFromCity><ReturnToCity>NYC</ReturnToCity><AirReturnOffset></AirReturnOffset></Main>,,,<Pre><First>Y</First></Pre>,<Post><Last>Y</Last></Post>,,BEA25,0,N,,10,,"<CarOver24Hrs>N</CarOver24Hrs><PrefCommMethod></PrefCommMethod><Destination>BKS,YOR,LON,LIV,FIF,CDI</Destination><FlexPKGProfile>N</FlexPKGProfile>",Y,1900-01-01,doig_l,2025-01-29 00:00:00.000,Caldeira_N,2025-05-01 20:18:24.760,2025-05-02 04:23:56.197,2025-07-25 04:41:47.517,2025-05-02 04:23:56.197,0
17448,626004,"2025 Best of Britain - 10 Days/9 Nights - Irish Tours For You - June 22, 2025",Expired,"2025 Best of Britain - 10 Days/9 Nights - Irish Tours For You - June 22, 2025",2025-06-22,2025-06-22,2010-01-01,2025-12-31,SCH-GB-BEA,C,10,Y,N,AA,Y,N,,<Main><AirOffset>1</AirOffset><FromCity>NYC</FromCity><ToCity>LON</ToCity><ReturnFromCity>LON</ReturnFromCity><ReturnToCity>NYC</ReturnToCity><AirReturnOffset></AirReturnOffset></Main>,,,<Pre><First>Y</First></Pre>,<Post><Last>Y</Last></Post>,,BEA25,0,N,,10,,"<CarOver24Hrs>N</CarOver24Hrs><PrefCommMethod></PrefCommMethod><Destination>BKS,YOR,LON,LIV,FIF,CDI</Destination><FlexPKGProfile>N</FlexPKGProfile>",Y,1900-01-01,doig_l,2025-01-29 00:00:00.000,Lyons_S,2025-05-26 13:12:36.373,2025-05-27 07:14:18.497,2025-07-25 04:41:47.517,2025-05-27 07:14:18.497,0
13440,626056,"2025 Best of Spain - 9 Days/8 Nights - Cruises & Tours Unlimited - August 17, 2025",Multi-Expired,"2025 Best of Spain - 9 Days/8 Nights - Cruises & Tours Unlimited - August 17, 2025",2025-08-17,2025-08-17,2024-06-04,2025-12-31,SCH-ES-BSA,C,9,Y,N,AA/AAA,Y,N,,<Main><AirOffset>1</AirOffset><FromCity>NYC</FromCity><ToCity>MAD</ToCity><ReturnFromCity>BCN</ReturnFromCity><ReturnToCity>NYC</ReturnToCity><AirReturnOffset></AirReturnOffset></Main><AIWhoStamp>Lyons_S</AIWhoStamp><AIDateStamp>2024-03-06 15:52:30.000</AIDateStamp>,,,<Pre><Service><ProductCode>ESPRENIGHTS</ProductCode><SupplierID>ES-MAD-RDM</SupplierID><ServiceID>STD-SBB</ServiceID></Service></Pre>,<Post><Last>Y</Last></Post>,,BSA25,0,N,,28,,"<CarOver24Hrs>N</CarOver24Hrs><PrefCommMethod></PrefCommMethod><Destination>SVQ,MAD,GRX,VLC,BCN</Destination><FlexPKGProfile>N</FlexPKGProfile>",Y,1900-01-01,Wilson_N,2025-01-29 00:00:00.000,Mahnken_J,2025-03-03 21:34:07.530,2025-01-29 00:00:00.000,9999-12-31 00:00:00.000,2025-04-08 08:40:08.187,1
13728,630737,"2025 Irish Odyssey - 12 Days/11 Nights - Oasis Travel Network - May 30, 2025",Expired,"2025 Irish Odyssey - 12 Days/11 Nights - Oasis Travel Network - May 30, 2025",2025-05-30,2025-05-30,2010-01-01,2025-12-31,SCH-IE-ODA,C,12,Y,N,AA/AAA,Y,N,,<Main><AirOffset>1</AirOffset><FromCity>NYC</FromCity><ToCity>DUB</ToCity><ReturnFromCity>DUB</ReturnFromCity><ReturnToCity>NYC</ReturnToCity></Main>,,,<Pre><First>Y</First></Pre>,<Post><Service><ProductCode>IEPRENIGHTS</ProductCode><SupplierID>IE-CAV-CCA</SupplierID><ServiceID>STD-SBB</ServiceID></Service></Post>,,ODA25,0,N,,10,,"<CarOver24Hrs>N</CarOver24Hrs><PrefCommMethod></PrefCommMethod><Destination>DER,BEL,COR,CAV,KER,GAL,DUB</Destination><FlexPKGProfile>N</FlexPKGProfile>",Y,1900-01-01,Markle_M,2025-03-19 00:00:00.000,Mahnken_J,2025-04-07 20:04:28.387,2025-03-19 00:00:00.000,2025-07-25 04:41:47.517,2025-04-08 08:40:08.187,0
17762,630737,"2025 Irish Odyssey - 12 Days/11 Nights - Oasis Travel Network - May 30, 2025",Expired,"2025 Irish Odyssey - 12 Days/11 Nights - Oasis Travel Network - May 30, 2025",2025-05-30,2025-05-30,2010-01-01,2025-12-31,SCH-IE-ODA,C,12,Y,N,AA/AAA,Y,N,,<Main><AirOffset>1</AirOffset><FromCity>NYC</FromCity><ToCity>DUB</ToCity><ReturnFromCity>DUB</ReturnFromCity><ReturnToCity>NYC</ReturnToCity></Main>,,,<Pre><First>Y</First></Pre>,<Post><Service><ProductCode>IEPRENIGHTS</ProductCode><SupplierID>IE-CAV-CCA</SupplierID><ServiceID>STD-SBB</ServiceID></Service></Post>,,ODA25,0,N,,0,,"<CarOver24Hrs>N</CarOver24Hrs><PrefCommMethod></PrefCommMethod><Destination>DER,BEL,COR,CAV,KER,GAL,DUB</Destination><FlexPKGProfile>N</FlexPKGProfile>",Y,1900-01-01,Markle_M,2025-03-19 00:00:00.000,Mahnken_J,2025-04-07 20:04:28.387,2025-05-30 06:58:40.317,9999-12-31 00:00:00.000,2025-05-30 06:58:40.317,1
13729,630739,"2026 Irish Adventure - 9 Days/8 Nights - Tracy's Travels LLC - June 8, 2026",Active,"2026 Irish Adventure - 9 Days/8 Nights - Tracy's Travels LLC - June 8, 2026",2026-06-08,2026-06-08,2010-01-01,2026-12-31,SCH-IE-ADA,C,9,Y,N,AA/AAA,Y,N,,<Main><AirOffset>1</AirOffset><FromCity>NYC</FromCity><ToCity>DUB</ToCity><ReturnFromCity>DUB</ReturnFromCity><ReturnToCity>NYC</ReturnToCity></Main>,,,<Pre><First>Y</First></Pre>,<Post><Last>Y</Last></Post>,,ADA26,0,N,,40,,"<CarOver24Hrs>N</CarOver24Hrs><PrefCommMethod></PrefCommMethod><Destination>DUB,WAT,GAL,DER,KER</Destination><FlexPKGProfile>N</FlexPKGProfile>",Y,1900-01-01,Markle_M,2025-03-19 00:00:00.000,Markle_M,2025-03-31 20:50:17.637,2025-03-19 00:00:00.000,2025-05-14 06:42:39.163,2025-04-08 08:40:08.187,0
15798,630739,"2026 Irish Adventure - 9 Days/8 Nights - Tracy's Travels LLC - June 8, 2026",Active,"2026 Irish Adventure - 9 Days/8 Nights - Tracy's Travels LLC - June 8, 2026",2026-06-08,2026-06-08,2010-01-01,2026-12-31,SCH-IE-ADA,C,9,Y,N,AA/AAA,Y,N,,<Main><AirOffset>1</AirOffset><FromCity>NYC</FromCity><ToCity>DUB</ToCity><ReturnFromCity>DUB</ReturnFromCity><ReturnToCity>NYC</ReturnToCity></Main>,,,<Pre><First>Y</First></Pre>,<Post><Last>Y</Last></Post>,,ADA26,0,N,,40,,"<CarOver24Hrs>N</CarOver24Hrs><PrefCommMethod></PrefCommMethod><Destination>DUB,WAT,GAL,DER,KER</Destination><FlexPKGProfile>N</FlexPKGProfile>",Y,1900-01-01,Markle_M,2025-03-19 00:00:00.000,Lyons_S,2025-04-23 16:28:59.677,2025-04-28 19:00:19.260,2025-05-14 06:42:39.163,2025-04-28 19:00:19.260,0
16663,630739,"2026 Irish Adventure - 9 Days/8 Nights - Tracy's Travels LLC - June 8, 2026",Active,"2026 Irish Adventure - 9 Days/8 Nights - Tracy's Travels LLC - June 8, 2026",2026-06-08,2026-06-08,2010-01-01,2026-12-31,SCH-IE-ADA,C,9,Y,N,AA/AAA,Y,N,,<Main><AirOffset>1</AirOffset><FromCity>NYC</FromCity><ToCity>DUB</ToCity><ReturnFromCity>DUB</ReturnFromCity><ReturnToCity>NYC</ReturnToCity></Main>,,,<Pre><First>Y</First></Pre>,<Post><Last>Y</Last></Post>,,ADA26,0,N,,40,,"<CarOver24Hrs>N</CarOver24Hrs><PrefCommMethod></PrefCommMethod><Destination>DUB,WAT,GAL,DER,KER</Destination><FlexPKGProfile>N</FlexPKGProfile>",Y,1900-01-01,Markle_M,2025-03-19 00:00:00.000,Stynes_A,2025-05-13 14:19:58.707,2025-05-14 06:43:12.710,2025-07-29 04:43:22.807,2025-05-14 06:43:12.710,0
13730,630750,Kelly Group,Pending,Kelly Group,2026-06-01,2026-06-01,2025-03-19,2026-06-01,GRP-IE-WH,C,14,Y,N,N,Y,N,,,,,,,,IE-630750,0,Y,"L:5|7AA-0AA/0A,7.5|9.5AA-0AA/0A,10|12AA-0AA/0A,12.5|14.5AA-0AA/0A,15|17AA-0AA/0A,17.5|19.5AA-0AA/0A,20|22AA-0AA/0A,22.5|24AA-0AA/0A,48X;A:5|7AA-0AA/0A,7.5|9.5AA-0AA/0A,10|12AA-0AA/0A,12.5|14.5AA-0AA/0A,15|17AA-0AA/0A,17.5|19.5AA-0AA/0A,20|22AA-0AA/0A,22.5|24AA-0AA/0A,48X",20,,<CarOver24Hrs>N</CarOver24Hrs><FlexPKGProfile>N</FlexPKGProfile>,N,1900-01-01,Hager_W,2025-03-19 00:00:00.000,Smith_K,2025-03-19 15:59:59.207,2025-03-19 00:00:00.000,2025-09-30 05:40:07.783,2025-04-08 08:40:08.187,0
13834,631777,"2026 Scots Irish Tour - 11 Days/10 Nights - Dube Travel - September 15, 2026",Multi-Pending,"2026 Scots Irish Tour - 11 Days/10 Nights - Dube Travel - September 15, 2026",2026-09-15,2026-09-15,2010-01-01,2026-12-31,SCH-GB-SNA,C,11,Y,N,AA/AAA,Y,N,,<Main><AirOffset>1</AirOffset><FromCity>NYC</FromCity><ToCity>EDI</ToCity><ReturnFromCity>SNN</ReturnFromCity><ReturnToCity>NYC</ReturnToCity><AirReturnOffset></AirReturnOffset></Main><AIWhoStamp>BigginsT</AIWhoStamp><AIDateStamp>2016-01-22 14:33:35.000</AIDateStamp>,,,<Pre><First>Y</First></Pre>,<Post><Last>Y</Last></Post>,,SNA26,0,N,,44,,"<CarOver24Hrs>N</CarOver24Hrs><PrefCommMethod></PrefCommMethod><Destination>INV,BEL,DON,CLA,NAI,ROS,EDI,DBL</Destination><FlexPKGProfile>N</FlexPKGProfile>",Y,1900-01-01,doig_l,2025-04-01 00:00:00.000,Davies_Ja,2025-04-01 21:11:49.947,2025-04-01 00:00:00.000,2025-07-25 04:41:47.517,2025-04-08 08:40:08.187,0
15322,631777,"2026 Scots Irish Tour - 11 Days/10 Nights - Dube Travel - September 15, 2026",Multi-Expired,"2026 Scots Irish Tour - 11 Days/10 Nights - Dube Travel - September 15, 2026",2026-09-15,2026-09-15,2010-01-01,2026-12-31,SCH-GB-SNA,C,11,Y,N,AA/AAA,Y,N,,<Main><AirOffset>1</AirOffset><FromCity>NYC</FromCity><ToCity>EDI</ToCity><ReturnFromCity>SNN</ReturnFromCity><ReturnToCity>NYC</ReturnToCity><AirReturnOffset></AirReturnOffset></Main><AIWhoStamp>BigginsT</AIWhoStamp><AIDateStamp>2016-01-22 14:33:35.000</AIDateStamp>,,,<Pre><First>Y</First></Pre>,<Post><Last>Y</Last></Post>,,SNA26,0,N,,44,,"<CarOver24Hrs>N</CarOver24Hrs><PrefCommMethod></PrefCommMethod><Destination>INV,BEL,DON,CLA,NAI,ROS,EDI,DBL</Destination><FlexPKGProfile>N</FlexPKGProfile>",Y,1900-01-01,doig_l,2025-04-01 00:00:00.000,doig_l,2025-04-14 22:26:49.830,2025-04-15 09:44:58.910,2025-05-31 06:46:34.090,2025-04-15 09:44:58.910,0
17232,631777,"2026 Scots Irish Tour - 11 Days/10 Nights - Dube Travel - September 15, 2026",Multi-Expired,"2026 Scots Irish Tour - 11 Days/10 Nights - Dube Travel - September 15, 2026",2026-09-15,2026-09-15,2010-01-01,2026-12-31,SCH-GB-SNA,C,11,Y,N,AA/AAA,Y,N,,<Main><AirOffset>1</AirOffset><FromCity>NYC</FromCity><ToCity>EDI</ToCity><ReturnFromCity>SNN</ReturnFromCity><ReturnToCity>NYC</ReturnToCity><AirReturnOffset></AirReturnOffset></Main><AIWhoStamp>BigginsT</AIWhoStamp><AIDateStamp>2016-01-22 14:33:35.000</AIDateStamp>,,,<Pre><First>Y</First></Pre>,<Post><Last>Y</Last></Post>,,SNA26,0,N,,44,,"<CarOver24Hrs>N</CarOver24Hrs><PrefCommMethod></PrefCommMethod><Destination>INV,BEL,DON,CLA,NAI,ROS,EDI,DBL</Destination><FlexPKGProfile>N</FlexPKGProfile>",Y,1900-01-01,doig_l,2025-04-01 00:00:00.000,Lyons_S,2025-05-22 13:52:47.763,2025-05-23 06:31:23.863,2025-05-31 06:46:34.090,2025-05-23 06:31:23.863,0
17772,631777,"2026 Scots Irish Tour - 11 Days/10 Nights - Dube Travel - September 15, 2026",Multi-Expired,"2026 Scots Irish Tour - 11 Days/10 Nights - Dube Travel - September 15, 2026",2026-09-15,2026-09-15,2010-01-01,2026-12-31,SCH-GB-SNA,C,11,Y,N,AA/AAA,Y,N,,<Main><AirOffset>1</AirOffset><FromCity>NYC</FromCity><ToCity>EDI</ToCity><ReturnFromCity>SNN</ReturnFromCity><ReturnToCity>NYC</ReturnToCity><AirReturnOffset></AirReturnOffset></Main><AIWhoStamp>BigginsT</AIWhoStamp><AIDateStamp>2016-01-22 14:33:35.000</AIDateStamp>,,,<Pre><First>Y</First></Pre>,<Post><Last>Y</Last></Post>,,SNA26,0,N,,44,,"<CarOver24Hrs>N</CarOver24Hrs><PrefCommMethod></PrefCommMethod><Destination>INV,BEL,DON,CLA,NAI,ROS,EDI,DBL</Destination><FlexPKGProfile>N</FlexPKGProfile>",Y,1900-01-01,doig_l,2025-04-01 00:00:00.000,Foster_S,2025-05-29 14:17:31.900,2025-05-30 06:58:40.317,2025-05-31 06:46:34.090,2025-05-30 06:58:40.317,0
17895,631777,"2026 Scots Irish Tour - 11 Days/10 Nights - Dube Travel - September 15, 2026",Multi-Expired,"2026 Scots Irish Tour - 11 Days/10 Nights - Dube Travel - September 15, 2026",2026-09-15,2026-09-15,2010-01-01,2026-12-31,SCH-GB-SNA,C,11,Y,N,AA/AAA,Y,N,,<Main><AirOffset>1</AirOffset><FromCity>NYC</FromCity><ToCity>EDI</ToCity><ReturnFromCity>SNN</ReturnFromCity><ReturnToCity>NYC</ReturnToCity><AirReturnOffset></AirReturnOffset></Main><AIWhoStamp>BigginsT</AIWhoStamp><AIDateStamp>2016-01-22 14:33:35.000</AIDateStamp>,,,<Pre><First>Y</First></Pre>,<Post><Last>Y</Last></Post>,,SNA26,0,N,,44,,"<CarOver24Hrs>N</CarOver24Hrs><PrefCommMethod></PrefCommMethod><Destination>INV,BEL,DON,CLA,NAI,ROS,EDI,DBL</Destination><FlexPKGProfile>N</FlexPKGProfile>",Y,1900-01-01,doig_l,2025-04-01 00:00:00.000,Tancred_E,2025-05-30 09:03:36.287,2025-05-31 06:47:11.173,2026-01-22 06:32:44.997,2025-05-31 06:47:11.173,0
13835,631785,"2026 Evergreen Ireland South - 7 Days/6 Nights - Love Our World Travel - February 22, 2026",Pending,"2026 Evergreen Ireland South - 7 Days/6 Nights - Love Our World Travel - February 22, 2026",2026-02-22,2026-02-22,2010-01-01,2026-12-31,SCH-IE-EVS,C,7,Y,N,AA/AAA,Y,N,,<Main><AirOffset>1</AirOffset><FromCity>NYC</FromCity><ToCity>DUB</ToCity><ReturnFromCity>DUB</ReturnFromCity><ReturnToCity>NYC</ReturnToCity></Main>,,,<Pre><First>Y</First></Pre>,,,EVS26,0,N,,40,,"<CarOver24Hrs>N</CarOver24Hrs><PrefCommMethod></PrefCommMethod><Destination>WAT,DUB,CLA,KER</Destination><FlexPKGProfile>N</FlexPKGProfile>",Y,1900-01-01,Wilson_N,2025-04-01 00:00:00.000,Davies_Ja,2025-04-01 21:36:06.357,2025-04-01 00:00:00.000,2025-07-25 04:41:47.517,2025-04-08 08:40:08.187,0
15151,632297,"2026 Irish Legends - 10 Days/9 Nights - ET Family Travel - July 17, 2026",Pending,"2026 Irish Legends - 10 Days/9 Nights - ET Family Travel - July 17, 2026",2026-07-17,2026-07-17,2010-01-01,2026-12-31,SCH-IE-LEA,C,10,Y,N,AA/AAA,Y,N,,<Main><AirOffset>1</AirOffset><FromCity>NYC</FromCity><ToCity>DUB</ToCity><ReturnFromCity>DUB</ReturnFromCity><ReturnToCity>NYC</ReturnToCity></Main>,,,<Pre><Service><ProductCode>IEPRENIGHTS</ProductCode><SupplierID>IE-MEA-DCA</SupplierID><ServiceID>STD-SBB</ServiceID></Service></Pre>,<Post><Last>Y</Last></Post>,,LEA26,0,N,,10,,"<CarOver24Hrs>N</CarOver24Hrs><PrefCommMethod></PrefCommMethod><Destination>GAL,KIK,MEA,DUB,KER</Destination><FlexPKGProfile>N</FlexPKGProfile>",Y,1900-01-01,Wilson_N,2025-04-09 00:00:00.000,Davies_Ja,2025-04-09 19:35:44.127,2025-04-09 00:00:00.000,2025-07-25 04:41:47.517,2025-04-10 08:06:55.350,0
15335,632297,"2026 Irish Legends - 10 Days/9 Nights - ET Family Travel - July 17, 2026",Pending,"2026 Irish Legends - 10 Days/9 Nights - ET Family Travel - July 17, 2026",2026-07-17,2026-07-17,2010-01-01,2026-12-31,SCH-IE-LEA,C,10,Y,N,AA/AAA,Y,N,,<Main><AirOffset>1</AirOffset><FromCity>NYC</FromCity><ToCity>DUB</ToCity><ReturnFromCity>DUB</ReturnFromCity><ReturnToCity>NYC</ReturnToCity></Main>,,,<Pre><Service><ProductCode>IEPRENIGHTS</ProductCode><SupplierID>IE-MEA-DCA</SupplierID><ServiceID>STD-SBB</ServiceID></Service></Pre>,<Post><Last>Y</Last></Post>,,LEA26,0,N,,10,,"<CarOver24Hrs>N</CarOver24Hrs><PrefCommMethod></PrefCommMethod><Destination>GAL,KIK,MEA,DUB,KER</Destination><FlexPKGProfile>N</FlexPKGProfile>",Y,1900-01-01,Wilson_N,2025-04-09 00:00:00.000,Douglas_P,2025-04-14 11:35:54.263,2025-04-15 09:44:58.910,2025-07-25 04:41:47.517,2025-04-15 09:44:58.910,0
15351,632538,"2025 Scots Irish Tour - 11 Days/10 Nights - NACTA Travel - October 14, 2025",Pending,"2025 Scots Irish Tour - 11 Days/10 Nights - NACTA Travel - October 14, 2025",2025-10-14,2025-10-14,2010-01-01,2025-12-31,SCH-GB-SNA,C,11,Y,N,AA/AAA,Y,N,,<Main><AirOffset>1</AirOffset><FromCity>NYC</FromCity><ToCity>EDI</ToCity><ReturnFromCity>SNN</ReturnFromCity><ReturnToCity>NYC</ReturnToCity><AirReturnOffset></AirReturnOffset></Main><AIWhoStamp>BigginsT</AIWhoStamp><AIDateStamp>2016-01-22 14:33:35.000</AIDateStamp>,,,<Pre><First>Y</First></Pre>,<Post><Last>Y</Last></Post>,,SNA25,0,N,,42,,"<CarOver24Hrs>N</CarOver24Hrs><PrefCommMethod></PrefCommMethod><Destination>NAI,BEL,DON,CLA,ROS,EDI,DBL</Destination><FlexPKGProfile>N</FlexPKGProfile>",Y,1900-01-01,doig_l,2025-04-14 00:00:00.000,Davies_Ja,2025-04-14 15:25:32.043,2025-04-14 00:00:00.000,2025-07-25 04:41:47.517,2025-04-15 09:44:58.910,0
15474,632538,"2025 Scots Irish Tour- 11 Days/10 Nights- NACTA: The Celtic Cup- October 14, 2025",Active,"2025 Scots Irish Tour- 11 Days/10 Nights- NACTA: The Celtic Cup- October 14, 2025",2025-10-14,2025-10-14,2010-01-01,2025-12-31,SCH-GB-SNA,C,11,Y,N,AA/AAA,Y,N,,<Main><AirOffset>1</AirOffset><FromCity>NYC</FromCity><ToCity>EDI</ToCity><ReturnFromCity>SNN</ReturnFromCity><ReturnToCity>NYC</ReturnToCity><AirReturnOffset></AirReturnOffset></Main><AIWhoStamp>BigginsT</AIWhoStamp><AIDateStamp>2016-01-22 14:33:35.000</AIDateStamp>,,,<Pre><First>Y</First></Pre>,<Post><Last>Y</Last></Post>,,SNA25,0,N,,42,,"<CarOver24Hrs>N</CarOver24Hrs><PrefCommMethod></PrefCommMethod><Destination>NAI,BEL,DON,CLA,ROS,EDI,DBL</Destination><FlexPKGProfile>N</FlexPKGProfile>",Y,1900-01-01,doig_l,2025-04-14 00:00:00.000,doig_l,2025-04-15 22:11:48.383,2025-04-16 04:53:38.903,2025-07-25 04:41:47.517,2025-04-16 04:53:38.903,0
15352,632565,Iceland - Dream Vacations,Pending,Iceland - Dream Vacations,2026-08-31,2026-08-31,2025-04-14,2026-08-31,GRP-EU-KS,C,5,Y,N,N,Y,N,,,,,,,,EU-632565,0,Y,"L:5|7AA-0AA/0A,7.5|9.5AA-0AA/0A,10|12AA-0AA/0A,12.5|14.5AA-0AA/0A,15|17AA-0AA/0A,17.5|19.5AA-0AA/0A,20|22AA-0AA/0A,22.5|24AA-0AA/0A,48X;A:5|7AA-0AA/0A,7.5|9.5AA-0AA/0A,10|12AA-0AA/0A,12.5|14.5AA-0AA/0A,15|17AA-0AA/0A,17.5|19.5AA-0AA/0A,20|22AA-0AA/0A,22.5|24AA-0AA/0A,48X",10,,<CarOver24Hrs>N</CarOver24Hrs><FlexPKGProfile>N</FlexPKGProfile>,N,1900-01-01,Smith_K,2025-04-14 00:00:00.000,Smith_K,2025-04-14 16:48:34.133,2025-04-14 00:00:00.000,2025-07-25 04:41:47.517,2025-04-15 09:44:58.910,0
15475,632565,Iceland - Dream Vacations,Internal,Iceland - Dream Vacations,2026-08-31,2026-08-31,2025-04-14,2026-08-31,GRP-EU-KS,C,5,Y,N,N,Y,N,,,,,,,,EU-632565,0,Y,"L:5|7AA-0AA/0A,14X;A:5|7AA-0AA/0A,14X",10,,<CarOver24Hrs>N</CarOver24Hrs><FlexPKGProfile>N</FlexPKGProfile>,Y,1900-01-01,Smith_K,2025-04-14 00:00:00.000,Smith_K,2025-04-15 15:10:42.433,2025-04-16 04:53:38.903,2025-07-25 04:41:47.517,2025-04-16 04:53:38.903,0
16016,632565,Iceland - Dream Vacations,Internal,Iceland - Dream Vacations,2026-08-31,2026-08-31,2025-04-14,2026-06-17,GRP-EU-KS,C,5,Y,N,AA,Y,N,,,,,,,,EU-632565,0,Y,"L:5|7AA-0AA/0A,14X;A:5|7AA-0AA/0A,14X",10,,<CarOver24Hrs>N</CarOver24Hrs><FlexPKGProfile>N</FlexPKGProfile>,Y,1900-01-01,Smith_K,2025-04-14 00:00:00.000,Mahoney_he,2025-04-29 20:38:32.543,2025-04-30 04:33:14.220,2025-07-25 04:41:47.517,2025-04-30 04:33:14.220,0
17119,632565,Iceland - Dream Vacations,Internal,Iceland - Dream Vacations,2026-08-29,2026-08-29,2025-04-14,2026-08-29,GRP-EU-KS,C,5,Y,N,AA,Y,N,,,,,,,,EU-632565,0,Y,"L:5|7AA-0AA/0A,14X;A:5|7AA-0AA/0A,14X",10,,<CarOver24Hrs>N</CarOver24Hrs><FlexPKGProfile>N</FlexPKGProfile>,Y,1900-01-01,Smith_K,2025-04-14 00:00:00.000,Smith_K,2025-05-21 15:15:17.760,2025-05-22 06:56:39.240,2025-07-25 04:41:47.517,2025-05-22 06:56:39.240,0
17360,632565,Iceland - Dream Vacations,Internal,Iceland - Dream Vacations,2026-08-29,2026-08-29,2025-04-14,2026-06-15,GRP-EU-KS,C,5,Y,N,AA,Y,N,,,,,,,,EU-632565,0,Y,"L:5|7AA-0AA/0A,14X;A:5|7AA-0AA/0A,14X",10,,<CarOver24Hrs>N</CarOver24Hrs><FlexPKGProfile>N</FlexPKGProfile>,Y,1900-01-01,Smith_K,2025-04-14 00:00:00.000,Mahoney_he,2025-05-23 21:52:56.007,2025-05-24 06:26:39.947,2025-07-25 04:41:47.517,2025-05-24 06:26:39.947,0
18035,632565,Iceland - Dream Vacations,Active,Iceland - Dream Vacations,2026-08-29,2026-08-29,2025-04-14,2026-06-15,GRP-EU-KS,C,5,Y,N,AA,Y,N,,,,,,,,EU-632565,0,Y,"L:5|7AA-0AA/0A,14X;A:5|7AA-0AA/0A,14X",10,,<CarOver24Hrs>N</CarOver24Hrs><FlexPKGProfile>N</FlexPKGProfile>,Y,1900-01-01,Smith_K,2025-04-14 00:00:00.000,Mahoney_he,2025-06-02 22:13:45.163,2025-06-03 06:39:03.193,2025-07-25 04:41:47.517,2025-06-03 06:39:03.193,0
15353,632573,"2025 Irish Adventure - 8 Days/7 Nights - Beyond the Open Door Travel - September 17, 2025",Pending,"2025 Irish Adventure - 8 Days/7 Nights - Beyond the Open Door Travel - September 17, 2025",2025-09-17,2025-09-17,2010-01-01,2025-12-31,SCH-IE-ADA,C,8,Y,N,AA/AAA,Y,N,,<Main><AirOffset>1</AirOffset><FromCity>NYC</FromCity><ToCity>DUB</ToCity><ReturnFromCity>DUB</ReturnFromCity><ReturnToCity>NYC</ReturnToCity></Main>,,,<Pre><First>Y</First></Pre>,,,ADA25,0,N,,10,,"<CarOver24Hrs>N</CarOver24Hrs><PrefCommMethod></PrefCommMethod><Destination>DUB,WAT,GAL,DER,KER</Destination><FlexPKGProfile>N</FlexPKGProfile>",Y,1900-01-01,Markle_M,2025-04-14 00:00:00.000,Davies_Ja,2025-04-14 17:09:36.357,2025-04-14 00:00:00.000,2025-09-11 02:14:04.910,2025-04-15 09:44:58.910,0
15354,632575,"2025  Irish Gold - 8 Days/7 Nights - Beyond the Open Door Travel - September 21, 2025",Multi-Pending,"2025  Irish Gold - 8 Days/7 Nights - Beyond the Open Door Travel - September 21, 2025",2025-09-21,2025-09-21,2010-01-01,2025-12-31,SCH-IE-GOA,C,8,Y,N,AA/AAA,Y,N,,<Main><AirOffset>1</AirOffset><FromCity>NYC</FromCity><ToCity>DUB</ToCity><ReturnFromCity>DUB</ReturnFromCity><ReturnToCity>NYC</ReturnToCity></Main>,,,<Pre><First>Y</First></Pre>,,,GOA25,0,N,,10,,"<CarOver24Hrs>N</CarOver24Hrs><PrefCommMethod></PrefCommMethod><Destination>WAT,GAL,DUB,KER</Destination><FlexPKGProfile>N</FlexPKGProfile>",Y,1900-01-01,Markle_M,2025-04-14 00:00:00.000,Davies_Ja,2025-04-14 17:11:55.790,2025-04-14 00:00:00.000,2025-09-11 02:14:04.910,2025-04-15 09:44:58.910,0
15355,632581,"2026 Taste of Ireland (Tour A) - 7 Days/6 Nights - Travel Leaders Discovery - August 2, 2026",Pending,"2026 Taste of Ireland (Tour A) - 7 Days/6 Nights - Travel Leaders Discovery - August 2, 2026",2026-08-02,2026-08-02,2010-01-01,2026-12-31,SCH-IE-TAA,C,7,Y,N,AA/AAA,Y,N,,<Main><AirOffset>1</AirOffset><FromCity>NYC</FromCity><ToCity>DUB</ToCity><ReturnFromCity>DUB</ReturnFromCity><ReturnToCity>NYC</ReturnToCity></Main>,,,<Pre><First>Y</First></Pre>,<Post><Last>Y</Last></Post>,,TAA26,0,N,,36,,"<CarOver24Hrs>N</CarOver24Hrs><PrefCommMethod></PrefCommMethod><Destination>LIM,DUB,KER</Destination><FlexPKGProfile>N</FlexPKGProfile>",Y,1900-01-01,Markle_M,2025-04-14 00:00:00.000,Davies_Ja,2025-04-14 18:25:50.910,2025-04-14 00:00:00.000,2025-07-25 04:41:47.517,2025-04-15 09:44:58.910,0
15853,632581,"2026 Taste of Ireland (Tour A) - 7 Days/6 Nights - Travel Leaders Discovery - August 2, 2026",Pending,"2026 Taste of Ireland (Tour A) - 7 Days/6 Nights - Travel Leaders Discovery - August 2, 2026",2026-08-02,2026-08-02,2010-01-01,2026-12-31,SCH-IE-TAA,C,7,Y,N,AA/AAA,Y,N,,<Main><AirOffset>1</AirOffset><FromCity>NYC</FromCity><ToCity>DUB</ToCity><ReturnFromCity>DUB</ReturnFromCity><ReturnToCity>NYC</ReturnToCity></Main>,,,<Pre><First>Y</First></Pre>,<Post><Last>Y</Last></Post>,,TAA26,0,N,,36,,"<CarOver24Hrs>N</CarOver24Hrs><PrefCommMethod></PrefCommMethod><Destination>LIM,DUB,KER</Destination><FlexPKGProfile>N</FlexPKGProfile>",Y,1900-01-01,Markle_M,2025-04-14 00:00:00.000,Douglas_P,2025-04-17 15:18:00.663,2025-04-28 19:00:19.260,2025-07-25 04:41:47.517,2025-04-28 19:00:19.260,0
16404,632581,"2026 Taste of Ireland (Tour A) - 7 Days/6 Nights - Travel Leaders Discovery - August 2, 2026",Expired,"2026 Taste of Ireland (Tour A) - 7 Days/6 Nights - Travel Leaders Discovery - August 2, 2026",2026-08-02,2026-08-02,2010-01-01,2026-12-31,SCH-IE-TAA,C,7,Y,N,AA/AAA,Y,N,,<Main><AirOffset>1</AirOffset><FromCity>NYC</FromCity><ToCity>DUB</ToCity><ReturnFromCity>DUB</ReturnFromCity><ReturnToCity>NYC</ReturnToCity></Main>,,,<Pre><First>Y</First></Pre>,<Post><Last>Y</Last></Post>,,TAA26,0,N,,36,,"<CarOver24Hrs>N</CarOver24Hrs><PrefCommMethod></PrefCommMethod><Destination>LIM,DUB,KER</Destination><FlexPKGProfile>N</FlexPKGProfile>",Y,1900-01-01,Markle_M,2025-04-14 00:00:00.000,Caldeira_N,2025-05-07 14:23:09.057,2025-05-08 04:34:50.883,2025-08-12 05:13:27.650,2025-05-08 04:34:50.883,0
15481,632688,"2026 Best of Ireland South (Tour A) - 8 Days/7 Nights - Oasis Travel Network - March 19, 2026",Multi-Pending,"2026 Best of Ireland South (Tour A) - 8 Days/7 Nights - Oasis Travel Network - March 19, 2026",2026-03-19,2026-03-19,2010-01-01,2026-12-31,SCH-IE-ISA,C,8,Y,N,AA/AAA,Y,N,,<Main><AirOffset>1</AirOffset><FromCity>NYC</FromCity><ToCity>DUB</ToCity><ReturnFromCity>DUB</ReturnFromCity><ReturnToCity>NYC</ReturnToCity></Main>,,,<Pre><First>Y</First></Pre>,<Post><Last>Y</Last></Post>,,ISA26,0,N,,26,,"<CarOver24Hrs>N</CarOver24Hrs><PrefCommMethod></PrefCommMethod><Destination>DUB,CLA,KER</Destination><FlexPKGProfile>N</FlexPKGProfile>",Y,1900-01-01,doig_l,2025-04-15 00:00:00.000,Davies_Ja,2025-04-15 20:25:43.703,2025-04-15 00:00:00.000,2025-07-25 04:41:47.517,2025-04-16 04:53:38.903,0
16452,632688,"2026 Best of Ireland South (Tour A) - 8 Days/7 Nights - Oasis Travel Network - March 19, 2026",Multi-Expired,"2026 Best of Ireland South (Tour A) - 8 Days/7 Nights - Oasis Travel Network - March 19, 2026",2026-03-19,2026-03-19,2010-01-01,2026-12-31,SCH-IE-ISA,C,8,Y,N,AA/AAA,Y,N,,<Main><AirOffset>1</AirOffset><FromCity>NYC</FromCity><ToCity>DUB</ToCity><ReturnFromCity>DUB</ReturnFromCity><ReturnToCity>NYC</ReturnToCity></Main>,,,<Pre><First>Y</First></Pre>,<Post><Last>Y</Last></Post>,,ISA26,0,N,,26,,"<CarOver24Hrs>N</CarOver24Hrs><PrefCommMethod></PrefCommMethod><Destination>DUB,CLA,KER</Destination><FlexPKGProfile>N</FlexPKGProfile>",Y,1900-01-01,doig_l,2025-04-15 00:00:00.000,Davies_Ja,2025-05-08 20:49:10.780,2025-05-09 04:35:46.410,2025-08-30 06:02:13.970,2025-05-09 04:35:46.410,0
15482,632689,"2026 Ireland South Daytripper - 8 Days/7 Nights - Oasis Travel Network - March 22, 2026",Multi-Pending,"2026 Ireland South Daytripper - 8 Days/7 Nights - Oasis Travel Network - March 22, 2026",2026-03-22,2026-03-22,2010-01-01,2026-12-31,SCH-IE-IDA,C,8,Y,N,AA,Y,N,,<Main><AirOffset>1</AirOffset><FromCity>NYC</FromCity><ToCity>SNN</ToCity><ReturnFromCity>DUB</ReturnFromCity><ReturnToCity>NYC</ReturnToCity><AirReturnOffset></AirReturnOffset></Main><AIWhoStamp>Biggins_Tr</AIWhoStamp><AIDateStamp>2020-04-21 17:32:50.000</AIDateStamp>,,,<Pre><First>Y</First></Pre>,<Post><Last>Y</Last></Post>,,IDA26,0,N,,44,,"<CarOver24Hrs>N</CarOver24Hrs><PrefCommMethod></PrefCommMethod><Destination>LIM,DUB</Destination><FlexPKGProfile>N</FlexPKGProfile>",Y,1900-01-01,doig_l,2025-04-15 00:00:00.000,Davies_Ja,2025-04-15 20:27:09.613,2025-04-15 00:00:00.000,2025-06-18 05:51:19.710,2025-04-16 04:53:38.903,0
15483,632694,"2026 Taste of Scotland - 6 Days/5 Nights - Magic Cruises - August 4, 2026",Pending,"2026 Taste of Scotland - 6 Days/5 Nights - Magic Cruises - August 4, 2026",2026-08-04,2026-08-04,2010-01-01,2026-12-31,SCH-GB-SCA,C,6,Y,N,AA/AAA,Y,N,,<Main><AirOffset>1</AirOffset><FromCity>NYC</FromCity><ToCity>EDI</ToCity><ReturnFromCity>EDI</ReturnFromCity><ReturnToCity>NYC</ReturnToCity><AirReturnOffset></AirReturnOffset></Main><AIWhoStamp>Biggins_Tr</AIWhoStamp><AIDateStamp>2022-09-06 17:16:49.000</AIDateStamp>,,,<Pre><Service><ProductCode>UKPRENIGHTS</ProductCode><SupplierID>GB-GLA-GTH</SupplierID><ServiceID>STD-SBB</ServiceID></Service></Pre>,<Post><Last>Y</Last></Post>,,SCA26,0,N,,16,,"<CarOver24Hrs>N</CarOver24Hrs><PrefCommMethod></PrefCommMethod><Destination>GLA,NAI,EDI</Destination><FlexPKGProfile>N</FlexPKGProfile>",Y,1900-01-01,Wilson_N,2025-04-15 00:00:00.000,Davies_Ja,2025-04-15 22:08:41.057,2025-04-15 00:00:00.000,2025-12-19 06:30:24.337,2025-04-16 04:53:38.903,0
15560,632748,AAA SOUTH JERSEY,Pending,AAA SOUTH JERSEY,2026-10-12,2026-10-12,2025-04-16,2026-10-12,GRP-EU-WH,C,10,Y,N,N,Y,N,,,,,,,,EU-632748,0,Y,"L:5|7AA-0AA/0A,7.5|9.5AA-0AA/0A,10|12AA-0AA/0A,12.5|14.5AA-0AA/0A,15|17AA-0AA/0A,17.5|19.5AA-0AA/0A,20|22AA-0AA/0A,22.5|24AA-0AA/0A,48X;A:5|7AA-0AA/0A,7.5|9.5AA-0AA/0A,10|12AA-0AA/0A,12.5|14.5AA-0AA/0A,15|17AA-0AA/0A,17.5|19.5AA-0AA/0A,20|22AA-0AA/0A,22.5|24AA-0AA/0A,48X",20,,<CarOver24Hrs>N</CarOver24Hrs><FlexPKGProfile>N</FlexPKGProfile>,N,1900-01-01,Hager_W,2025-04-16 00:00:00.000,Hager_W,2025-04-16 17:37:03.547,2025-04-16 00:00:00.000,2025-08-14 05:16:50.557,2025-04-17 05:07:41.510,0
14991,ITPRENIGHTS,Italy pre/post nights,Loading,Italy pre/post nights,2018-01-01,2025-12-31,2018-09-26,2025-12-31,SCH-IT-PRENITE,L,0,N,N,N,Y,N,,,,,,,,,,N,,,,"<CarOver24Hrs>N</CarOver24Hrs><FlexPKGProfile>N</FlexPKGProfile><PrefCommMethod></PrefCommMethod><Destination>VCE,PMO,MTC</Destination>",N,1900-01-01,Biggins_Tr,2018-09-26 00:00:00.000,Lyons_S,2025-01-16 12:46:17.323,2018-09-26 00:00:00.000,2025-07-25 04:41:47.517,2025-04-08 08:40:08.187,0
16546,ITPRENIGHTS,Italy pre/post nights,Loading,Italy pre/post nights,2018-01-01,2026-12-31,2018-09-26,2026-12-31,SCH-IT-PRENITE,L,0,N,N,N,Y,N,,,,,,,,,,N,,,,"<CarOver24Hrs>N</CarOver24Hrs><FlexPKGProfile>N</FlexPKGProfile><PrefCommMethod></PrefCommMethod><Destination>VCE,PMO,MTC</Destination>",N,1900-01-01,Biggins_Tr,2018-09-26 00:00:00.000,Lyons_S,2025-05-09 16:38:43.457,2025-05-10 04:34:51.893,2025-12-23 06:32:04.900,2025-05-10 04:34:51.893,0
14992,KOM-EU-K010,"Warsaw, Berlin & Prague 7 Day/6 Night Coach Tour  ~ K010",Active,"Warsaw, Berlin & Prague 7 Day/6 Night Coach Tour  ~ K010",2015-01-01,2020-12-31,2009-10-30,2020-12-31,SCH-EU-K010,T,7,Y,N,N,Y,Y,,<Main><AirOffset>1</AirOffset><FromCity>NYC</FromCity><ToCity>WAW</ToCity><ReturnFromCity>PRG</ReturnFromCity><ReturnToCity>NYC</ReturnToCity></Main>,,,<Service><ProductCode>EUPRENIGHTS</ProductCode><SupplierID>PL-WAR-MER</SupplierID><ServiceID>STD-BB</ServiceID></Service>,<Service><ProductCode>EUPRENIGHTS</ProductCode><SupplierID>CZ-PRA-MAM</SupplierID><ServiceID>STD-BB</ServiceID></Service>,,K010,0,N,,,,<CarOver24Hrs>N</CarOver24Hrs><FlexPKGProfile>N</FlexPKGProfile>,Y,1900-01-01,McInerney_M,2009-10-30 00:00:00.000,Mccormack_C,2020-07-20 17:52:20.430,2009-10-30 00:00:00.000,9999-12-31 00:00:00.000,2025-04-08 08:40:08.187,1
14993,KOM-EU-K011,Little Tour of Russia 7 Day/6 Night Coach Tour ~ K011,Active,Little Tour of Russia 7 Day/6 Night Coach Tour ~ K011,2012-01-01,2020-12-31,2009-10-30,2020-12-31,SCH-EU-K011,T,7,Y,N,N,Y,Y,,<Main><AirOffset>1</AirOffset><FromCity>NYC</FromCity><ToCity>MOW</ToCity><ReturnFromCity>LED</ReturnFromCity><ReturnToCity>NYC</ReturnToCity></Main>,,,<Service><ProductCode>EUPRENIGHTS</ProductCode><SupplierID>RU-MOS-MAR</SupplierID><ServiceID>STD-BB</ServiceID></Service>,<Service><ProductCode>EUPRENIGHTS</ProductCode><SupplierID>RU-STP-AMB</SupplierID><ServiceID>STD-BB</ServiceID></Service>,,K011,0,N,,25,,<CarOver24Hrs>N</CarOver24Hrs><FlexPKGProfile>N</FlexPKGProfile>,Y,1900-01-01,McInerney_M,2009-10-30 00:00:00.000,Mccormack_C,2020-07-20 17:59:36.497,2009-10-30 00:00:00.000,9999-12-31 00:00:00.000,2025-04-08 08:40:08.187,1
14994,KOM-EU-K090,Once Upon A Time In Yugoslavia 14 Day/13 Night,Active,Once Upon A Time In Yugoslavia 14 Day/13 Night,2014-01-01,2021-12-31,2006-10-30,2021-12-31,SCH-EU-K090,T,14,Y,N,N,Y,Y,,<Main><AirOffset>1</AirOffset><FromCity>NYC</FromCity><ToCity>TIA</ToCity><ReturnFromCity>LJU</ReturnFromCity><ReturnToCity>NYC</ReturnToCity><AirReturnOffset></AirReturnOffset></Main><AIWhoStamp>Biggins_Tr</AIWhoStamp><AIDateStamp>2021-01-06 10:41:18.000</AIDateStamp>,,,,,,K090,0,N,,25,,<CarOver24Hrs>N</CarOver24Hrs><FlexPKGProfile>N</FlexPKGProfile>,N,1900-01-01,Tsao_R,2020-08-11 00:00:00.000,Tsao_R,2020-11-30 16:29:08.797,2020-08-11 00:00:00.000,9999-12-31 00:00:00.000,2025-04-08 08:40:08.187,1
14995,KOM-EU-K100-8D,"Venice, Florence, Rome  8 Day/7 Night Coach Tour ~ K100",Closed,"Venice, Florence, Rome  8 Day/7 Night Coach Tour ~ K100",2011-01-01,2019-12-31,2009-10-30,2019-12-31,SCH-EU-K100,T,8,Y,N,N,Y,Y,,<Main><AirOffset>1</AirOffset><FromCity>NYC</FromCity><ToCity>VCE</ToCity><ReturnFromCity>ROM</ReturnFromCity><ReturnToCity>NYC</ReturnToCity></Main>,,,<Service><ProductCode>EUPRENIGHTS</ProductCode><SupplierID>IT-VEN-CAR</SupplierID><ServiceID>STD-BB</ServiceID></Service>,<Service><ProductCode>EUPRENIGHTS</ProductCode><SupplierID>IT-ROM-PAL</SupplierID><ServiceID>STD-BB</ServiceID></Service>,,K100,0,N,,25,,<CarOver24Hrs>N</CarOver24Hrs><FlexPKGProfile>N</FlexPKGProfile>,Y,1900-01-01,McInerney_M,2010-12-08 00:00:00.000,Ifraimov_j,2019-05-17 22:18:35.583,2010-12-08 00:00:00.000,9999-12-31 00:00:00.000,2025-04-08 08:40:08.187,1
